bin	Rat2	Rat4	Rat5	Rat8	Rat10	Rat12	Rat13	Rat16	Rat18	Rat21	Rat23	Rat24	Rat25	Rat26	Rat29	Rat32	Rat34	Rat39	Rat40	Rat41	Rat47	Rat50	Rat51	Rat52	Rat57	Rat60	Rat61	Rat120	Rat122	Rat123	Rat124	Rat125	Rat127	Rat128	Rat137	Rat138	Rat139	Rat140	Rat141	Rat142	Rat143	Rat187	Rat197	Rat198	Rat201	Rat222	Rat225	Rat226	Rat230	Rat231	Rat236	Rat237	Rat238
Rat10_bin.1	NA	0.00181387	NA	NA	0.00131090	NA	NA	0.00046176	NA	NA	NA	NA	NA	0.00151388	NA	0.00260502	NA	NA	NA	NA	NA	NA	NA	0.00233524	NA	NA	0.00082627	NA	NA	NA	NA	NA	NA	NA	NA	NA	NA	NA	NA	NA	NA	NA	NA	NA	NA	NA	NA	NA	NA	NA	NA	NA	0.00102787
Rat10_bin.10	NA	NA	NA	0.00187136	0.00117540	0.00070918	NA	NA	NA	NA	NA	0.00145426	NA	NA	NA	NA	NA	NA	0.00184874	NA	NA	NA	NA	0.00102248	NA	NA	NA	NA	NA	NA	NA	NA	NA	NA	NA	NA	NA	NA	NA	NA	NA	NA	NA	NA	NA	0.00288094	NA	NA	0.00087769	NA	NA	NA	NA
Rat10_bin.11	NA	NA	NA	NA	0.00115181	0.00087094	0.00189143	0.00107305	NA	NA	NA	NA	NA	NA	NA	NA	NA	NA	NA	NA	NA	NA	NA	NA	NA	NA	NA	NA	NA	NA	NA	NA	NA	NA	NA	NA	NA	NA	0.00106468	NA	NA	NA	NA	NA	NA	NA	NA	NA	NA	NA	NA	NA	0.00515697
Rat10_bin.13	NA	NA	NA	NA	0.00177321	NA	NA	NA	NA	NA	NA	NA	NA	NA	NA	NA	NA	NA	NA	NA	NA	NA	NA	NA	NA	NA	NA	NA	NA	NA	NA	NA	NA	NA	NA	NA	NA	NA	NA	NA	NA	NA	NA	NA	NA	NA	NA	NA	NA	NA	NA	NA	NA
Rat10_bin.14	0.00385177	0.00456247	NA	NA	0.00163683	0.00305226	0.00401477	0.00347635	NA	0.00198212	NA	NA	NA	0.00617451	NA	0.00734843	NA	NA	0.00716495	NA	0.00337225	0.00381444	0.00468592	NA	0.00391539	0.00362093	0.00332333	NA	NA	NA	NA	NA	NA	NA	NA	NA	NA	NA	0.00085401	0.00133002	NA	NA	NA	0.00485810	NA	NA	NA	NA	NA	NA	NA	NA	0.00066599
Rat10_bin.16	0.00242830	NA	NA	NA	0.00276028	0.00350494	0.00232228	0.00381852	NA	NA	NA	NA	NA	NA	NA	NA	NA	NA	NA	NA	NA	NA	NA	NA	NA	NA	NA	NA	NA	NA	NA	NA	NA	NA	NA	NA	NA	NA	NA	NA	NA	NA	NA	NA	NA	NA	NA	NA	NA	NA	NA	NA	NA
Rat10_bin.18	NA	NA	NA	NA	0.00122209	0.00105627	NA	NA	NA	NA	NA	NA	NA	NA	NA	NA	NA	NA	NA	NA	NA	NA	NA	NA	NA	NA	NA	NA	0.00138767	NA	NA	NA	NA	0.00168196	NA	0.00080252	NA	NA	NA	NA	NA	NA	NA	NA	NA	NA	NA	NA	NA	NA	NA	NA	NA
Rat10_bin.2	0.00510738	NA	NA	NA	0.00056722	0.00257217	0.00111936	0.00106044	NA	NA	NA	NA	NA	NA	NA	NA	NA	NA	NA	NA	NA	NA	NA	NA	NA	NA	NA	NA	NA	NA	NA	NA	NA	NA	NA	NA	NA	NA	NA	NA	NA	NA	NA	NA	NA	NA	NA	NA	NA	NA	NA	NA	NA
Rat10_bin.21	0.00542962	0.00465296	NA	NA	0.00241294	0.00360611	0.00389638	0.00298503	NA	0.00456849	NA	NA	NA	0.00503366	NA	0.00493249	NA	NA	0.00346239	NA	0.00505788	0.00260196	0.00544836	NA	0.00313996	0.00570093	NA	NA	NA	NA	NA	NA	NA	NA	NA	NA	NA	NA	NA	0.00281906	NA	NA	NA	NA	NA	NA	0.00384443	NA	NA	NA	NA	NA	NA
Rat10_bin.22	NA	NA	NA	NA	0.00173199	NA	0.00437232	NA	NA	NA	0.00757591	0.00295240	NA	NA	0.00381941	NA	0.00865336	0.01213074	NA	NA	NA	NA	NA	NA	NA	NA	NA	NA	NA	NA	NA	NA	0.00768203	0.01623506	0.00186128	NA	NA	NA	0.00632880	NA	NA	NA	NA	NA	NA	NA	NA	NA	NA	NA	NA	NA	0.00344645
Rat10_bin.23	NA	NA	NA	NA	0.00333568	0.00271603	NA	NA	NA	NA	NA	NA	0.00696866	NA	NA	NA	NA	0.00282904	NA	NA	NA	NA	NA	NA	NA	NA	NA	NA	0.00317992	NA	NA	NA	NA	0.00348285	NA	NA	NA	NA	0.00536571	0.00223481	NA	NA	NA	NA	NA	NA	NA	NA	NA	NA	NA	NA	NA
Rat10_bin.25	0.00140316	0.00186509	NA	NA	0.00223413	0.00141408	NA	0.00152558	NA	NA	NA	NA	NA	0.00114711	NA	NA	NA	NA	NA	NA	NA	NA	NA	0.00073245	NA	NA	NA	NA	NA	NA	NA	NA	NA	NA	NA	NA	NA	NA	NA	NA	NA	NA	NA	NA	NA	NA	NA	NA	NA	NA	NA	NA	NA
Rat10_bin.26	NA	NA	NA	NA	0.00325663	0.00319258	NA	NA	NA	NA	NA	NA	NA	NA	NA	NA	0.00598972	NA	NA	NA	NA	NA	NA	NA	NA	NA	NA	NA	NA	NA	NA	NA	NA	NA	NA	NA	NA	0.00293906	NA	NA	NA	NA	NA	NA	NA	NA	NA	NA	NA	NA	NA	NA	NA
Rat10_bin.27	0.01652111	0.01025219	0.03417727	0.03528125	0.00543463	0.00641926	0.01541467	0.01551287	0.03734866	0.00912974	0.03804197	0.02568838	0.03209682	NA	0.02030408	NA	0.02192739	0.01241443	NA	NA	NA	NA	NA	0.01065250	NA	NA	NA	0.03953370	NA	0.03082607	0.03576378	0.01807187	0.02535541	0.01826462	0.03333812	0.02406811	0.02829293	0.02153859	0.01335920	NA	0.01705139	NA	0.02408529	NA	NA	0.02798563	0.01836568	0.01689056	NA	0.01667515	NA	0.02693121	NA
Rat10_bin.28	NA	NA	NA	NA	0.00218627	0.00312226	NA	NA	NA	NA	NA	NA	NA	NA	NA	NA	NA	NA	NA	NA	NA	NA	NA	NA	NA	NA	NA	NA	NA	NA	NA	NA	NA	NA	NA	NA	NA	NA	NA	NA	NA	NA	0.00797209	NA	NA	NA	NA	NA	NA	NA	NA	NA	NA
Rat10_bin.3	NA	NA	NA	NA	0.00103265	0.00123527	NA	NA	NA	NA	NA	NA	NA	NA	NA	NA	NA	NA	NA	NA	NA	NA	NA	NA	NA	NA	NA	NA	NA	NA	NA	NA	NA	NA	NA	NA	NA	NA	NA	NA	NA	NA	NA	NA	NA	NA	NA	NA	NA	NA	NA	NA	NA
Rat10_bin.31	0.00633159	0.00527531	NA	NA	0.00438536	0.00293347	0.00642016	NA	NA	NA	NA	NA	NA	0.00261311	NA	NA	NA	NA	NA	NA	0.00448012	NA	NA	NA	NA	NA	NA	NA	NA	NA	NA	NA	NA	NA	NA	NA	NA	NA	0.00502206	0.00488911	NA	NA	NA	NA	NA	NA	NA	NA	NA	NA	NA	NA	NA
Rat10_bin.32	0.00318610	0.00238582	NA	NA	0.00210749	0.00337920	0.00364747	0.00254535	NA	NA	NA	NA	NA	0.00352321	NA	0.00389446	NA	NA	0.00399041	NA	0.00256608	0.00332999	0.00333039	0.00227149	0.00130979	0.00148258	0.00118307	NA	NA	NA	NA	NA	NA	NA	NA	NA	NA	NA	NA	NA	NA	NA	NA	NA	NA	NA	NA	NA	NA	NA	NA	NA	NA
Rat10_bin.36	NA	NA	NA	NA	0.00136903	NA	NA	0.00077566	NA	NA	NA	NA	NA	NA	NA	NA	NA	NA	NA	NA	NA	NA	NA	NA	NA	NA	NA	NA	NA	NA	NA	NA	NA	NA	NA	NA	NA	NA	NA	NA	NA	NA	NA	NA	NA	NA	NA	NA	NA	NA	NA	NA	NA
Rat10_bin.37	0.00060709	0.00102508	NA	NA	0.00110276	0.00129911	0.00055686	0.00078491	0.01780692	0.00104114	NA	0.00861598	0.01732893	NA	NA	NA	NA	0.01435178	NA	0.00225023	NA	NA	NA	NA	NA	NA	NA	NA	NA	NA	NA	NA	NA	NA	NA	NA	NA	NA	NA	NA	NA	NA	NA	NA	NA	NA	NA	NA	NA	NA	NA	NA	NA
Rat10_bin.39	0.01081166	0.01105691	0.01156203	0.02147179	0.00344819	0.00673267	0.00852339	0.01180226	0.03176781	NA	0.03369014	0.02293268	0.01419230	NA	0.01500134	NA	0.01261903	0.02590762	NA	0.02550077	NA	NA	NA	0.00868921	NA	NA	NA	0.03088257	NA	NA	NA	0.02388490	0.03090331	0.01945527	0.02132491	0.01688592	0.01994952	NA	NA	NA	0.03536297	NA	NA	NA	NA	NA	NA	NA	NA	NA	NA	NA	NA
Rat10_bin.40	NA	NA	0.00510946	NA	0.00454585	NA	NA	NA	NA	NA	NA	NA	NA	NA	NA	NA	NA	NA	NA	0.00291895	NA	NA	NA	NA	NA	NA	NA	NA	0.00258305	NA	NA	NA	NA	NA	NA	NA	NA	NA	NA	NA	NA	NA	NA	0.01076851	NA	0.00626894	0.00146824	0.00126074	NA	NA	NA	NA	NA
Rat10_bin.42	NA	NA	NA	NA	0.00072260	0.00088016	NA	NA	NA	NA	NA	NA	NA	NA	NA	NA	NA	NA	NA	NA	NA	NA	NA	NA	NA	NA	NA	NA	0.00180664	NA	NA	NA	NA	NA	NA	NA	NA	NA	NA	NA	NA	NA	NA	NA	NA	NA	NA	NA	NA	NA	NA	NA	NA
Rat10_bin.43	NA	NA	NA	NA	0.00169807	NA	NA	NA	NA	NA	0.00183936	NA	NA	NA	NA	NA	NA	NA	NA	NA	NA	NA	NA	0.00201224	NA	NA	NA	NA	NA	NA	NA	NA	NA	NA	NA	NA	NA	NA	NA	NA	NA	NA	NA	NA	NA	NA	NA	NA	NA	NA	NA	NA	NA
Rat10_bin.47	NA	NA	NA	0.01012323	0.00405011	NA	NA	NA	NA	NA	0.00198953	NA	NA	NA	NA	NA	NA	NA	NA	NA	NA	NA	NA	NA	NA	NA	NA	NA	NA	NA	NA	NA	NA	NA	NA	NA	NA	NA	NA	NA	NA	NA	0.00517843	NA	NA	NA	NA	NA	NA	NA	NA	NA	NA
Rat10_bin.49	0.00121759	NA	NA	NA	0.00109613	0.00121883	NA	NA	NA	NA	NA	NA	NA	NA	NA	NA	NA	NA	0.00135084	NA	0.00111618	NA	NA	NA	NA	NA	NA	NA	NA	NA	NA	NA	NA	NA	NA	NA	NA	NA	NA	NA	NA	NA	NA	NA	NA	NA	NA	NA	NA	NA	NA	NA	NA
Rat10_bin.5	0.00031572	NA	NA	NA	0.00148550	NA	NA	NA	NA	NA	NA	NA	NA	NA	NA	NA	NA	NA	NA	NA	NA	NA	NA	NA	NA	0.00093426	NA	NA	NA	NA	NA	NA	NA	NA	NA	NA	NA	NA	NA	NA	NA	NA	NA	NA	NA	NA	NA	NA	NA	NA	NA	NA	NA
Rat10_bin.50	NA	NA	NA	NA	0.00144507	NA	NA	NA	NA	NA	NA	NA	NA	NA	NA	NA	NA	NA	NA	NA	NA	NA	NA	NA	NA	NA	NA	NA	NA	NA	0.00421719	NA	NA	NA	NA	NA	NA	NA	NA	NA	NA	NA	NA	NA	NA	NA	NA	NA	NA	NA	NA	NA	NA
Rat10_bin.51	NA	NA	NA	NA	0.00161087	NA	0.00560559	0.00130641	NA	NA	NA	NA	NA	NA	NA	NA	NA	NA	NA	NA	NA	NA	NA	NA	NA	NA	NA	NA	NA	NA	NA	NA	NA	NA	NA	NA	NA	NA	NA	0.00116053	NA	NA	NA	NA	NA	NA	NA	NA	NA	NA	NA	NA	NA
Rat10_bin.53	0.00177935	NA	0.00269791	NA	0.00146710	NA	0.00128692	0.00058011	NA	NA	NA	NA	NA	NA	NA	NA	NA	NA	NA	NA	NA	NA	NA	0.00116008	NA	NA	NA	NA	NA	NA	NA	NA	NA	NA	NA	NA	NA	NA	NA	NA	0.00163680	NA	NA	NA	NA	NA	NA	NA	NA	0.00132743	NA	NA	NA
Rat10_bin.54	0.00150569	0.00597990	NA	NA	0.00146965	0.00473406	0.00280894	0.00413393	NA	0.00370935	NA	NA	NA	0.00380204	NA	0.00419120	NA	NA	0.00479029	NA	0.00165803	0.00278384	0.00219793	0.00168486	0.00219437	0.00154359	NA	NA	NA	NA	NA	NA	NA	NA	NA	NA	NA	NA	NA	NA	NA	NA	NA	NA	NA	NA	NA	NA	NA	NA	NA	NA	NA
Rat10_bin.55	0.00245576	0.00313677	0.00503767	0.00623278	0.00225856	0.00316723	0.00305092	0.00213890	0.00581177	0.00321561	NA	0.00699924	0.00562919	NA	NA	0.00364879	NA	NA	NA	NA	NA	NA	NA	0.00323689	NA	NA	0.00444473	NA	NA	NA	NA	NA	NA	NA	NA	NA	NA	NA	NA	0.00392244	NA	NA	NA	NA	NA	0.00585477	NA	0.00513178	0.00562724	NA	0.00280964	NA	NA
Rat10_bin.56	NA	NA	NA	NA	0.00252793	0.00182776	0.00203099	NA	NA	NA	NA	0.00303298	NA	NA	NA	NA	NA	NA	NA	NA	NA	NA	NA	NA	NA	NA	NA	NA	NA	NA	NA	NA	NA	NA	NA	NA	NA	NA	0.00241666	NA	NA	NA	NA	NA	NA	NA	NA	NA	NA	NA	NA	NA	NA
Rat10_bin.59	0.00327637	0.00299856	NA	0.00151438	0.00042880	0.00145963	0.00043576	0.00113479	0.00164833	NA	NA	0.00059609	0.00063142	NA	NA	NA	NA	NA	NA	NA	NA	NA	NA	NA	NA	NA	NA	NA	NA	NA	NA	NA	NA	NA	NA	NA	NA	NA	0.00086247	0.00045871	NA	NA	NA	NA	NA	0.00140332	NA	NA	NA	NA	NA	NA	0.00168092
Rat10_bin.61	NA	NA	NA	NA	0.00241128	0.00285736	NA	0.00299107	NA	NA	NA	NA	NA	0.00545674	NA	NA	NA	NA	NA	NA	NA	NA	NA	NA	NA	NA	NA	NA	NA	NA	NA	NA	NA	NA	NA	NA	NA	NA	0.00476952	NA	NA	NA	NA	0.00745441	NA	NA	NA	NA	NA	NA	NA	NA	NA
Rat10_bin.64	NA	0.00055795	NA	0.00054190	0.00276285	0.00172621	NA	0.00096569	NA	NA	NA	0.00223158	NA	NA	NA	NA	NA	NA	0.00339637	NA	NA	NA	NA	NA	NA	NA	NA	NA	NA	NA	NA	NA	NA	NA	NA	NA	NA	NA	NA	NA	NA	NA	NA	NA	NA	NA	NA	NA	NA	NA	NA	NA	NA
Rat10_bin.65	NA	NA	NA	NA	0.00254537	0.00159421	NA	0.00180832	NA	NA	NA	NA	NA	NA	NA	NA	NA	NA	NA	NA	NA	NA	NA	NA	NA	NA	NA	NA	NA	NA	NA	NA	NA	NA	NA	NA	NA	NA	NA	NA	NA	NA	NA	NA	NA	NA	NA	NA	NA	NA	NA	NA	NA
Rat10_bin.66	0.00438445	NA	NA	NA	0.00078583	0.00803487	0.00088123	NA	NA	NA	NA	NA	NA	NA	NA	NA	NA	NA	NA	NA	NA	NA	NA	NA	NA	NA	NA	NA	NA	NA	NA	NA	NA	NA	NA	NA	NA	NA	NA	NA	NA	NA	NA	NA	NA	NA	NA	NA	NA	NA	NA	NA	NA
Rat10_bin.67	0.00624668	NA	0.01577584	NA	0.00678197	0.00758523	0.00706805	0.00595307	0.01703190	NA	0.01947008	NA	NA	NA	0.01323697	NA	0.00926662	NA	NA	NA	NA	NA	NA	0.00325678	NA	NA	NA	NA	0.01564224	NA	0.01257197	NA	0.01496178	0.01536550	0.01641416	NA	NA	NA	NA	NA	0.01369534	NA	NA	NA	NA	NA	NA	NA	NA	NA	NA	NA	NA
Rat10_bin.68	NA	NA	NA	NA	0.00161412	NA	NA	NA	NA	NA	NA	NA	NA	NA	NA	NA	NA	NA	NA	NA	NA	NA	NA	NA	NA	NA	NA	NA	NA	NA	NA	NA	NA	NA	NA	NA	NA	NA	NA	NA	NA	NA	NA	NA	NA	NA	NA	NA	NA	NA	NA	NA	NA
Rat10_bin.69	NA	NA	NA	NA	0.00049228	NA	NA	0.00167898	NA	NA	NA	NA	NA	0.00329886	NA	NA	NA	NA	0.00068887	0.00079233	0.00057053	NA	NA	NA	NA	NA	NA	NA	NA	NA	NA	NA	NA	NA	NA	NA	NA	NA	NA	NA	NA	NA	NA	NA	NA	NA	NA	NA	NA	NA	NA	NA	NA
Rat10_bin.7	NA	NA	NA	NA	0.00118859	0.00522691	NA	NA	NA	NA	NA	NA	NA	NA	NA	NA	0.00079180	NA	NA	NA	NA	NA	NA	NA	NA	NA	NA	NA	NA	NA	NA	NA	NA	NA	NA	NA	NA	NA	NA	NA	NA	NA	NA	NA	NA	NA	NA	NA	0.00286830	NA	NA	NA	NA
Rat10_bin.70	NA	NA	0.02342471	0.03018255	0.00298570	0.00274581	NA	0.01642931	NA	NA	0.03188045	0.02582012	0.02975086	NA	0.02526954	NA	0.01277860	0.02445152	NA	NA	NA	NA	NA	NA	NA	NA	NA	NA	NA	NA	NA	NA	0.03011435	0.02671011	NA	NA	NA	NA	NA	NA	0.03152052	NA	NA	NA	NA	NA	NA	NA	NA	NA	NA	NA	NA
Rat10_bin.71	0.00301472	0.00421170	NA	NA	0.00228748	NA	0.00241358	0.00225830	NA	NA	NA	NA	NA	NA	NA	NA	NA	NA	0.00223674	NA	0.00219167	0.00317618	0.00208550	0.00185277	NA	0.00191896	0.00180371	NA	NA	NA	NA	NA	NA	NA	NA	NA	NA	NA	NA	0.00122127	NA	NA	NA	NA	NA	NA	NA	NA	NA	NA	NA	NA	NA
Rat120_bin.10	NA	NA	NA	NA	NA	NA	NA	NA	NA	NA	NA	0.00245911	0.00827179	NA	NA	NA	NA	NA	NA	0.00320514	NA	NA	NA	NA	NA	NA	NA	0.00038744	0.00098603	0.00038227	0.00076250	0.00107025	NA	0.00071768	NA	NA	NA	NA	NA	NA	NA	NA	NA	NA	NA	NA	0.00689080	NA	NA	NA	NA	NA	NA
Rat120_bin.12	NA	NA	NA	NA	NA	NA	NA	NA	NA	NA	NA	NA	NA	NA	NA	NA	NA	NA	NA	0.00774169	NA	NA	NA	NA	NA	NA	NA	0.00321728	0.00920610	0.00945315	NA	NA	NA	0.00885094	NA	NA	NA	NA	NA	NA	NA	NA	NA	NA	NA	NA	NA	NA	NA	NA	NA	NA	NA
Rat120_bin.13	NA	NA	NA	NA	NA	NA	NA	NA	0.00187716	NA	NA	NA	NA	NA	NA	NA	0.00104506	NA	NA	NA	NA	NA	NA	NA	NA	NA	NA	0.00400085	NA	NA	NA	NA	NA	NA	NA	NA	NA	NA	NA	NA	NA	NA	NA	NA	NA	NA	NA	NA	NA	NA	NA	NA	NA
Rat120_bin.14	NA	NA	NA	NA	NA	NA	NA	NA	NA	NA	NA	NA	NA	NA	NA	NA	NA	NA	NA	NA	NA	NA	NA	NA	NA	NA	NA	0.00098737	NA	NA	NA	0.00513477	NA	NA	NA	NA	NA	NA	NA	NA	0.00147416	NA	NA	NA	NA	NA	NA	NA	NA	NA	NA	NA	NA
Rat120_bin.15	NA	NA	NA	NA	NA	NA	NA	NA	NA	NA	0.00315529	NA	NA	NA	0.00104854	NA	0.00093154	0.00076542	NA	NA	NA	NA	NA	NA	NA	NA	NA	0.00093265	NA	NA	NA	0.00145243	NA	0.00246035	NA	NA	NA	NA	NA	NA	NA	NA	NA	NA	NA	NA	0.00098269	NA	NA	NA	NA	NA	0.00116037
Rat120_bin.16	NA	NA	NA	0.00541906	NA	NA	NA	NA	0.00523678	NA	0.00160879	NA	NA	NA	NA	NA	NA	NA	NA	NA	NA	NA	NA	NA	NA	NA	NA	0.00096505	NA	NA	0.00155078	NA	NA	NA	NA	NA	NA	NA	NA	NA	NA	NA	NA	NA	NA	NA	NA	NA	0.00157249	NA	0.00103545	NA	NA
Rat120_bin.18	NA	NA	NA	NA	NA	NA	NA	NA	NA	NA	NA	NA	NA	NA	NA	NA	NA	NA	NA	NA	NA	NA	NA	NA	NA	NA	NA	0.00050886	NA	NA	NA	NA	NA	NA	NA	NA	NA	NA	NA	NA	NA	NA	NA	NA	NA	NA	0.00094100	NA	NA	NA	NA	NA	NA
Rat120_bin.2	NA	NA	NA	NA	NA	NA	NA	NA	NA	NA	NA	NA	NA	NA	NA	NA	NA	NA	NA	NA	NA	NA	NA	NA	NA	NA	NA	0.00224746	0.00248811	NA	NA	0.00063384	NA	0.00473649	NA	NA	NA	NA	NA	NA	NA	NA	NA	NA	NA	NA	NA	NA	NA	NA	NA	NA	NA
Rat120_bin.21	0.03593328	0.02567529	0.03879640	0.04596730	0.02571643	0.02585462	0.03284182	0.03848203	0.04435093	0.01331179	0.04707737	0.04053275	0.04392409	0.00694618	0.02983411	0.01190579	0.00833717	0.03331862	NA	0.03807110	0.01313107	0.01802564	0.00483774	0.02449766	NA	NA	NA	0.01370438	0.00665351	0.03427399	0.03411183	0.03391009	0.04265202	0.02043538	0.04029277	0.03190060	0.01090152	0.02926791	NA	NA	0.04177381	0.02239174	0.03723366	NA	NA	0.01984000	0.03238975	0.03583118	0.02738996	0.04236094	0.03260878	0.02869536	NA
Rat120_bin.22	NA	NA	NA	NA	NA	NA	NA	NA	NA	NA	NA	NA	NA	NA	NA	NA	NA	NA	NA	NA	NA	NA	NA	NA	NA	NA	NA	0.00074457	NA	NA	0.00335014	NA	NA	NA	NA	NA	NA	NA	NA	NA	NA	NA	0.01148066	NA	NA	NA	NA	NA	NA	NA	NA	NA	NA
Rat120_bin.24	NA	NA	NA	NA	NA	NA	NA	NA	NA	NA	0.00134475	NA	NA	NA	NA	NA	NA	NA	NA	0.00093515	NA	NA	NA	NA	NA	NA	NA	0.00060668	NA	NA	NA	NA	NA	NA	NA	NA	NA	NA	NA	NA	NA	NA	NA	NA	NA	0.00530063	NA	NA	NA	NA	NA	NA	NA
Rat120_bin.25	NA	NA	NA	NA	NA	NA	NA	NA	NA	NA	NA	NA	NA	NA	NA	NA	0.00308202	NA	NA	NA	NA	NA	NA	NA	NA	NA	NA	0.00102648	NA	NA	NA	NA	0.00344917	NA	NA	NA	NA	NA	NA	NA	NA	NA	NA	NA	NA	NA	NA	NA	NA	NA	NA	NA	NA
Rat120_bin.26	NA	NA	NA	NA	NA	NA	NA	NA	NA	NA	0.00213783	NA	NA	NA	0.00272112	NA	NA	NA	NA	NA	NA	NA	NA	NA	NA	NA	NA	0.00086402	NA	NA	NA	NA	0.00173579	NA	NA	NA	NA	NA	NA	NA	NA	NA	NA	NA	NA	NA	NA	0.00148862	NA	NA	NA	NA	NA
Rat120_bin.28	NA	NA	NA	NA	NA	NA	NA	NA	NA	NA	NA	0.00592129	NA	NA	NA	NA	NA	NA	NA	NA	NA	NA	NA	NA	NA	NA	NA	0.00377629	NA	NA	NA	NA	0.00110133	0.00162022	NA	NA	NA	NA	NA	NA	NA	NA	0.00131162	NA	NA	NA	NA	NA	NA	NA	NA	NA	NA
Rat120_bin.29	NA	NA	NA	NA	NA	NA	NA	NA	NA	NA	0.01120926	NA	NA	NA	NA	NA	NA	NA	NA	NA	NA	NA	NA	NA	NA	NA	NA	0.00086728	NA	NA	NA	NA	NA	NA	NA	NA	NA	NA	NA	NA	NA	NA	NA	NA	NA	NA	NA	NA	NA	NA	NA	NA	NA
Rat120_bin.31	NA	NA	0.00991868	0.00293690	NA	NA	NA	NA	0.01049695	NA	0.01080303	0.01387371	0.01172646	NA	NA	NA	0.00603959	NA	NA	NA	NA	NA	NA	NA	NA	NA	NA	0.00397779	NA	NA	0.00702435	NA	0.00945377	NA	0.00811053	0.00817306	NA	0.00832287	NA	NA	NA	NA	NA	NA	NA	NA	NA	NA	NA	NA	NA	NA	NA
Rat120_bin.33	NA	NA	NA	NA	NA	NA	NA	NA	NA	NA	NA	NA	NA	NA	NA	NA	NA	NA	NA	NA	NA	NA	NA	NA	NA	NA	NA	0.00121304	NA	NA	NA	NA	NA	NA	NA	NA	NA	NA	NA	NA	NA	NA	NA	NA	NA	NA	NA	NA	NA	NA	NA	NA	NA
Rat120_bin.34	NA	NA	NA	NA	NA	NA	NA	NA	NA	NA	0.00836741	NA	NA	NA	NA	NA	NA	NA	NA	NA	NA	NA	NA	NA	NA	NA	NA	0.00102493	NA	NA	NA	NA	NA	NA	NA	NA	NA	NA	NA	NA	NA	NA	NA	NA	NA	NA	NA	NA	NA	NA	NA	NA	NA
Rat120_bin.35	NA	NA	NA	NA	NA	NA	NA	NA	NA	NA	NA	NA	NA	NA	NA	NA	NA	NA	NA	NA	NA	NA	NA	NA	NA	NA	NA	0.00080888	NA	NA	NA	NA	NA	NA	NA	NA	NA	NA	NA	NA	NA	NA	NA	NA	NA	NA	NA	NA	NA	NA	NA	NA	NA
Rat120_bin.36	NA	NA	0.01007927	NA	NA	NA	NA	NA	NA	NA	0.00151346	0.00709614	NA	NA	0.00194734	NA	0.00661602	NA	NA	NA	NA	NA	NA	NA	NA	NA	NA	0.00085297	0.00532440	0.00298941	0.00369479	NA	NA	0.00389587	NA	NA	NA	NA	NA	NA	0.00267774	NA	NA	NA	NA	NA	NA	NA	NA	NA	NA	NA	NA
Rat120_bin.39	NA	NA	NA	NA	NA	NA	NA	NA	0.00703696	NA	NA	NA	NA	NA	NA	NA	NA	NA	NA	NA	NA	NA	NA	NA	NA	NA	NA	0.00269258	NA	NA	NA	NA	NA	NA	NA	NA	NA	NA	NA	NA	NA	NA	NA	NA	NA	NA	NA	NA	NA	NA	NA	NA	NA
Rat120_bin.4	NA	NA	0.02698614	0.02591159	0.01656345	NA	NA	NA	0.02722496	NA	0.01400489	0.00741124	0.02521411	NA	0.01938178	NA	0.02143851	0.02385864	NA	0.02363477	NA	NA	NA	NA	NA	NA	NA	0.00545932	0.00875392	0.02176648	0.02275748	0.01963224	0.02296851	0.01956932	0.02570362	0.02142912	0.02439106	0.02432402	0.01585778	NA	0.02865072	NA	0.02360169	NA	NA	NA	0.02165286	0.01830636	NA	0.02721002	NA	NA	NA
Rat120_bin.40	NA	NA	NA	NA	NA	NA	NA	NA	NA	NA	NA	NA	NA	NA	NA	NA	NA	NA	NA	NA	NA	NA	NA	NA	NA	NA	NA	0.00047398	NA	NA	NA	NA	NA	NA	NA	NA	NA	NA	NA	NA	NA	NA	NA	NA	NA	NA	NA	NA	NA	NA	NA	NA	NA
Rat120_bin.43	NA	NA	NA	NA	NA	NA	NA	NA	NA	NA	0.00435286	NA	NA	NA	NA	NA	0.00437561	0.00102835	NA	NA	NA	NA	NA	NA	NA	NA	NA	0.00086244	NA	NA	NA	NA	NA	NA	NA	NA	NA	NA	0.00201461	NA	NA	NA	NA	NA	NA	NA	NA	NA	NA	NA	NA	NA	NA
Rat120_bin.44	NA	NA	0.00089560	0.00161900	NA	NA	NA	NA	0.00152581	NA	NA	0.00107580	NA	NA	NA	NA	0.00093274	0.00057257	NA	0.00092316	NA	NA	NA	NA	NA	NA	NA	0.00056498	NA	NA	0.00122899	0.00230525	NA	NA	NA	NA	NA	NA	0.00192259	NA	NA	NA	NA	NA	NA	NA	NA	NA	NA	NA	NA	NA	NA
Rat120_bin.45	NA	NA	NA	NA	NA	NA	NA	NA	NA	NA	0.00100307	0.00080704	NA	NA	NA	NA	NA	NA	NA	NA	NA	NA	NA	NA	NA	NA	NA	0.00059556	NA	NA	NA	0.00136678	NA	NA	NA	NA	NA	NA	NA	NA	NA	NA	NA	NA	NA	NA	NA	NA	NA	NA	NA	NA	NA
Rat120_bin.46	NA	NA	NA	NA	NA	NA	NA	NA	NA	NA	NA	NA	NA	NA	NA	NA	NA	NA	NA	NA	NA	NA	NA	NA	NA	NA	NA	0.00043969	0.00095221	NA	NA	NA	NA	NA	NA	NA	NA	NA	NA	NA	NA	NA	NA	NA	NA	NA	NA	NA	NA	NA	NA	NA	NA
Rat120_bin.47	NA	0.00426288	0.00533286	0.00601168	NA	0.00529217	NA	NA	0.00565734	0.00578938	NA	0.00191110	0.00404158	NA	NA	0.00456764	NA	NA	NA	NA	NA	NA	NA	NA	NA	NA	0.00315407	0.00091553	NA	0.00224772	NA	NA	NA	NA	NA	NA	NA	NA	0.00640878	0.00605960	0.00371844	0.00141276	0.00219402	0.00900458	NA	0.00396215	0.00297307	0.00461585	0.00484754	0.00171251	0.00260791	0.00356127	0.00420732
Rat120_bin.5	NA	NA	NA	NA	NA	NA	NA	NA	NA	NA	NA	NA	NA	NA	NA	NA	NA	NA	NA	NA	NA	NA	NA	NA	NA	NA	NA	0.00117259	NA	NA	NA	NA	NA	NA	NA	NA	NA	NA	NA	NA	NA	NA	NA	NA	NA	NA	NA	NA	NA	NA	NA	NA	NA
Rat120_bin.7	NA	NA	0.00220847	NA	NA	NA	NA	NA	NA	NA	NA	NA	NA	NA	NA	NA	NA	NA	NA	0.00437562	NA	NA	NA	NA	NA	NA	NA	0.00069710	NA	NA	0.00138263	NA	NA	NA	NA	NA	NA	NA	NA	NA	0.00243368	NA	0.00125005	NA	NA	NA	NA	0.00200114	NA	0.00112910	0.00185726	0.00153297	NA
Rat120_bin.8	NA	NA	0.00517231	NA	NA	NA	NA	NA	NA	NA	0.00551347	NA	NA	NA	NA	NA	0.00177151	NA	NA	0.00422156	NA	NA	NA	NA	NA	NA	NA	0.00338682	0.00388159	NA	NA	NA	NA	NA	NA	NA	NA	NA	NA	NA	0.00278842	NA	NA	NA	NA	NA	NA	NA	NA	NA	NA	NA	NA
Rat120_bin.9	NA	NA	NA	NA	NA	NA	NA	NA	NA	NA	NA	NA	NA	NA	NA	NA	NA	NA	NA	NA	NA	NA	NA	NA	NA	NA	NA	0.00376891	0.00658394	NA	0.00231238	NA	NA	NA	NA	NA	NA	NA	NA	NA	NA	0.00447345	NA	NA	NA	NA	0.00385249	NA	NA	NA	NA	NA	0.00776925
Rat122_bin.11	NA	NA	NA	NA	NA	NA	NA	NA	NA	NA	NA	NA	NA	NA	NA	NA	NA	NA	NA	0.00180833	NA	NA	NA	NA	NA	NA	NA	NA	0.00089688	NA	NA	NA	NA	0.00217020	NA	NA	NA	NA	NA	NA	0.00395479	NA	NA	NA	NA	NA	NA	NA	NA	NA	NA	NA	NA
Rat122_bin.12	NA	NA	NA	NA	NA	NA	NA	NA	0.01339949	NA	NA	NA	NA	NA	NA	NA	NA	NA	NA	0.01122993	NA	NA	NA	NA	NA	NA	NA	NA	0.00077675	NA	NA	0.00814817	NA	NA	NA	NA	NA	NA	NA	NA	NA	NA	NA	NA	NA	NA	NA	NA	NA	NA	NA	NA	NA
Rat122_bin.13	NA	NA	NA	NA	NA	NA	NA	NA	NA	NA	NA	NA	0.00124064	NA	NA	NA	NA	NA	NA	NA	NA	NA	NA	NA	NA	NA	NA	NA	0.00083321	0.00102789	0.00089386	0.00191160	NA	0.00391287	NA	NA	NA	NA	NA	NA	NA	NA	NA	NA	NA	NA	0.00287004	NA	NA	NA	NA	NA	NA
Rat122_bin.14	NA	NA	NA	NA	NA	NA	NA	NA	NA	NA	NA	NA	NA	NA	NA	NA	NA	NA	NA	NA	NA	NA	NA	NA	NA	NA	NA	NA	0.00061503	NA	NA	NA	NA	NA	NA	NA	NA	NA	NA	NA	NA	NA	NA	NA	NA	NA	NA	NA	NA	NA	NA	NA	NA
Rat122_bin.15	NA	NA	NA	NA	0.00563328	NA	NA	NA	NA	NA	NA	NA	0.00852979	NA	NA	NA	NA	0.00335400	NA	0.00581466	NA	NA	NA	NA	NA	NA	NA	NA	0.00204330	NA	NA	NA	NA	0.00363699	NA	NA	NA	NA	0.00552441	0.00293651	NA	NA	NA	0.00898234	NA	0.00569924	0.00648867	NA	NA	NA	NA	NA	0.00452086
Rat122_bin.16	NA	NA	NA	0.00241011	NA	NA	NA	NA	0.00331881	NA	NA	NA	NA	NA	NA	NA	0.00204198	0.00124263	NA	NA	NA	NA	NA	NA	NA	NA	NA	0.00198172	0.00107229	0.00084050	0.00283795	NA	NA	0.00109933	NA	NA	NA	NA	NA	NA	NA	NA	NA	NA	NA	NA	0.00406720	0.00213215	NA	NA	NA	NA	NA
Rat122_bin.17	NA	NA	NA	NA	NA	NA	NA	NA	NA	NA	NA	NA	0.00047643	NA	NA	NA	NA	NA	NA	0.00059481	NA	NA	NA	NA	NA	NA	NA	NA	0.00047524	NA	NA	NA	NA	NA	NA	NA	NA	NA	NA	NA	NA	NA	0.00157595	NA	NA	NA	NA	NA	0.00364660	0.00248464	NA	0.00449980	NA
Rat122_bin.18	NA	NA	NA	NA	NA	NA	NA	NA	NA	NA	NA	NA	NA	NA	NA	NA	NA	NA	NA	0.00704054	NA	NA	NA	NA	NA	NA	NA	NA	0.00133846	NA	NA	NA	NA	NA	NA	NA	NA	NA	NA	NA	NA	NA	NA	NA	NA	NA	NA	NA	NA	NA	NA	NA	NA
Rat122_bin.19	NA	NA	0.00513190	0.00432844	NA	NA	NA	NA	0.00588429	NA	0.00578107	0.00427231	0.00392871	NA	0.00398114	NA	0.00335307	0.00157522	NA	0.00499697	NA	NA	NA	NA	NA	NA	NA	0.00332381	0.00464821	0.00488351	0.00592378	NA	NA	0.00523472	NA	NA	NA	NA	NA	NA	NA	NA	0.00318275	NA	NA	NA	0.00350490	NA	NA	NA	NA	NA	NA
Rat122_bin.2	NA	0.00122912	0.00222489	0.00295839	NA	0.00390591	NA	0.00298366	0.00225931	0.00310686	0.00138793	0.00339181	0.00267800	NA	NA	0.00307890	NA	NA	NA	NA	NA	NA	0.00271049	NA	NA	NA	0.00094842	NA	0.00097877	0.00164669	NA	NA	NA	NA	NA	NA	NA	NA	NA	0.00486617	NA	NA	NA	NA	NA	0.00327047	0.00095379	0.00313602	0.00333006	NA	0.00160266	0.00323685	NA
Rat122_bin.20	NA	NA	NA	NA	NA	NA	NA	NA	NA	NA	NA	0.01074249	NA	NA	NA	NA	NA	NA	NA	NA	NA	NA	0.00659176	NA	NA	NA	NA	NA	0.00407104	NA	0.00587663	NA	0.00320059	0.00420915	NA	NA	NA	NA	0.01068310	NA	0.00549223	NA	NA	0.01451434	NA	NA	NA	NA	NA	0.00784792	NA	NA	NA
Rat122_bin.22	NA	NA	NA	NA	NA	NA	NA	NA	NA	NA	NA	NA	NA	NA	NA	NA	NA	NA	NA	NA	NA	NA	NA	NA	NA	NA	NA	NA	0.00090648	0.00060942	NA	NA	NA	0.00108619	NA	NA	NA	NA	NA	NA	NA	NA	NA	NA	NA	NA	NA	NA	NA	NA	NA	NA	NA
Rat122_bin.23	NA	NA	NA	NA	NA	NA	NA	NA	NA	NA	NA	NA	NA	NA	NA	NA	NA	NA	NA	NA	NA	NA	NA	NA	NA	NA	NA	NA	0.00104611	NA	NA	NA	NA	NA	NA	NA	NA	NA	0.00512771	0.00680360	NA	NA	NA	NA	NA	NA	NA	NA	NA	NA	NA	NA	NA
Rat122_bin.24	NA	NA	NA	NA	NA	0.00206433	NA	NA	NA	NA	0.00462911	NA	NA	NA	NA	NA	NA	NA	NA	NA	NA	NA	NA	NA	NA	NA	NA	NA	0.00134779	NA	NA	NA	NA	NA	0.00105104	NA	0.00129687	0.00082374	NA	NA	NA	NA	NA	NA	NA	NA	NA	NA	NA	NA	NA	NA	NA
Rat122_bin.26	NA	NA	NA	NA	NA	NA	NA	NA	NA	NA	NA	NA	NA	NA	NA	NA	NA	NA	NA	NA	NA	NA	NA	NA	NA	NA	NA	NA	0.00057691	NA	NA	NA	NA	0.00070936	NA	NA	NA	NA	NA	NA	NA	NA	NA	NA	NA	NA	NA	NA	NA	NA	NA	NA	NA
Rat122_bin.27	NA	NA	0.00360917	0.00582468	NA	NA	NA	NA	NA	NA	0.00551283	0.00433503	NA	NA	0.00270977	NA	NA	0.00125656	NA	0.00475652	NA	NA	NA	NA	NA	NA	NA	NA	0.00336321	0.00453116	0.00442519	0.00280935	0.00475872	0.00134141	NA	NA	0.00352251	NA	NA	NA	NA	NA	NA	NA	NA	NA	NA	0.00257502	NA	NA	NA	NA	NA
Rat122_bin.28	NA	NA	0.01226111	NA	0.00057313	NA	NA	NA	0.00457372	NA	NA	0.00357694	0.00662512	NA	NA	NA	NA	0.00404855	NA	0.00285866	NA	NA	NA	NA	NA	NA	NA	NA	0.00211044	0.00222279	NA	NA	0.00108067	0.00366115	NA	0.00257204	NA	NA	NA	NA	0.00817284	NA	NA	NA	NA	NA	NA	NA	NA	NA	NA	NA	NA
Rat122_bin.29	NA	NA	NA	NA	NA	NA	NA	NA	0.00920838	NA	0.00550007	NA	NA	NA	NA	NA	NA	NA	NA	0.00441826	NA	NA	NA	NA	NA	NA	NA	NA	0.00201870	0.00152643	NA	NA	NA	0.00128226	NA	NA	NA	NA	NA	NA	NA	NA	0.00897955	NA	NA	0.00387899	NA	0.00241569	NA	0.00918786	NA	0.00466776	NA
Rat122_bin.30	NA	NA	NA	NA	NA	NA	NA	NA	NA	NA	NA	NA	NA	NA	0.00157065	NA	0.00083528	0.00090612	NA	NA	NA	NA	NA	NA	NA	NA	NA	0.01033449	0.00102879	NA	NA	NA	NA	NA	NA	0.00113564	0.00130749	NA	NA	NA	NA	NA	NA	NA	NA	NA	NA	NA	NA	NA	NA	NA	NA
Rat122_bin.31	NA	NA	0.00225590	NA	NA	NA	NA	0.00067904	NA	NA	NA	NA	NA	0.00187076	NA	0.00227203	NA	NA	NA	0.00151319	NA	NA	NA	0.00221557	NA	0.00197749	NA	NA	0.00164517	0.00074463	NA	0.00272515	0.00112976	0.00138393	NA	NA	NA	NA	NA	NA	NA	0.00142829	0.00152958	NA	NA	NA	0.00301578	NA	NA	0.00323245	NA	NA	NA
Rat122_bin.32	NA	NA	0.00216737	NA	NA	NA	NA	NA	NA	NA	NA	NA	NA	NA	0.00402793	NA	NA	NA	NA	NA	NA	NA	NA	NA	NA	NA	NA	NA	0.00065995	NA	NA	NA	0.00082826	0.00080442	0.00135225	NA	NA	NA	NA	NA	NA	NA	NA	NA	NA	NA	NA	NA	NA	NA	NA	NA	0.00089052
Rat122_bin.34	NA	NA	NA	NA	NA	NA	NA	NA	NA	NA	NA	0.00071051	NA	NA	NA	NA	NA	0.00078117	NA	NA	NA	NA	NA	NA	NA	NA	NA	0.00179762	0.00086719	NA	NA	NA	NA	NA	NA	NA	NA	NA	NA	NA	NA	NA	NA	NA	NA	NA	NA	NA	NA	NA	NA	NA	NA
Rat122_bin.37	NA	NA	0.00196405	0.00349665	NA	NA	NA	NA	0.00834716	NA	NA	0.00339167	0.00447611	NA	0.00177633	NA	0.00264600	NA	NA	0.00157926	NA	NA	NA	NA	NA	0.00441899	NA	0.00092820	0.00136580	0.00083657	0.00506478	0.00421476	0.00088730	0.00151063	NA	NA	NA	NA	NA	NA	NA	NA	0.00160830	NA	NA	NA	0.00369652	0.00576398	0.00502656	NA	NA	0.00695478	NA
Rat122_bin.38	NA	NA	NA	NA	NA	NA	NA	NA	NA	NA	NA	NA	0.00702832	NA	NA	NA	0.00206516	0.00261930	NA	NA	NA	NA	NA	NA	NA	NA	NA	NA	0.00297846	NA	NA	NA	NA	0.00148603	NA	NA	NA	NA	0.00193561	0.00256428	0.00142898	0.00335920	0.00245528	NA	NA	0.00547254	0.00137636	0.00620224	NA	NA	0.00197433	0.00210064	0.00227197
Rat122_bin.39	NA	NA	NA	NA	NA	NA	NA	NA	NA	NA	NA	NA	NA	NA	0.00171201	NA	0.00126250	NA	NA	NA	NA	NA	NA	NA	NA	NA	NA	0.00278966	0.00124263	NA	NA	NA	NA	0.00206961	NA	NA	NA	NA	NA	NA	NA	NA	NA	NA	NA	NA	NA	NA	NA	NA	NA	NA	NA
Rat122_bin.4	NA	NA	NA	NA	NA	NA	NA	NA	0.00177348	NA	NA	NA	NA	NA	NA	NA	NA	NA	NA	0.00114785	NA	NA	NA	NA	NA	NA	NA	NA	0.00079560	NA	NA	0.00068458	NA	NA	NA	NA	NA	NA	NA	NA	NA	NA	NA	NA	NA	NA	0.00156161	NA	NA	NA	NA	NA	NA
Rat122_bin.40	NA	NA	NA	NA	NA	NA	NA	NA	NA	NA	NA	NA	NA	NA	NA	NA	NA	NA	NA	0.00158343	NA	NA	NA	NA	NA	NA	NA	NA	0.00061947	0.00184103	0.00146899	NA	0.00217579	0.00196272	NA	NA	NA	NA	0.00085087	NA	NA	0.00401696	NA	NA	NA	NA	NA	NA	NA	0.00180162	NA	NA	NA
Rat122_bin.43	NA	NA	NA	NA	NA	NA	NA	NA	0.00367976	NA	NA	NA	0.00276408	NA	NA	NA	NA	NA	NA	0.00104468	NA	NA	NA	NA	NA	NA	NA	NA	0.00053067	NA	NA	0.00189521	NA	0.00075717	NA	NA	NA	NA	NA	NA	NA	NA	NA	NA	NA	NA	0.00188335	NA	NA	NA	NA	NA	NA
Rat122_bin.44	NA	NA	NA	NA	NA	NA	NA	NA	NA	NA	NA	NA	NA	NA	NA	NA	NA	NA	NA	NA	NA	NA	NA	NA	NA	NA	NA	NA	0.00930011	NA	0.00694829	0.00089138	0.00458560	0.00245481	NA	NA	NA	NA	NA	NA	NA	NA	NA	NA	NA	NA	NA	NA	NA	0.00523437	NA	NA	NA
Rat122_bin.45	NA	NA	NA	NA	NA	NA	NA	NA	NA	NA	NA	NA	NA	NA	NA	NA	NA	NA	NA	NA	NA	NA	NA	NA	NA	NA	NA	0.00177195	0.00265227	NA	NA	NA	NA	0.00401828	NA	NA	NA	NA	NA	NA	NA	NA	0.00141712	NA	NA	NA	NA	NA	NA	NA	NA	NA	NA
Rat122_bin.46	NA	NA	NA	NA	0.00116243	NA	NA	NA	NA	NA	NA	NA	NA	NA	NA	NA	NA	NA	NA	NA	NA	NA	NA	NA	NA	NA	NA	NA	0.00093322	NA	NA	NA	NA	0.00091978	NA	NA	NA	NA	NA	NA	NA	NA	NA	NA	NA	NA	NA	NA	NA	NA	NA	NA	NA
Rat122_bin.47	NA	NA	NA	NA	NA	NA	NA	NA	NA	NA	NA	NA	NA	NA	NA	NA	NA	NA	NA	NA	NA	NA	NA	NA	NA	NA	NA	NA	0.00104654	NA	NA	NA	NA	NA	NA	0.00215638	NA	NA	NA	NA	0.00168168	NA	NA	NA	NA	NA	NA	0.00393407	NA	NA	NA	NA	NA
Rat122_bin.48	NA	NA	NA	NA	0.00430939	NA	NA	NA	0.01325482	NA	0.01102071	NA	0.01485191	NA	NA	NA	NA	NA	NA	0.00859087	NA	NA	NA	NA	NA	NA	NA	0.00197920	0.00330026	NA	NA	NA	NA	NA	NA	NA	NA	NA	0.00603087	NA	NA	0.00388671	NA	NA	NA	0.00512001	NA	NA	0.00413324	0.00928983	NA	NA	0.01054359
Rat122_bin.49	NA	NA	NA	NA	NA	NA	NA	NA	NA	NA	NA	NA	0.00686243	NA	NA	NA	NA	NA	NA	NA	NA	NA	NA	NA	NA	NA	NA	NA	0.00042593	NA	NA	NA	NA	NA	NA	NA	NA	NA	0.00088685	NA	NA	NA	NA	NA	NA	NA	NA	NA	NA	0.00976248	NA	0.01350160	0.00630461
Rat122_bin.5	0.02421334	0.02021682	0.03045777	0.03333532	0.01838949	0.01691798	0.02432481	0.02643432	0.03364586	0.01792805	0.03167774	0.01951368	0.03250158	NA	0.01379282	NA	0.02325678	0.02226440	NA	0.03430745	NA	NA	NA	NA	NA	NA	NA	0.01115908	0.00278063	0.01651564	0.01480224	0.02821615	0.01718635	0.02032979	0.01640942	0.01605234	0.01216941	0.01827263	NA	NA	0.02365797	NA	0.02821284	NA	NA	0.02814542	0.02220099	0.01809607	NA	0.01321590	NA	0.02165473	NA
Rat122_bin.50	NA	NA	NA	NA	NA	NA	NA	NA	NA	NA	NA	NA	NA	NA	NA	NA	NA	NA	NA	NA	NA	NA	NA	NA	NA	NA	NA	NA	0.00220644	NA	NA	NA	NA	NA	NA	NA	NA	NA	NA	NA	NA	NA	NA	NA	NA	NA	NA	NA	NA	NA	NA	NA	NA
Rat122_bin.52	NA	NA	NA	NA	NA	NA	NA	NA	NA	NA	NA	NA	NA	NA	NA	NA	NA	NA	NA	NA	NA	NA	NA	NA	NA	NA	NA	NA	0.00142913	NA	0.00209174	0.00055737	NA	0.00073094	NA	NA	NA	NA	NA	NA	NA	NA	NA	NA	NA	NA	NA	0.00064564	NA	NA	0.00374069	0.00286827	NA
Rat122_bin.54	NA	NA	NA	NA	NA	NA	NA	NA	NA	NA	NA	NA	NA	NA	NA	NA	NA	NA	NA	NA	NA	NA	NA	NA	NA	NA	NA	NA	0.00117505	0.00063330	0.00158606	0.00241948	0.00103867	0.00190767	NA	NA	NA	NA	NA	NA	NA	0.00208825	NA	NA	NA	NA	NA	NA	NA	NA	NA	NA	NA
Rat122_bin.55	NA	NA	NA	NA	NA	NA	NA	NA	NA	NA	NA	NA	NA	NA	NA	NA	NA	NA	NA	NA	NA	NA	NA	NA	NA	NA	NA	0.00041413	0.00124541	NA	NA	NA	NA	NA	NA	NA	NA	NA	NA	NA	NA	NA	NA	NA	NA	NA	NA	0.00138864	NA	NA	NA	NA	NA
Rat122_bin.57	NA	NA	NA	0.00840739	NA	NA	NA	NA	0.01151759	NA	0.00548346	NA	NA	NA	NA	NA	0.00681640	0.00376597	NA	NA	NA	NA	NA	NA	NA	NA	NA	0.00403636	0.00121950	NA	0.00155064	NA	NA	NA	NA	NA	NA	NA	NA	NA	0.00478551	NA	NA	NA	NA	NA	NA	NA	NA	NA	NA	NA	NA
Rat122_bin.58	NA	NA	NA	NA	NA	0.01361432	NA	NA	0.00344334	0.01235719	0.01683444	NA	NA	0.01536387	NA	NA	0.00664705	0.00134665	NA	NA	NA	NA	NA	NA	NA	NA	NA	0.00126238	0.00081326	NA	NA	NA	NA	0.00356530	NA	NA	NA	NA	NA	NA	0.00516816	NA	NA	NA	NA	NA	NA	NA	NA	0.00277719	NA	NA	NA
Rat122_bin.59	NA	NA	0.00359182	NA	NA	NA	NA	NA	NA	0.00395710	0.00263739	NA	NA	0.00735312	NA	NA	NA	NA	NA	NA	NA	NA	NA	NA	NA	NA	NA	NA	0.00127747	0.00188275	0.00310335	0.00248427	0.00204860	0.00235525	NA	NA	NA	NA	0.00163337	NA	NA	NA	0.00553106	0.00761138	0.00142722	0.00199142	NA	0.00172353	0.00524482	NA	NA	NA	0.00163276
Rat122_bin.6	NA	NA	NA	NA	NA	NA	NA	NA	NA	NA	NA	0.00033513	NA	NA	NA	NA	NA	NA	NA	NA	NA	NA	NA	NA	NA	NA	NA	NA	0.00053758	NA	NA	NA	NA	NA	NA	NA	NA	NA	NA	NA	NA	NA	NA	NA	NA	0.00378712	NA	NA	NA	NA	NA	NA	NA
Rat122_bin.60	NA	NA	NA	NA	NA	NA	NA	NA	NA	NA	NA	NA	NA	NA	NA	NA	NA	NA	NA	NA	NA	NA	NA	NA	NA	NA	NA	NA	0.00124148	NA	0.00724291	0.00251387	0.00113210	0.00096013	NA	NA	NA	NA	0.00326956	NA	NA	NA	NA	NA	NA	NA	NA	NA	NA	NA	NA	NA	NA
Rat122_bin.61	NA	NA	NA	NA	NA	NA	NA	NA	NA	NA	NA	NA	NA	NA	NA	NA	NA	NA	NA	NA	NA	NA	NA	NA	NA	NA	NA	NA	0.00073226	NA	NA	NA	NA	NA	NA	NA	NA	NA	NA	NA	NA	NA	NA	NA	NA	NA	NA	NA	NA	NA	NA	NA	NA
Rat122_bin.62	NA	NA	0.00713598	0.00886735	0.00102415	NA	NA	NA	0.01059822	NA	0.01129977	0.01101397	0.00957529	NA	NA	NA	NA	0.00265278	NA	NA	NA	NA	NA	NA	NA	NA	NA	NA	0.00388600	NA	NA	NA	NA	NA	0.00271026	NA	0.00668913	0.00340320	NA	NA	0.01215299	NA	0.00900412	NA	NA	NA	NA	NA	NA	NA	NA	NA	NA
Rat122_bin.8	NA	NA	NA	NA	NA	0.00456985	NA	NA	NA	NA	NA	NA	NA	NA	0.00349127	NA	NA	0.00399353	NA	0.01929481	NA	NA	NA	NA	NA	NA	NA	NA	0.00284658	NA	NA	NA	NA	NA	0.00116308	NA	NA	NA	NA	NA	NA	NA	NA	NA	NA	NA	NA	NA	NA	NA	NA	0.03256201	NA
Rat122_bin.9	NA	NA	NA	NA	NA	NA	NA	NA	NA	NA	NA	NA	NA	NA	NA	NA	NA	NA	NA	NA	NA	NA	NA	NA	NA	NA	NA	NA	0.00152961	NA	NA	NA	NA	0.00145730	NA	NA	NA	NA	NA	NA	NA	NA	NA	NA	NA	NA	NA	NA	NA	NA	NA	NA	NA
Rat123_bin.10	NA	NA	NA	NA	NA	NA	NA	NA	NA	NA	NA	NA	NA	NA	NA	NA	NA	NA	NA	NA	NA	NA	NA	NA	NA	NA	NA	NA	0.00513731	0.00123007	NA	NA	0.00270295	0.00179167	NA	NA	NA	NA	NA	NA	NA	NA	NA	NA	NA	NA	NA	NA	NA	NA	NA	NA	NA
Rat123_bin.11	NA	NA	NA	NA	NA	NA	NA	NA	NA	NA	NA	NA	NA	NA	NA	NA	NA	NA	NA	NA	NA	NA	NA	NA	NA	NA	NA	0.00546761	0.00099658	0.00060965	0.00689123	NA	0.00422946	0.00460884	NA	NA	NA	NA	NA	NA	0.00160247	NA	NA	NA	NA	NA	NA	NA	0.00948950	NA	NA	NA	NA
Rat123_bin.12	NA	NA	0.00765479	0.01967447	0.01592312	NA	NA	NA	0.02353054	NA	0.01751583	0.02107216	0.00579478	NA	0.02003565	NA	0.01158037	0.01707911	NA	0.00799420	NA	NA	NA	NA	NA	NA	NA	0.01827265	0.01346733	0.00426408	0.01375475	0.01693108	0.01564065	0.01721484	0.01822919	0.02184177	NA	NA	NA	NA	0.02399708	NA	0.01319474	NA	NA	NA	NA	NA	NA	0.01745066	NA	NA	NA
Rat123_bin.13	NA	NA	NA	NA	NA	NA	NA	0.00170946	NA	NA	NA	NA	NA	NA	NA	NA	NA	NA	NA	NA	NA	NA	NA	NA	NA	NA	NA	NA	NA	0.00081261	NA	NA	NA	0.01171753	NA	NA	NA	NA	NA	NA	NA	NA	NA	NA	NA	NA	NA	NA	NA	NA	NA	NA	NA
Rat123_bin.15	NA	NA	0.00502969	0.01078090	NA	NA	NA	NA	NA	NA	0.00975751	0.01084439	NA	NA	0.00867207	NA	0.01147771	0.00245352	NA	0.00754720	NA	NA	NA	NA	NA	NA	NA	0.01199846	0.00548847	0.00384478	0.00864379	0.00319581	0.00702747	0.00198509	NA	NA	0.00515649	NA	NA	NA	NA	NA	NA	NA	NA	NA	NA	0.00497057	NA	NA	NA	NA	NA
Rat123_bin.18	NA	NA	0.00773245	NA	NA	NA	NA	NA	NA	NA	0.00171083	0.00659107	NA	NA	0.00186527	NA	0.00639524	NA	NA	NA	NA	NA	NA	NA	NA	NA	NA	0.00224270	0.00211904	0.00127860	0.00243903	NA	0.01223744	0.01078995	NA	NA	NA	NA	NA	NA	0.00243684	NA	NA	NA	NA	NA	NA	NA	NA	NA	NA	NA	NA
Rat123_bin.5	0.02522869	NA	0.02819002	0.03238883	0.01638741	NA	NA	NA	0.03227078	NA	0.03144478	0.02009547	0.02973007	NA	0.01432355	NA	0.02332110	0.02222213	NA	0.02814352	NA	NA	NA	NA	NA	NA	NA	0.02810389	0.00961992	0.00313228	0.02928044	0.02613260	0.01488620	0.00404656	0.01712335	0.01606788	0.01207594	0.01796094	0.02659148	NA	0.02265702	NA	0.02899613	NA	NA	0.02776688	0.02249395	0.01833093	NA	0.01400430	NA	0.02156318	NA
Rat123_bin.7	NA	NA	NA	NA	NA	NA	NA	NA	NA	NA	0.01806836	NA	NA	NA	0.01565941	NA	NA	0.01305893	NA	NA	NA	NA	NA	NA	NA	NA	NA	0.00117704	NA	0.00148191	NA	NA	NA	0.01109422	NA	NA	NA	NA	NA	NA	NA	NA	NA	NA	NA	NA	NA	NA	NA	NA	NA	NA	NA
Rat123_bin.8	NA	NA	NA	NA	NA	NA	NA	NA	0.00516830	NA	NA	NA	NA	NA	NA	NA	0.00288609	0.00177175	NA	NA	NA	NA	NA	NA	NA	NA	NA	0.00258206	0.00089525	0.00070674	0.00291122	NA	0.00241303	0.00101293	NA	NA	NA	NA	NA	NA	NA	NA	NA	NA	NA	NA	0.00541847	NA	NA	NA	NA	NA	NA
Rat123_bin.9	NA	NA	NA	0.00401035	0.00184543	0.00375365	0.00512056	0.00658796	NA	NA	NA	NA	NA	0.00761939	NA	NA	NA	NA	NA	0.00215544	NA	NA	NA	NA	NA	0.00659229	0.00399416	0.00292288	NA	0.00090279	0.00467154	0.00447409	0.00124185	0.00197641	NA	NA	NA	NA	0.00211009	NA	NA	NA	NA	NA	NA	NA	NA	NA	NA	NA	NA	NA	NA
Rat124_bin.1	NA	NA	NA	NA	NA	NA	NA	NA	NA	NA	NA	NA	NA	NA	NA	NA	NA	NA	NA	NA	NA	NA	NA	NA	NA	NA	NA	NA	NA	NA	0.00077955	NA	0.00080662	NA	NA	NA	NA	NA	NA	NA	NA	NA	NA	NA	NA	NA	NA	NA	NA	NA	NA	NA	NA
Rat124_bin.11	NA	NA	0.00063174	NA	NA	NA	NA	NA	0.00128755	0.00494628	NA	NA	NA	0.00412980	0.00050682	0.00373204	0.00138856	0.00100801	NA	0.00133224	NA	NA	NA	NA	0.00296035	0.00246088	NA	NA	NA	NA	0.00071880	0.00194596	NA	0.00098254	NA	NA	NA	NA	0.00189389	NA	NA	NA	NA	NA	NA	NA	NA	NA	NA	NA	NA	NA	NA
Rat124_bin.12	NA	NA	NA	NA	NA	NA	NA	NA	NA	NA	NA	NA	NA	NA	NA	NA	NA	NA	NA	NA	NA	NA	NA	NA	NA	NA	NA	0.00086942	NA	NA	0.00088076	NA	NA	NA	NA	NA	NA	NA	NA	NA	NA	NA	NA	NA	NA	NA	NA	NA	NA	NA	0.00143788	NA	NA
Rat124_bin.13	NA	NA	NA	NA	NA	NA	NA	NA	NA	NA	NA	NA	NA	NA	NA	NA	NA	NA	NA	0.00397804	NA	NA	NA	NA	NA	NA	NA	NA	NA	NA	0.00145811	0.00266407	NA	NA	NA	NA	NA	NA	0.00142596	NA	NA	NA	NA	NA	NA	NA	0.00201793	NA	NA	NA	NA	NA	NA
Rat124_bin.14	NA	NA	0.00103267	0.00144307	NA	NA	NA	NA	0.00325336	NA	NA	NA	0.00108584	NA	NA	NA	NA	NA	NA	NA	NA	NA	NA	NA	NA	NA	NA	NA	NA	NA	0.00076596	NA	NA	NA	NA	NA	NA	NA	NA	NA	NA	NA	NA	NA	NA	0.00228482	0.00210975	NA	NA	NA	0.00102195	NA	NA
Rat124_bin.15	NA	NA	NA	0.01042616	NA	NA	NA	NA	NA	NA	0.00866972	0.00576913	NA	NA	NA	NA	NA	NA	NA	NA	NA	NA	NA	NA	NA	NA	NA	0.00441422	NA	0.00376046	0.00356827	0.00434721	0.00512747	NA	0.00866591	NA	NA	0.01075054	NA	NA	0.00913389	NA	0.00746141	NA	NA	NA	NA	0.00501006	NA	NA	0.00486628	NA	NA
Rat124_bin.16	NA	NA	NA	NA	NA	NA	NA	NA	NA	NA	NA	NA	NA	0.00626789	NA	NA	NA	NA	NA	NA	NA	NA	NA	NA	NA	NA	NA	NA	NA	NA	0.00525373	NA	NA	NA	NA	NA	NA	NA	NA	NA	NA	NA	NA	NA	NA	NA	NA	NA	NA	NA	NA	NA	NA
Rat124_bin.17	NA	NA	NA	NA	NA	NA	NA	NA	NA	NA	NA	NA	NA	NA	NA	NA	NA	NA	NA	NA	NA	NA	NA	NA	NA	NA	NA	0.00060918	NA	NA	0.00090683	NA	NA	NA	NA	NA	NA	NA	NA	NA	NA	NA	NA	NA	NA	NA	NA	NA	NA	NA	NA	NA	NA
Rat124_bin.18	NA	0.00393090	NA	NA	NA	NA	NA	0.00481314	NA	NA	NA	0.00128417	NA	NA	NA	NA	NA	NA	NA	NA	NA	NA	NA	NA	NA	NA	NA	NA	NA	NA	0.00076665	0.00229209	NA	NA	NA	NA	NA	NA	NA	NA	NA	NA	NA	NA	NA	NA	NA	NA	NA	NA	NA	NA	NA
Rat124_bin.19	NA	NA	NA	NA	NA	NA	NA	NA	NA	NA	0.00175501	NA	NA	NA	NA	NA	NA	NA	NA	NA	NA	NA	NA	NA	NA	NA	NA	NA	NA	NA	0.00071673	NA	NA	NA	NA	NA	NA	NA	NA	NA	NA	NA	0.00252759	NA	NA	NA	NA	NA	0.00120419	NA	0.00099502	NA	NA
Rat124_bin.2	0.00118482	NA	NA	NA	NA	NA	NA	0.00214273	NA	NA	NA	NA	NA	NA	NA	NA	NA	NA	0.00305195	NA	0.00236825	0.00331294	NA	0.00160428	NA	NA	NA	NA	NA	NA	0.00126665	NA	NA	NA	NA	NA	NA	NA	NA	NA	NA	NA	NA	NA	NA	NA	NA	NA	0.00250310	NA	NA	NA	NA
Rat124_bin.20	NA	NA	NA	0.01967218	0.02985086	0.01753786	NA	0.00415505	NA	NA	NA	NA	NA	NA	0.03199304	NA	0.02957933	NA	0.00768031	NA	0.01466276	0.01655870	0.01588075	0.01733562	NA	NA	NA	NA	NA	NA	0.00198667	NA	0.02873947	0.03127001	NA	NA	NA	NA	NA	NA	NA	NA	NA	NA	NA	NA	NA	NA	NA	NA	NA	NA	0.02794561
Rat124_bin.25	NA	NA	NA	NA	NA	NA	NA	NA	NA	NA	NA	NA	0.00039846	NA	NA	NA	NA	NA	NA	NA	NA	NA	NA	NA	NA	0.00038482	NA	NA	NA	NA	0.00052937	0.00073084	NA	NA	NA	NA	NA	NA	NA	NA	NA	NA	NA	NA	NA	NA	NA	0.00071830	0.00108458	NA	NA	NA	0.00054365
Rat124_bin.26	NA	NA	NA	0.00616276	NA	NA	NA	0.00345464	0.01132673	NA	NA	NA	0.01456228	NA	NA	NA	NA	NA	NA	0.01838567	0.00109548	NA	NA	0.00526463	NA	NA	NA	0.00603328	NA	NA	0.00095566	0.00798300	NA	NA	NA	NA	NA	NA	NA	NA	NA	0.00405096	NA	NA	NA	NA	0.00147505	NA	NA	NA	0.01978488	NA	NA
Rat124_bin.28	NA	NA	NA	NA	NA	NA	NA	NA	NA	NA	NA	NA	NA	NA	NA	NA	NA	0.00282877	NA	NA	NA	NA	NA	NA	NA	NA	NA	0.00107730	NA	NA	0.00088496	0.00358998	NA	NA	NA	NA	NA	NA	NA	NA	NA	NA	NA	NA	NA	NA	NA	NA	NA	NA	NA	NA	NA
Rat124_bin.29	NA	NA	NA	NA	NA	NA	NA	NA	NA	NA	NA	NA	0.00048812	NA	NA	NA	NA	NA	NA	NA	NA	NA	NA	NA	NA	NA	NA	NA	NA	NA	0.00133808	NA	NA	NA	NA	NA	NA	NA	NA	NA	NA	NA	NA	NA	NA	0.00285381	NA	NA	0.00252419	NA	NA	NA	NA
Rat124_bin.3	NA	NA	NA	NA	NA	NA	NA	NA	NA	NA	NA	NA	NA	NA	NA	NA	NA	NA	NA	NA	NA	NA	NA	NA	NA	NA	NA	NA	NA	NA	0.00090088	NA	NA	NA	NA	NA	NA	NA	NA	NA	NA	NA	NA	NA	NA	NA	NA	NA	NA	NA	NA	NA	NA
Rat124_bin.33	NA	NA	NA	0.00142823	NA	NA	NA	NA	NA	NA	NA	NA	NA	NA	NA	NA	NA	NA	NA	NA	NA	NA	NA	NA	0.00080454	NA	NA	NA	NA	NA	0.00115251	NA	NA	0.00268618	NA	NA	NA	NA	NA	NA	NA	NA	NA	NA	NA	NA	NA	NA	NA	NA	NA	NA	NA
Rat124_bin.34	NA	NA	NA	NA	NA	NA	NA	0.00153006	NA	NA	NA	NA	NA	NA	NA	0.00261287	NA	NA	0.00328671	NA	NA	NA	NA	0.00342747	NA	NA	NA	NA	NA	NA	0.00085225	NA	NA	NA	NA	NA	NA	NA	NA	NA	NA	NA	NA	NA	NA	NA	NA	NA	NA	NA	NA	NA	NA
Rat124_bin.36	NA	NA	NA	NA	NA	NA	NA	NA	NA	NA	NA	NA	NA	NA	NA	NA	NA	0.00063411	NA	0.00070092	NA	NA	NA	NA	NA	NA	NA	0.00058381	0.00134339	0.00064211	0.00077477	NA	0.00069174	NA	NA	NA	NA	NA	NA	NA	NA	NA	NA	NA	NA	NA	NA	NA	NA	0.00135218	NA	0.00116111	NA
Rat124_bin.38	NA	NA	NA	NA	NA	NA	NA	NA	NA	NA	NA	NA	NA	NA	NA	NA	NA	NA	NA	NA	NA	NA	NA	NA	NA	NA	NA	NA	NA	NA	0.00141153	NA	NA	NA	NA	NA	NA	NA	NA	NA	NA	NA	NA	NA	NA	NA	NA	NA	NA	NA	NA	NA	NA
Rat124_bin.39	NA	NA	NA	NA	NA	NA	NA	NA	NA	NA	NA	NA	NA	NA	NA	NA	NA	NA	NA	NA	NA	NA	NA	NA	NA	NA	NA	NA	NA	NA	0.00082199	NA	NA	NA	NA	NA	NA	NA	NA	0.00102117	NA	0.00299004	NA	NA	NA	NA	NA	NA	NA	NA	NA	0.00299700	NA
Rat124_bin.4	NA	NA	NA	NA	NA	NA	NA	NA	NA	NA	NA	NA	NA	NA	NA	NA	NA	NA	NA	NA	NA	NA	NA	NA	NA	NA	NA	NA	NA	NA	0.00052428	NA	NA	NA	NA	NA	NA	NA	NA	NA	NA	NA	NA	NA	NA	NA	NA	NA	NA	0.00113324	NA	NA	NA
Rat124_bin.40	NA	NA	0.00037433	NA	NA	0.00484531	0.00590654	NA	NA	NA	NA	0.00061826	NA	NA	NA	NA	NA	NA	0.00088511	0.00034332	NA	NA	NA	NA	NA	NA	NA	NA	NA	NA	0.00088903	NA	NA	NA	NA	NA	NA	NA	0.00091968	NA	NA	0.00052964	NA	NA	NA	0.00064282	NA	NA	NA	NA	NA	NA	0.00090567
Rat124_bin.41	0.00566993	NA	NA	NA	0.00426231	NA	0.00925812	0.00795381	NA	0.00191229	NA	NA	NA	NA	NA	NA	NA	NA	NA	NA	NA	0.00251500	NA	NA	NA	NA	NA	NA	NA	NA	0.00108126	NA	NA	NA	NA	NA	NA	NA	NA	NA	NA	NA	NA	NA	NA	NA	0.00165596	NA	NA	NA	NA	NA	NA
Rat124_bin.42	NA	NA	NA	NA	NA	NA	NA	NA	NA	NA	NA	NA	NA	NA	NA	NA	NA	NA	NA	NA	NA	NA	NA	NA	NA	NA	NA	NA	NA	NA	0.00144430	NA	NA	NA	NA	NA	NA	NA	NA	NA	NA	NA	NA	NA	NA	NA	NA	NA	NA	NA	NA	NA	NA
Rat124_bin.43	NA	NA	NA	0.00451204	NA	NA	NA	NA	0.00889127	NA	0.01273221	0.01271062	0.01398535	NA	NA	NA	NA	NA	NA	0.00557212	NA	NA	NA	NA	NA	NA	NA	0.01226843	NA	NA	0.00496996	0.01297560	NA	NA	NA	NA	NA	NA	NA	NA	NA	NA	NA	NA	NA	NA	0.00984038	NA	NA	NA	NA	NA	NA
Rat124_bin.44	NA	NA	NA	0.00545376	NA	NA	NA	NA	0.00714448	NA	NA	NA	0.00440977	NA	0.00360596	NA	NA	NA	NA	NA	NA	NA	NA	NA	NA	NA	NA	NA	0.00638192	NA	0.00069116	NA	NA	NA	NA	NA	NA	NA	NA	NA	NA	NA	0.00072226	NA	NA	NA	NA	NA	0.00126911	NA	NA	NA	NA
Rat124_bin.45	NA	NA	NA	NA	NA	NA	NA	NA	NA	NA	NA	NA	0.00053278	NA	0.00078942	NA	0.00081295	NA	NA	0.00054397	NA	NA	NA	NA	NA	NA	NA	0.00046426	NA	NA	0.00063555	0.00109713	0.00069917	0.00095028	NA	NA	NA	NA	NA	NA	NA	NA	NA	NA	NA	NA	0.00077705	NA	0.00120802	NA	NA	NA	NA
Rat124_bin.46	NA	NA	NA	NA	NA	NA	NA	NA	0.01036007	NA	0.01247392	0.01057307	NA	NA	NA	NA	0.00791013	NA	NA	0.00747034	NA	NA	NA	NA	NA	0.00465102	NA	0.00711330	0.00610043	NA	0.00221117	0.00535187	0.00593633	0.00437304	NA	NA	NA	NA	NA	NA	NA	NA	NA	NA	NA	NA	NA	NA	NA	NA	NA	NA	NA
Rat124_bin.47	0.01615599	0.01654820	0.02153428	0.02020985	0.01975315	0.01593812	0.01908137	0.00853087	0.02213015	0.01776819	0.02181548	0.01984501	0.02089493	0.01846040	0.02268724	0.01881519	0.01952935	0.01988512	0.00894637	0.02113945	0.01583381	0.01849018	0.01578862	0.01817775	0.01862448	0.01831214	0.01519227	0.01912104	0.01826666	0.01836758	0.00232987	0.01699405	0.01869530	0.01790242	0.02251231	NA	NA	NA	0.01962138	0.01589865	0.02506111	NA	0.02199976	0.01677789	NA	NA	0.01619503	0.01925206	0.02065710	0.02122740	NA	NA	NA
Rat124_bin.48	NA	NA	NA	NA	NA	NA	NA	NA	0.00094159	NA	NA	NA	0.00349378	NA	NA	NA	NA	NA	NA	0.00063426	NA	NA	NA	NA	NA	NA	NA	0.00083460	NA	NA	0.00065807	0.00112529	NA	NA	NA	NA	NA	NA	NA	NA	NA	NA	NA	NA	NA	NA	0.00077122	NA	0.00287758	NA	NA	0.00170784	NA
Rat124_bin.49	NA	NA	0.03212352	0.03717039	0.01226130	NA	NA	NA	0.02968637	NA	0.03662836	0.03660972	0.03401583	NA	0.02904456	NA	0.01981924	0.02492596	NA	0.02411320	NA	NA	NA	NA	NA	NA	NA	0.03886159	0.01089875	0.00837334	0.00611042	0.03111830	0.01891303	0.01293757	0.03633682	0.02703820	0.03036538	0.03101088	NA	NA	0.03314094	NA	0.02770704	NA	NA	NA	0.03491729	0.02195454	NA	0.02372409	NA	0.03436105	NA
Rat124_bin.50	NA	NA	NA	NA	NA	NA	NA	NA	NA	NA	NA	NA	NA	NA	NA	NA	NA	NA	NA	NA	NA	NA	NA	NA	NA	NA	NA	0.00247689	NA	NA	0.00093962	NA	NA	NA	NA	NA	NA	NA	NA	NA	NA	NA	NA	NA	NA	NA	NA	NA	NA	NA	NA	NA	NA
Rat124_bin.51	NA	NA	NA	NA	NA	NA	NA	NA	NA	NA	NA	NA	NA	NA	NA	NA	NA	NA	NA	NA	NA	NA	NA	NA	NA	NA	NA	0.00536160	0.01238572	NA	0.00242837	NA	NA	0.01126167	NA	NA	NA	NA	NA	NA	NA	0.00480147	NA	0.01060009	NA	NA	0.00302695	NA	NA	0.00814362	NA	NA	0.00733329
Rat124_bin.52	NA	NA	NA	0.00776256	NA	NA	NA	NA	0.01007117	NA	0.00522490	NA	NA	NA	NA	NA	0.00671619	0.00368930	NA	NA	NA	NA	NA	NA	NA	NA	NA	0.00786947	0.00144058	NA	0.00093841	NA	NA	NA	NA	NA	NA	NA	NA	NA	0.00519250	NA	NA	NA	NA	NA	NA	NA	NA	NA	NA	NA	NA
Rat124_bin.53	NA	NA	NA	NA	NA	NA	0.00078618	NA	NA	NA	0.00088876	NA	NA	0.00297195	NA	0.00505138	NA	NA	NA	NA	NA	NA	NA	NA	NA	NA	0.00134160	NA	NA	NA	0.00083449	0.00208690	NA	NA	NA	NA	NA	NA	NA	NA	NA	NA	NA	NA	NA	NA	NA	NA	NA	NA	NA	NA	NA
Rat124_bin.55	NA	NA	NA	NA	NA	NA	NA	NA	NA	NA	NA	0.00311313	NA	NA	NA	NA	NA	NA	NA	NA	NA	NA	NA	NA	NA	NA	NA	0.00546243	0.00188587	NA	0.00230624	NA	0.00162624	NA	NA	NA	NA	NA	NA	NA	NA	NA	NA	NA	NA	NA	NA	NA	NA	NA	NA	NA	NA
Rat124_bin.57	NA	NA	NA	NA	NA	NA	NA	NA	NA	NA	0.00054026	0.00090098	NA	NA	NA	NA	NA	NA	NA	NA	NA	NA	NA	NA	NA	NA	NA	0.00080105	NA	NA	0.00076290	NA	NA	NA	NA	NA	NA	NA	NA	NA	NA	NA	NA	NA	NA	NA	NA	NA	NA	NA	NA	NA	NA
Rat124_bin.58	NA	NA	NA	0.00196575	NA	NA	NA	NA	NA	NA	NA	NA	NA	NA	NA	NA	NA	NA	NA	NA	NA	NA	NA	NA	NA	NA	NA	0.00066992	NA	NA	0.00087489	NA	NA	NA	NA	NA	NA	NA	NA	NA	NA	NA	NA	NA	NA	NA	NA	NA	NA	NA	NA	NA	NA
Rat124_bin.59	NA	NA	0.00035383	NA	NA	NA	NA	NA	NA	NA	NA	NA	NA	NA	NA	NA	NA	NA	NA	NA	NA	NA	NA	NA	NA	NA	NA	NA	NA	NA	0.00047043	NA	NA	NA	NA	NA	NA	NA	NA	NA	NA	NA	NA	NA	NA	0.00084754	0.00049162	NA	NA	NA	NA	NA	NA
Rat124_bin.60	NA	0.00145873	0.00314404	0.00396675	NA	0.00450148	NA	0.00369231	0.00341756	0.00365642	0.00294738	0.00489352	0.00380947	NA	NA	0.00366224	NA	NA	NA	NA	NA	NA	0.00270128	NA	NA	NA	0.00178578	NA	0.00224573	0.00151159	0.00059712	NA	NA	NA	NA	NA	NA	NA	NA	0.00606506	NA	NA	NA	NA	NA	0.00426459	0.00154068	0.00377518	0.00381339	NA	0.00212551	0.00339480	NA
Rat124_bin.8	NA	NA	NA	NA	NA	NA	NA	NA	NA	NA	0.01194158	NA	NA	NA	NA	NA	NA	NA	NA	NA	NA	NA	NA	NA	NA	NA	NA	0.00401631	NA	NA	0.00099209	NA	0.00105660	NA	NA	NA	NA	NA	NA	NA	NA	NA	NA	NA	NA	NA	NA	NA	NA	NA	NA	NA	NA
Rat124_bin.9	NA	NA	NA	0.00053330	NA	NA	NA	NA	0.00143066	NA	NA	0.00059657	NA	NA	NA	NA	0.00079576	NA	NA	NA	NA	NA	NA	NA	NA	NA	NA	0.00043986	NA	NA	0.00075502	NA	NA	NA	NA	NA	NA	NA	NA	NA	NA	NA	NA	NA	NA	NA	NA	NA	NA	NA	NA	NA	NA
Rat125_bin.1	NA	NA	NA	NA	NA	NA	NA	NA	NA	NA	NA	NA	0.00061598	0.00168767	0.00067318	NA	0.00077588	NA	NA	0.00055841	NA	NA	NA	NA	NA	NA	NA	0.00081323	NA	NA	0.00066903	0.00125989	0.00105694	NA	NA	NA	NA	NA	NA	NA	NA	NA	NA	NA	NA	NA	0.00090016	NA	0.00127206	NA	NA	NA	NA
Rat125_bin.10	0.01671692	0.01151847	0.02935848	0.03225491	0.01261306	0.00487447	NA	0.01534590	0.03453220	0.00965971	0.03525752	0.02400208	0.03198448	NA	0.01722676	NA	0.02160969	0.01065064	NA	NA	NA	NA	NA	NA	NA	NA	NA	0.03697883	NA	0.02799428	0.03167895	0.01029015	0.02282739	0.00880166	0.03111164	0.02116945	0.02636513	0.01901455	0.01234574	NA	0.01518382	NA	0.02174346	NA	NA	0.02838335	0.01699619	0.01491682	NA	0.01664259	NA	0.02457474	NA
Rat125_bin.11	NA	NA	NA	0.00123759	NA	NA	NA	NA	NA	NA	NA	0.00126257	NA	NA	NA	NA	NA	NA	NA	NA	NA	NA	NA	NA	NA	NA	NA	NA	NA	NA	0.00084090	0.00230178	NA	NA	0.00073218	0.00054949	NA	NA	NA	0.00803315	NA	NA	NA	NA	NA	NA	0.00142757	0.00231837	0.00337131	NA	0.00225040	NA	NA
Rat125_bin.12	NA	NA	NA	NA	NA	NA	NA	NA	NA	NA	NA	NA	0.00343270	NA	NA	NA	NA	NA	NA	0.00187340	NA	NA	NA	NA	NA	NA	NA	0.00045565	NA	NA	NA	0.00117012	NA	NA	NA	NA	NA	NA	NA	NA	NA	NA	NA	NA	NA	NA	NA	0.00111933	NA	NA	0.00088341	NA	NA
Rat125_bin.13	NA	NA	NA	NA	NA	NA	NA	NA	0.00712619	NA	NA	NA	NA	NA	NA	NA	NA	NA	NA	NA	NA	NA	NA	NA	NA	NA	NA	0.00207951	0.00451738	NA	NA	0.00077632	NA	0.00527018	NA	NA	NA	NA	NA	NA	NA	NA	0.00251127	NA	NA	NA	NA	NA	NA	NA	NA	NA	NA
Rat125_bin.14	NA	NA	NA	NA	NA	NA	NA	NA	NA	NA	NA	NA	NA	NA	NA	NA	NA	NA	NA	0.00090741	NA	NA	NA	NA	0.00067708	0.00130381	NA	NA	NA	NA	NA	0.00065685	NA	NA	NA	NA	NA	NA	NA	NA	NA	NA	NA	NA	NA	NA	NA	NA	NA	NA	NA	NA	NA
Rat125_bin.15	NA	NA	NA	NA	NA	NA	NA	NA	NA	NA	NA	NA	NA	NA	NA	NA	NA	NA	NA	NA	NA	NA	NA	NA	0.00213982	NA	NA	0.02062573	0.00817546	NA	0.01068888	0.00217482	0.02061991	0.00213148	NA	NA	NA	NA	0.00247160	NA	NA	NA	NA	NA	NA	NA	NA	NA	NA	NA	NA	NA	NA
Rat125_bin.16	NA	NA	NA	0.00930338	NA	NA	NA	NA	0.00316413	NA	0.02338359	0.01645756	0.00300412	NA	NA	NA	NA	NA	NA	NA	NA	NA	NA	NA	NA	NA	NA	NA	NA	NA	NA	0.00108375	NA	NA	NA	NA	NA	NA	NA	NA	NA	NA	NA	NA	NA	NA	NA	NA	NA	NA	NA	NA	NA
Rat125_bin.18	NA	NA	NA	NA	NA	NA	NA	NA	NA	NA	NA	NA	NA	NA	0.00125550	NA	0.00097986	0.00079861	NA	NA	NA	NA	NA	NA	NA	NA	NA	0.00212657	0.00232337	NA	NA	0.00095565	NA	0.00289056	NA	NA	NA	NA	NA	NA	NA	NA	NA	NA	NA	NA	0.00153062	NA	NA	NA	NA	NA	0.00139070
Rat125_bin.19	NA	NA	NA	NA	NA	NA	NA	NA	NA	NA	NA	NA	NA	NA	NA	NA	NA	NA	NA	0.00087390	NA	NA	NA	NA	NA	NA	NA	NA	NA	NA	0.00082249	0.00188476	NA	NA	NA	NA	NA	NA	0.00132341	NA	NA	NA	NA	NA	NA	NA	0.00087482	NA	NA	NA	NA	NA	NA
Rat125_bin.2	NA	NA	0.00036784	NA	NA	NA	NA	NA	NA	NA	0.00025281	NA	NA	NA	NA	NA	NA	NA	NA	NA	NA	NA	NA	NA	NA	NA	NA	NA	NA	NA	NA	0.00097626	NA	NA	NA	NA	NA	NA	NA	NA	NA	NA	NA	NA	NA	0.00080188	0.00070467	NA	NA	NA	NA	NA	NA
Rat125_bin.20	NA	NA	NA	NA	NA	NA	NA	NA	0.00266804	NA	NA	NA	NA	NA	NA	NA	NA	NA	NA	0.00396237	NA	NA	NA	NA	NA	NA	NA	0.00288540	NA	0.00081335	0.00139997	0.00309113	0.00121127	NA	NA	NA	NA	NA	NA	NA	NA	NA	0.00188546	NA	NA	NA	0.00519526	NA	NA	NA	NA	NA	NA
Rat125_bin.23	NA	NA	NA	NA	NA	NA	NA	NA	NA	NA	NA	0.00202944	0.00295546	NA	NA	NA	NA	NA	NA	NA	NA	NA	NA	NA	NA	NA	NA	NA	NA	NA	NA	0.00124197	NA	NA	NA	NA	NA	NA	NA	NA	NA	NA	NA	NA	NA	0.01117796	NA	0.02421860	0.01353660	0.01340922	NA	0.02240490	NA
Rat125_bin.25	NA	NA	0.00666613	NA	NA	NA	NA	NA	0.01676703	NA	NA	NA	0.01907150	NA	NA	NA	NA	NA	NA	0.00404226	NA	NA	NA	NA	NA	NA	NA	NA	NA	NA	0.00310814	0.00190806	NA	0.00436223	NA	NA	NA	NA	NA	NA	NA	NA	NA	NA	NA	0.00394908	0.00577112	0.00487921	0.00369332	NA	0.00351916	0.00655234	0.00212842
Rat125_bin.27	NA	NA	NA	NA	NA	NA	NA	NA	NA	NA	NA	NA	NA	NA	NA	NA	NA	NA	NA	0.00812248	NA	NA	NA	NA	NA	NA	NA	0.00539441	NA	NA	NA	0.00215251	NA	NA	NA	NA	NA	NA	NA	NA	NA	NA	NA	NA	NA	NA	NA	NA	NA	NA	NA	NA	NA
Rat125_bin.3	NA	NA	NA	NA	NA	NA	NA	NA	0.00171912	NA	NA	NA	0.00419846	NA	NA	NA	NA	NA	NA	0.00089008	NA	NA	NA	NA	NA	NA	NA	NA	NA	NA	0.00123189	0.00134290	NA	NA	NA	NA	NA	NA	NA	NA	NA	NA	NA	NA	NA	NA	0.00110134	NA	0.00555868	NA	NA	0.00303958	NA
Rat125_bin.5	0.00119231	NA	NA	NA	0.00186409	0.00118108	NA	0.00187546	0.00080674	0.00128811	NA	NA	NA	0.00193403	NA	NA	NA	NA	0.00166634	0.00058389	NA	NA	NA	NA	NA	NA	NA	NA	NA	NA	NA	0.00188312	NA	NA	NA	NA	NA	NA	NA	NA	NA	NA	NA	NA	NA	NA	NA	NA	NA	NA	NA	NA	NA
Rat125_bin.7	NA	NA	NA	0.00131890	NA	NA	NA	0.00569796	NA	NA	NA	NA	NA	NA	NA	NA	NA	NA	0.00851019	NA	0.00328860	NA	0.00299888	NA	NA	NA	NA	NA	0.00161509	NA	0.00294717	0.00162661	NA	0.00126852	NA	NA	NA	NA	NA	NA	NA	NA	NA	NA	NA	NA	NA	NA	NA	NA	NA	NA	NA
Rat125_bin.8	NA	NA	NA	0.00099784	NA	NA	NA	NA	0.00134351	NA	NA	NA	NA	NA	NA	NA	NA	NA	NA	0.00466332	NA	NA	NA	NA	NA	NA	NA	0.00191052	NA	NA	0.00334810	0.00262518	NA	NA	NA	NA	NA	NA	NA	NA	NA	NA	0.00090995	NA	NA	0.00173158	NA	0.01397462	0.00482128	0.00183625	0.00771877	NA	NA
Rat127_bin.1	NA	NA	NA	NA	NA	NA	NA	NA	NA	NA	NA	NA	NA	NA	NA	NA	NA	NA	NA	NA	NA	NA	NA	NA	NA	NA	NA	NA	0.00562403	NA	0.00287508	NA	0.00252225	0.00247492	NA	NA	NA	NA	0.00989139	NA	0.00496092	NA	NA	0.01539327	NA	NA	NA	NA	NA	0.00699754	NA	NA	NA
Rat127_bin.12	NA	NA	0.00301672	NA	NA	NA	NA	NA	NA	NA	NA	NA	NA	NA	NA	NA	NA	NA	NA	NA	NA	NA	NA	NA	NA	NA	NA	NA	NA	NA	NA	NA	0.00085707	NA	NA	NA	NA	NA	NA	NA	NA	NA	NA	NA	NA	NA	NA	NA	NA	NA	NA	NA	NA
Rat127_bin.13	NA	NA	0.01501877	0.01147607	0.00138225	NA	NA	NA	0.00759183	NA	0.01648410	0.00608286	0.00822546	NA	0.01086825	NA	NA	0.00743430	NA	0.00402917	NA	NA	NA	NA	NA	NA	NA	0.01075018	0.00529432	0.00176953	0.00769908	NA	0.00142539	0.00603024	NA	0.00370774	NA	NA	NA	NA	0.01022988	NA	NA	NA	NA	NA	NA	NA	NA	NA	NA	NA	NA
Rat127_bin.14	NA	NA	NA	0.00300062	NA	NA	NA	NA	0.00469536	NA	0.00766090	0.00645239	NA	NA	NA	NA	0.00897516	0.00474262	NA	0.00707127	NA	NA	NA	NA	NA	NA	NA	0.00680256	0.01188740	0.00753541	0.00153180	0.00625592	0.00113151	0.00898270	NA	NA	NA	NA	NA	NA	NA	NA	NA	NA	NA	NA	NA	NA	NA	NA	NA	0.01074148	NA
Rat127_bin.16	NA	NA	NA	NA	NA	NA	NA	NA	NA	NA	0.00506429	NA	NA	NA	NA	NA	NA	NA	NA	NA	NA	NA	NA	NA	NA	NA	NA	0.00092926	NA	NA	NA	NA	0.00099188	0.00102397	NA	NA	NA	NA	NA	NA	NA	NA	NA	NA	NA	NA	NA	NA	0.00259500	NA	NA	NA	NA
Rat127_bin.17	NA	NA	0.00081019	0.00088168	NA	NA	NA	NA	NA	NA	NA	0.00070300	0.00057816	NA	NA	NA	NA	NA	NA	NA	NA	NA	NA	NA	NA	NA	NA	0.00077321	NA	0.00070320	0.00108031	0.00150682	0.00090070	0.00088092	NA	NA	NA	NA	NA	NA	NA	NA	0.00108577	NA	NA	NA	NA	NA	0.00153340	NA	NA	NA	NA
Rat127_bin.18	NA	NA	NA	NA	NA	NA	NA	NA	NA	NA	0.01929661	NA	NA	NA	0.01440589	NA	NA	0.01375132	NA	NA	NA	NA	NA	NA	NA	NA	NA	NA	NA	NA	NA	NA	0.00145689	0.00776830	NA	NA	NA	NA	NA	NA	NA	NA	NA	NA	NA	NA	NA	NA	NA	NA	NA	NA	NA
Rat127_bin.19	NA	NA	NA	NA	NA	NA	NA	NA	NA	NA	0.00742849	NA	NA	NA	NA	NA	NA	NA	NA	NA	NA	NA	NA	NA	NA	NA	NA	NA	NA	NA	NA	NA	0.00191137	0.00473898	NA	NA	NA	0.00124607	NA	NA	NA	NA	NA	NA	NA	NA	NA	NA	NA	NA	NA	NA	NA
Rat127_bin.2	NA	NA	NA	NA	NA	NA	NA	NA	NA	NA	0.00257244	NA	NA	NA	NA	NA	NA	NA	NA	NA	NA	NA	NA	NA	NA	NA	NA	0.00132130	NA	NA	NA	NA	0.00130990	0.00136478	NA	NA	NA	NA	NA	NA	NA	NA	NA	NA	NA	NA	NA	NA	NA	NA	NA	NA	NA
Rat127_bin.20	NA	NA	NA	NA	NA	NA	NA	NA	NA	NA	NA	0.00186259	NA	NA	NA	NA	0.00227781	NA	NA	NA	NA	NA	NA	NA	NA	NA	NA	0.00064187	NA	0.00159978	NA	0.00212532	0.00101676	0.00211882	NA	NA	NA	NA	0.00122651	NA	NA	NA	0.00118235	NA	NA	NA	NA	NA	NA	NA	NA	NA	NA
Rat127_bin.21	NA	NA	NA	NA	NA	NA	NA	NA	NA	NA	0.00252024	0.00082006	0.00088540	NA	NA	NA	0.00100561	NA	NA	NA	NA	NA	NA	NA	NA	NA	NA	0.00057481	NA	NA	0.00116493	NA	0.00091726	NA	NA	NA	NA	NA	NA	NA	NA	NA	NA	NA	NA	NA	NA	NA	0.00215958	NA	NA	NA	NA
Rat127_bin.22	NA	NA	NA	NA	0.00642097	NA	NA	NA	NA	NA	NA	NA	0.01007426	NA	NA	NA	NA	0.00426177	NA	NA	NA	NA	NA	NA	NA	NA	NA	NA	0.00449978	NA	NA	NA	0.00167970	0.00457061	NA	NA	NA	NA	0.00735308	0.00349529	NA	NA	NA	NA	NA	0.00695664	NA	NA	NA	NA	NA	NA	0.00687896
Rat127_bin.23	NA	0.00171633	0.00125283	NA	0.00051187	NA	NA	NA	NA	NA	NA	0.00057606	NA	NA	NA	NA	0.00179972	NA	NA	0.00072646	NA	NA	NA	0.00084035	NA	NA	0.00168625	0.00066808	0.00157347	0.00094454	NA	0.00061474	0.00108544	0.00157121	NA	NA	NA	NA	NA	0.00083229	0.00419077	0.00079050	NA	NA	NA	NA	NA	NA	NA	0.00213195	NA	NA	0.00064502
Rat127_bin.24	NA	NA	0.02703612	0.02765882	0.00619064	NA	NA	NA	0.02762394	NA	0.02734277	0.02774315	0.03489366	NA	0.02744967	NA	0.03077561	0.01346000	NA	0.02673352	NA	NA	NA	NA	NA	NA	NA	0.02945471	NA	0.02755537	0.02805561	0.03084238	0.00607192	0.02477122	0.03129672	0.02907063	0.03071294	NA	NA	NA	0.03872682	NA	0.01494229	NA	NA	NA	NA	0.02147561	NA	0.03015623	NA	NA	NA
Rat127_bin.26	NA	NA	NA	NA	NA	NA	NA	NA	NA	NA	0.00178928	NA	NA	NA	0.00171664	NA	NA	NA	NA	NA	NA	NA	NA	NA	NA	NA	NA	NA	NA	NA	NA	NA	0.00172318	0.00281501	NA	NA	NA	NA	NA	NA	NA	NA	NA	NA	NA	NA	NA	NA	NA	NA	NA	NA	NA
Rat127_bin.28	NA	NA	NA	NA	NA	NA	NA	NA	0.00110402	NA	NA	NA	NA	NA	NA	NA	NA	NA	NA	NA	NA	NA	NA	NA	NA	NA	NA	NA	0.00107397	NA	NA	NA	0.00070106	NA	NA	NA	NA	0.00117354	NA	NA	NA	NA	NA	NA	NA	NA	NA	NA	NA	NA	NA	NA	NA
Rat127_bin.29	NA	NA	NA	NA	NA	NA	NA	NA	NA	NA	NA	NA	NA	0.00071178	NA	NA	NA	NA	NA	NA	NA	NA	NA	NA	0.00052087	NA	NA	NA	NA	NA	0.00071422	NA	0.00073315	0.00097681	NA	NA	NA	NA	NA	NA	NA	NA	NA	NA	NA	NA	NA	NA	NA	NA	NA	NA	NA
Rat127_bin.3	NA	NA	NA	NA	NA	NA	NA	NA	0.00423184	NA	NA	NA	0.00800980	NA	NA	NA	NA	0.00257926	NA	0.00579769	NA	NA	NA	NA	NA	NA	NA	0.00159114	NA	0.00282121	0.00120939	0.00409038	0.00112386	0.00202985	NA	NA	NA	NA	NA	NA	NA	NA	0.00193641	NA	NA	NA	0.00629128	NA	NA	0.00409443	NA	NA	NA
Rat127_bin.30	NA	NA	NA	NA	NA	NA	NA	NA	NA	NA	NA	NA	NA	NA	NA	NA	NA	0.00111210	NA	NA	NA	NA	NA	NA	NA	NA	NA	NA	NA	NA	NA	NA	0.00115939	0.00261509	0.00129543	0.00215709	0.00088077	0.00099798	NA	NA	NA	NA	NA	NA	NA	NA	NA	NA	NA	NA	NA	NA	NA
Rat127_bin.31	NA	NA	NA	NA	NA	NA	NA	NA	NA	NA	NA	NA	NA	NA	0.00284032	NA	0.00190623	NA	NA	NA	NA	NA	NA	NA	NA	NA	NA	NA	0.00198898	NA	NA	NA	0.00113050	0.00807454	NA	NA	NA	NA	0.00163356	NA	NA	NA	NA	NA	NA	NA	NA	NA	NA	NA	NA	NA	NA
Rat127_bin.33	NA	NA	0.00062911	NA	NA	NA	NA	NA	NA	NA	NA	NA	NA	NA	NA	NA	0.00084806	NA	NA	0.00082540	NA	NA	NA	NA	NA	NA	0.00058754	0.00307000	0.00325008	NA	0.00125788	0.00234670	0.00091597	0.00123281	NA	NA	NA	NA	NA	NA	NA	0.00224487	0.00096828	NA	NA	NA	NA	NA	NA	NA	NA	NA	NA
Rat127_bin.35	NA	NA	0.00931956	0.00452065	NA	NA	NA	NA	0.01439642	NA	0.01330482	0.01571399	0.01358821	NA	0.00675100	NA	0.00913575	0.00307182	NA	0.01171594	NA	NA	NA	NA	NA	NA	NA	0.01083862	NA	NA	0.00750501	NA	0.00385822	0.00549175	0.00906006	0.00874778	NA	0.00902343	NA	NA	0.01049296	NA	NA	NA	NA	NA	NA	NA	NA	NA	NA	NA	NA
Rat127_bin.36	NA	NA	0.00763481	0.00762493	NA	NA	NA	NA	0.00858827	NA	0.00955924	0.01055964	0.00790477	NA	NA	NA	0.00471709	0.00131563	NA	0.00257780	NA	NA	NA	NA	NA	NA	NA	0.00602575	NA	NA	0.00756345	NA	0.00515630	0.00311641	0.00635852	0.00481800	0.00271747	0.00166299	NA	NA	NA	NA	NA	NA	NA	NA	NA	NA	NA	NA	NA	NA	NA
Rat127_bin.37	NA	NA	NA	0.00073009	NA	NA	NA	NA	NA	NA	NA	0.00115734	0.00172844	NA	NA	NA	NA	NA	NA	NA	NA	NA	NA	NA	NA	NA	NA	NA	NA	NA	NA	NA	0.00119284	0.00097241	NA	NA	NA	NA	NA	NA	NA	NA	0.00158305	NA	NA	NA	NA	NA	0.00151874	NA	NA	NA	NA
Rat127_bin.38	NA	NA	NA	0.00607757	NA	NA	NA	NA	NA	NA	NA	0.00189037	NA	NA	NA	NA	NA	NA	NA	NA	NA	NA	NA	NA	NA	NA	NA	NA	0.00166591	0.00176974	0.00296618	NA	0.00126148	0.00356456	NA	NA	NA	NA	NA	NA	NA	NA	NA	NA	NA	NA	NA	NA	NA	NA	NA	NA	NA
Rat127_bin.39	NA	NA	NA	NA	NA	NA	NA	NA	NA	NA	NA	NA	NA	NA	NA	NA	NA	NA	NA	NA	NA	NA	NA	NA	NA	NA	NA	0.00034119	0.00057716	NA	0.00037672	0.00375757	0.00065711	0.00082910	NA	NA	NA	NA	NA	NA	NA	NA	NA	NA	NA	NA	NA	NA	0.00132825	NA	NA	NA	NA
Rat127_bin.4	NA	NA	NA	NA	NA	NA	NA	NA	NA	NA	NA	0.00691587	NA	NA	NA	NA	NA	NA	NA	NA	NA	NA	NA	NA	NA	NA	NA	0.00586547	NA	0.00220803	NA	NA	0.00092363	0.00091439	NA	0.00170065	NA	NA	NA	NA	NA	NA	0.00198775	NA	NA	NA	NA	NA	NA	NA	NA	NA	NA
Rat127_bin.42	NA	NA	NA	NA	NA	NA	NA	NA	0.00550240	NA	NA	NA	0.00508993	NA	NA	NA	0.00129300	0.00083208	NA	NA	NA	NA	NA	NA	NA	NA	NA	NA	NA	NA	0.00158758	NA	0.00102749	0.00178956	NA	NA	NA	NA	NA	NA	NA	NA	NA	NA	NA	NA	NA	NA	NA	0.00118394	NA	NA	NA
Rat127_bin.43	NA	NA	NA	NA	NA	NA	NA	NA	NA	NA	NA	NA	NA	NA	NA	NA	NA	NA	NA	NA	NA	NA	NA	NA	NA	NA	NA	NA	0.00081698	0.00047423	0.00172551	0.00219066	0.00076520	0.00254193	NA	NA	NA	NA	NA	NA	NA	NA	NA	NA	NA	NA	NA	NA	NA	NA	NA	NA	NA
Rat127_bin.44	NA	NA	0.00301897	NA	NA	NA	NA	NA	0.00472721	NA	NA	0.01239317	0.00188738	NA	NA	NA	NA	NA	NA	0.00882253	NA	NA	NA	NA	NA	NA	NA	0.00905573	NA	NA	0.00159063	0.01002980	0.00108541	0.00178117	NA	NA	NA	NA	NA	NA	NA	NA	NA	NA	NA	NA	NA	NA	NA	NA	NA	NA	NA
Rat127_bin.45	NA	NA	NA	0.00121651	NA	NA	NA	NA	NA	NA	0.00060682	0.00086772	NA	NA	0.00184545	NA	NA	0.00076885	NA	NA	NA	NA	NA	NA	NA	NA	NA	NA	NA	NA	NA	NA	0.00106702	NA	NA	NA	NA	NA	NA	NA	NA	NA	0.00136859	NA	NA	NA	NA	NA	NA	NA	NA	NA	NA
Rat127_bin.47	NA	NA	NA	0.00291463	NA	NA	NA	NA	NA	NA	NA	0.00132035	NA	NA	NA	NA	NA	NA	NA	NA	NA	NA	NA	NA	NA	NA	NA	NA	NA	NA	0.00241659	NA	0.00090487	NA	NA	NA	NA	NA	NA	NA	NA	NA	NA	NA	NA	NA	NA	0.00180273	NA	NA	NA	0.00149546	NA
Rat127_bin.5	NA	NA	NA	NA	NA	NA	NA	NA	0.00093744	NA	NA	NA	NA	NA	NA	NA	NA	NA	NA	NA	NA	NA	NA	NA	NA	NA	NA	NA	NA	NA	NA	NA	0.00081214	NA	NA	NA	NA	NA	NA	NA	NA	NA	NA	NA	NA	NA	NA	NA	NA	NA	NA	NA	NA
Rat127_bin.6	NA	NA	NA	NA	NA	NA	NA	NA	NA	NA	NA	NA	NA	NA	0.00559667	NA	NA	NA	NA	NA	NA	NA	NA	NA	NA	NA	NA	NA	NA	NA	NA	NA	0.00309301	NA	NA	NA	NA	NA	NA	NA	NA	NA	NA	NA	NA	NA	NA	NA	NA	NA	NA	NA	NA
Rat128_bin.10	NA	NA	NA	NA	NA	0.00449853	NA	NA	NA	NA	NA	NA	NA	NA	NA	NA	NA	NA	NA	NA	NA	NA	NA	NA	NA	NA	NA	NA	NA	NA	NA	NA	NA	0.00096385	NA	NA	NA	NA	NA	NA	NA	NA	NA	NA	NA	NA	NA	NA	NA	NA	NA	NA	NA
Rat128_bin.13	NA	NA	NA	NA	NA	NA	NA	NA	NA	NA	0.01034548	NA	NA	NA	NA	NA	NA	NA	NA	NA	NA	NA	NA	NA	NA	NA	NA	0.00438621	NA	NA	NA	NA	NA	0.00250528	NA	NA	NA	NA	NA	NA	NA	NA	NA	NA	NA	NA	NA	NA	NA	NA	NA	NA	NA
Rat128_bin.14	NA	NA	NA	NA	NA	NA	NA	NA	NA	NA	NA	NA	NA	NA	NA	NA	NA	0.00091960	NA	NA	NA	NA	NA	NA	NA	NA	NA	NA	0.00097905	NA	NA	0.00255449	0.00084089	0.00086811	NA	NA	NA	NA	0.00237867	NA	NA	NA	NA	NA	NA	NA	NA	NA	NA	NA	NA	NA	NA
Rat128_bin.15	NA	NA	NA	NA	NA	NA	NA	NA	NA	NA	NA	NA	NA	NA	NA	NA	NA	NA	NA	NA	NA	NA	NA	NA	NA	NA	NA	NA	0.00397858	NA	NA	NA	NA	0.00477763	NA	NA	NA	NA	NA	NA	NA	NA	NA	NA	NA	NA	NA	NA	NA	0.00597885	NA	NA	0.00486660
Rat128_bin.16	NA	NA	NA	NA	NA	NA	NA	NA	0.00175043	NA	NA	0.00195899	0.00175368	NA	NA	NA	0.00159001	0.00061194	NA	NA	NA	NA	NA	NA	NA	NA	NA	0.00097420	0.00082903	0.00096285	NA	0.00179499	0.00143948	0.00139557	NA	NA	NA	NA	NA	NA	NA	NA	NA	NA	NA	NA	NA	NA	0.00141956	NA	NA	NA	NA
Rat128_bin.17	NA	0.00629789	0.00119494	NA	NA	NA	NA	NA	0.00351767	0.00655488	NA	NA	NA	0.00529564	0.00115306	0.00504512	0.00209325	NA	NA	0.00244432	NA	NA	NA	NA	0.00300200	0.00255096	NA	NA	0.00167175	0.00216498	0.00226906	NA	NA	0.00106593	NA	NA	NA	NA	0.00379452	NA	NA	NA	NA	NA	NA	NA	NA	NA	NA	NA	NA	NA	NA
Rat128_bin.19	NA	NA	NA	NA	NA	NA	NA	NA	NA	NA	NA	NA	NA	NA	NA	NA	NA	NA	NA	NA	NA	NA	NA	NA	NA	NA	NA	NA	NA	NA	NA	NA	NA	0.00092986	NA	NA	NA	NA	NA	NA	NA	NA	NA	NA	NA	NA	NA	NA	NA	NA	NA	NA	NA
Rat128_bin.2	NA	NA	NA	NA	NA	NA	NA	NA	NA	NA	0.00722128	NA	NA	NA	0.00155562	NA	0.00357360	0.00144644	NA	NA	NA	NA	NA	NA	NA	NA	NA	NA	0.00283032	NA	NA	NA	0.00087828	0.00081977	NA	NA	0.00241069	NA	NA	NA	NA	NA	NA	NA	NA	NA	NA	NA	NA	NA	NA	NA	NA
Rat128_bin.20	NA	NA	NA	NA	NA	0.00185422	NA	NA	0.00105976	0.00146875	NA	NA	NA	NA	NA	0.00067499	NA	NA	NA	NA	NA	0.00146286	0.00121112	0.00225755	NA	NA	NA	NA	0.00071773	NA	0.00178021	0.00055053	0.00108851	0.00046756	NA	NA	NA	NA	0.00062233	NA	NA	NA	NA	NA	NA	NA	NA	NA	NA	NA	NA	NA	NA
Rat128_bin.22	NA	NA	NA	NA	0.00235861	NA	NA	NA	NA	NA	NA	0.00188709	NA	NA	0.00104861	NA	0.00130552	0.00344737	NA	0.00110402	NA	NA	NA	NA	NA	NA	NA	NA	NA	0.00090873	NA	0.00105955	NA	0.00089223	NA	NA	NA	NA	NA	NA	NA	NA	0.00124755	NA	NA	NA	NA	NA	NA	NA	NA	NA	NA
Rat128_bin.24	NA	NA	0.01312146	0.01052178	NA	NA	NA	NA	NA	NA	0.01530395	0.00991044	NA	NA	0.00371758	NA	0.00187198	0.00193033	NA	NA	NA	NA	NA	NA	NA	NA	NA	0.00381307	0.00580647	0.00523296	0.00714903	0.00383825	0.00961198	0.00436283	NA	NA	NA	NA	NA	NA	NA	NA	0.00653833	NA	NA	NA	0.00265019	NA	NA	NA	NA	NA	0.00230633
Rat128_bin.25	NA	NA	0.00154788	NA	NA	NA	NA	NA	NA	NA	NA	0.00238361	NA	NA	NA	NA	NA	NA	NA	NA	NA	NA	NA	NA	NA	NA	NA	0.00043544	NA	0.00051990	NA	NA	NA	0.00085311	NA	NA	NA	NA	NA	NA	NA	NA	0.00081026	NA	NA	NA	NA	NA	NA	NA	NA	NA	NA
Rat128_bin.26	NA	NA	NA	0.00058441	NA	NA	NA	NA	NA	NA	NA	NA	NA	NA	NA	NA	NA	NA	NA	NA	NA	NA	NA	NA	NA	NA	NA	0.00079498	NA	NA	NA	0.00237548	0.00133709	0.00135956	NA	NA	NA	NA	NA	NA	NA	NA	0.00118053	NA	NA	NA	NA	NA	NA	0.00187120	NA	NA	NA
Rat128_bin.28	NA	NA	NA	NA	NA	NA	NA	NA	NA	NA	NA	NA	0.00269860	NA	NA	NA	NA	NA	NA	0.00081466	NA	NA	NA	NA	NA	NA	NA	NA	0.00049809	NA	NA	0.00174224	NA	0.00096667	NA	NA	NA	NA	NA	NA	NA	NA	NA	NA	NA	NA	0.00114129	NA	NA	NA	NA	NA	NA
Rat128_bin.29	NA	NA	NA	NA	NA	NA	NA	NA	0.00574043	NA	NA	NA	NA	NA	NA	NA	NA	NA	NA	NA	NA	NA	NA	NA	NA	NA	NA	0.00420928	0.00389339	0.00240855	NA	NA	NA	0.00348531	NA	NA	NA	NA	NA	NA	NA	NA	0.00182454	NA	NA	NA	NA	NA	NA	NA	NA	NA	NA
Rat128_bin.3	NA	NA	NA	NA	NA	NA	NA	NA	0.01404179	NA	NA	0.01306306	0.01150101	NA	0.00763887	NA	0.00463637	NA	NA	NA	NA	NA	NA	NA	NA	NA	NA	0.00572827	NA	0.00209049	NA	NA	0.00208085	0.00151947	NA	NA	NA	NA	NA	NA	NA	NA	NA	NA	NA	NA	NA	NA	NA	NA	NA	NA	NA
Rat128_bin.30	0.00465363	NA	NA	NA	NA	0.00468038	NA	0.00633094	NA	0.00644461	NA	NA	NA	0.00517982	NA	0.00543415	0.00274534	NA	NA	NA	NA	NA	0.00501888	NA	0.00420278	0.00473841	0.00429863	NA	NA	NA	NA	NA	NA	0.00081946	NA	NA	NA	NA	NA	NA	NA	NA	NA	NA	NA	NA	NA	NA	NA	NA	NA	NA	NA
Rat128_bin.32	NA	NA	NA	NA	NA	NA	NA	NA	NA	NA	NA	NA	NA	NA	NA	NA	NA	NA	NA	NA	NA	NA	NA	NA	NA	NA	NA	NA	0.00177241	NA	NA	NA	0.00110118	0.00081258	NA	NA	NA	NA	0.00454702	NA	NA	NA	NA	NA	NA	NA	NA	NA	NA	NA	0.00085329	NA	NA
Rat128_bin.33	NA	NA	NA	0.00603317	0.00117990	NA	NA	NA	0.00572252	NA	0.00546565	0.00189355	0.00641718	NA	0.00587196	NA	NA	NA	NA	0.00503076	NA	NA	NA	NA	NA	NA	NA	0.00556091	0.00502889	NA	0.00530801	0.00311275	0.00531602	0.00165018	0.00165885	NA	NA	NA	NA	NA	0.00295756	NA	0.00107732	NA	NA	NA	NA	NA	NA	NA	NA	0.00884050	0.00312270
Rat128_bin.35	NA	NA	NA	NA	NA	NA	NA	NA	NA	NA	0.00213255	NA	NA	NA	0.00146665	NA	0.00767612	NA	NA	NA	NA	NA	NA	NA	NA	NA	NA	0.00128124	0.00155798	0.00090933	NA	NA	0.00681824	0.00133143	NA	NA	NA	NA	NA	NA	NA	NA	NA	NA	NA	NA	NA	NA	NA	NA	NA	NA	NA
Rat128_bin.37	NA	NA	NA	NA	NA	NA	NA	NA	NA	NA	NA	NA	NA	NA	NA	NA	NA	NA	NA	NA	NA	NA	NA	NA	NA	NA	NA	NA	0.00539006	NA	0.00336721	NA	0.00218551	0.00242459	NA	NA	NA	NA	0.01006035	NA	0.00480762	NA	NA	0.01523787	NA	NA	NA	NA	NA	0.00680336	NA	NA	NA
Rat128_bin.39	NA	NA	0.01001705	0.00821192	NA	NA	NA	NA	0.00539427	NA	NA	0.00840136	0.00494066	NA	NA	NA	NA	NA	NA	NA	NA	NA	NA	NA	NA	NA	NA	NA	NA	NA	0.00183193	NA	NA	0.00106727	NA	NA	NA	NA	NA	NA	NA	NA	NA	NA	NA	NA	NA	NA	NA	NA	NA	NA	NA
Rat128_bin.41	NA	NA	NA	NA	NA	NA	NA	NA	NA	NA	NA	0.00030933	NA	NA	NA	NA	0.00587716	NA	NA	NA	NA	NA	NA	NA	NA	NA	NA	NA	0.01309299	NA	NA	0.00302305	NA	0.00142747	NA	NA	NA	NA	0.01441859	NA	0.01129674	NA	NA	NA	NA	NA	NA	NA	NA	NA	NA	0.00645425	NA
Rat128_bin.43	NA	NA	NA	0.00147756	NA	NA	NA	NA	NA	NA	NA	NA	NA	NA	NA	NA	NA	NA	NA	0.00074247	NA	NA	NA	NA	NA	NA	NA	NA	0.00069632	NA	NA	NA	NA	0.00080443	NA	NA	NA	NA	NA	NA	NA	NA	NA	NA	NA	NA	NA	NA	NA	NA	NA	NA	NA
Rat128_bin.44	NA	NA	NA	NA	NA	NA	NA	NA	0.00192690	NA	NA	NA	NA	NA	NA	NA	NA	NA	NA	0.00364699	NA	NA	NA	NA	NA	NA	NA	0.00215443	0.00154991	NA	NA	0.00115312	NA	0.00075920	NA	NA	NA	NA	NA	NA	NA	NA	NA	NA	NA	NA	NA	NA	NA	NA	NA	NA	NA
Rat128_bin.45	NA	NA	NA	0.00094217	NA	NA	NA	NA	NA	NA	NA	NA	NA	NA	NA	NA	NA	NA	NA	NA	NA	NA	NA	NA	NA	NA	NA	0.00058171	NA	NA	NA	NA	NA	0.00073206	NA	NA	NA	NA	NA	NA	NA	NA	0.00142347	NA	NA	NA	NA	NA	NA	NA	NA	NA	NA
Rat128_bin.47	NA	NA	NA	NA	NA	NA	NA	0.00038647	NA	NA	NA	NA	NA	NA	NA	NA	NA	NA	NA	0.00091658	NA	NA	NA	NA	NA	NA	NA	0.00048082	NA	0.00052652	NA	0.00128999	0.00057982	0.00091054	NA	NA	NA	NA	NA	NA	NA	NA	NA	NA	NA	NA	NA	NA	NA	NA	NA	NA	NA
Rat128_bin.48	NA	NA	NA	NA	NA	NA	NA	NA	NA	NA	NA	NA	NA	NA	NA	NA	NA	NA	NA	NA	NA	NA	NA	NA	NA	NA	NA	NA	NA	NA	NA	NA	NA	0.00073079	NA	NA	NA	NA	NA	NA	NA	NA	NA	NA	NA	NA	NA	NA	NA	NA	NA	NA	NA
Rat128_bin.49	NA	NA	NA	NA	NA	NA	NA	NA	NA	NA	0.00955654	NA	NA	NA	NA	NA	NA	NA	NA	NA	NA	NA	NA	NA	NA	NA	NA	0.00315472	0.00312589	0.00288824	NA	0.01183170	0.00229019	0.00148361	NA	NA	NA	NA	0.00180139	NA	NA	NA	0.00276669	NA	NA	NA	NA	NA	NA	NA	NA	0.00608517	NA
Rat128_bin.5	NA	NA	NA	0.00137288	NA	NA	NA	NA	NA	NA	NA	0.00105477	0.00569363	NA	0.00082464	NA	0.00126309	NA	NA	NA	NA	NA	NA	NA	NA	NA	NA	0.00056400	NA	NA	NA	NA	0.00102924	0.00112388	NA	NA	NA	NA	NA	NA	NA	NA	NA	NA	NA	NA	NA	NA	NA	NA	NA	NA	NA
Rat128_bin.53	NA	NA	0.01359421	0.01587372	0.01099375	NA	NA	NA	0.01631332	NA	0.01463905	0.01263590	NA	NA	0.01074246	NA	0.01391234	0.00662401	NA	0.01054194	NA	NA	NA	NA	NA	NA	NA	0.00945336	0.01273607	0.00817386	0.01234032	0.00667157	0.00900957	0.00767168	0.01526687	0.01120644	NA	0.01197266	NA	NA	0.01303791	NA	0.00697542	NA	NA	NA	0.01289022	NA	NA	NA	NA	NA	NA
Rat128_bin.54	NA	NA	NA	NA	NA	0.01570177	NA	NA	NA	NA	NA	NA	NA	NA	NA	NA	NA	NA	NA	NA	NA	NA	NA	NA	NA	NA	NA	NA	NA	NA	NA	0.01454404	NA	0.00118230	NA	NA	NA	NA	0.01335248	0.00349118	NA	NA	NA	NA	NA	NA	NA	NA	NA	NA	NA	NA	NA
Rat128_bin.55	NA	NA	NA	NA	NA	NA	NA	NA	NA	NA	NA	NA	0.00171035	NA	NA	NA	NA	NA	NA	NA	NA	NA	NA	NA	NA	NA	NA	NA	0.00201228	NA	NA	0.00283350	0.00298644	0.00115861	NA	NA	NA	NA	NA	NA	NA	NA	NA	NA	NA	NA	NA	NA	NA	NA	NA	NA	NA
Rat128_bin.6	NA	NA	NA	NA	NA	NA	NA	NA	0.00941122	NA	NA	NA	NA	NA	NA	NA	NA	NA	NA	0.00772632	NA	NA	NA	NA	NA	NA	NA	0.00783382	0.00660070	0.00593609	0.01050256	0.01380187	NA	0.00691601	NA	NA	NA	NA	NA	NA	NA	NA	NA	NA	NA	NA	NA	NA	NA	NA	NA	NA	NA
Rat128_bin.8	NA	NA	NA	NA	NA	NA	NA	NA	0.00970949	NA	NA	NA	NA	NA	NA	NA	NA	NA	NA	0.00485659	NA	NA	NA	NA	NA	NA	NA	NA	0.00168019	NA	NA	NA	NA	0.00071377	NA	NA	NA	NA	NA	NA	NA	NA	0.00876840	NA	NA	0.00467356	NA	0.00304027	NA	0.00891835	NA	0.00743615	NA
Rat128_bin.9	NA	NA	NA	NA	NA	NA	NA	NA	NA	NA	NA	NA	NA	NA	NA	NA	NA	0.00039167	NA	NA	NA	NA	NA	NA	NA	NA	NA	NA	0.00066484	NA	NA	NA	0.00052378	0.00056648	NA	NA	NA	NA	NA	NA	NA	NA	NA	NA	NA	NA	NA	NA	NA	NA	NA	NA	NA
Rat12_bin.1	0.01008105	0.00413785	NA	NA	0.00230951	0.00167720	0.00237773	0.00312796	NA	0.00220044	NA	NA	NA	NA	NA	0.00709274	NA	NA	0.00286161	NA	0.00663960	0.00508470	0.00354894	0.00929506	0.00307370	0.00817373	0.00926545	NA	NA	NA	NA	NA	NA	NA	NA	NA	NA	NA	NA	NA	NA	NA	NA	0.00496619	NA	NA	NA	NA	NA	NA	NA	NA	NA
Rat12_bin.10	0.00100600	NA	NA	0.00358934	0.00121484	0.00120269	0.00154502	NA	0.00336768	NA	0.00468020	0.00251736	NA	NA	NA	NA	NA	NA	NA	NA	NA	NA	NA	NA	NA	NA	NA	NA	NA	NA	NA	NA	NA	NA	NA	NA	NA	NA	NA	NA	NA	NA	NA	NA	NA	NA	NA	NA	NA	NA	NA	NA	NA
Rat12_bin.100	NA	NA	NA	NA	NA	0.00098180	NA	NA	NA	NA	NA	NA	NA	NA	NA	NA	NA	NA	NA	NA	NA	NA	NA	NA	NA	NA	NA	NA	NA	NA	NA	NA	NA	NA	NA	NA	NA	NA	NA	NA	NA	NA	NA	NA	NA	NA	NA	NA	NA	NA	NA	NA	NA
Rat12_bin.102	0.00205036	0.00216967	0.02340219	0.02562561	0.00369694	0.00306999	NA	NA	0.02207440	NA	0.02614432	0.02026242	NA	0.00261177	0.02047140	NA	0.02123373	0.01707559	NA	0.00596010	0.00115358	NA	NA	0.00209836	NA	NA	NA	0.02652331	0.01908441	NA	NA	NA	NA	0.01952419	NA	NA	NA	NA	NA	NA	NA	NA	NA	NA	NA	NA	NA	NA	NA	NA	NA	NA	NA
Rat12_bin.104	NA	NA	NA	NA	0.00223569	0.00096529	NA	0.00157365	NA	NA	NA	NA	NA	NA	NA	NA	NA	NA	NA	NA	NA	NA	NA	NA	NA	NA	NA	NA	NA	NA	NA	NA	NA	NA	NA	NA	NA	NA	NA	NA	NA	NA	NA	NA	NA	NA	NA	NA	NA	NA	NA	NA	NA
Rat12_bin.106	NA	NA	NA	NA	0.00122590	0.00179979	NA	NA	NA	NA	NA	NA	NA	NA	NA	NA	NA	NA	NA	NA	NA	NA	NA	NA	NA	NA	NA	NA	NA	NA	NA	NA	NA	NA	NA	NA	NA	NA	NA	NA	NA	NA	NA	NA	NA	NA	NA	NA	NA	NA	NA	NA	NA
Rat12_bin.11	0.00181934	0.00140963	0.00168224	NA	0.00062563	0.00228075	0.00302560	NA	NA	NA	NA	0.00049883	NA	NA	NA	NA	NA	NA	NA	0.00054854	NA	NA	NA	0.00075494	NA	NA	0.00131559	NA	0.00079833	NA	NA	NA	NA	NA	NA	NA	NA	NA	0.00962045	0.00440775	0.00898817	0.00073757	NA	NA	NA	NA	0.00222062	NA	NA	NA	NA	NA	0.00061187
Rat12_bin.12	NA	0.00628360	NA	NA	NA	0.00498292	0.00271671	NA	NA	NA	NA	NA	0.00307844	NA	NA	0.00536957	NA	NA	0.00439055	NA	0.00605823	0.00546353	0.00556922	NA	0.00570360	0.00531334	0.00483632	NA	NA	NA	NA	NA	NA	NA	NA	NA	NA	NA	0.00545595	0.00720643	NA	NA	NA	NA	NA	NA	NA	NA	NA	NA	NA	NA	0.00350053
Rat12_bin.15	0.00376155	0.00389641	NA	NA	0.00568676	0.00161158	0.00425511	0.00493749	NA	0.00305776	NA	NA	NA	0.00211243	NA	0.00310467	NA	NA	0.00390839	NA	0.00243470	0.00477351	0.00422937	0.00348391	0.00349657	0.00232083	0.00268710	NA	NA	NA	NA	NA	NA	NA	NA	NA	NA	NA	NA	NA	NA	NA	NA	NA	NA	NA	0.00080389	NA	NA	NA	NA	NA	NA
Rat12_bin.16	NA	0.00987506	NA	NA	NA	0.00591464	NA	NA	NA	NA	NA	NA	NA	0.01341897	NA	0.00848259	0.00555172	NA	NA	NA	NA	NA	NA	NA	NA	0.00201169	NA	NA	NA	NA	NA	NA	NA	NA	NA	NA	NA	NA	NA	NA	NA	NA	NA	0.01193781	NA	NA	NA	NA	NA	0.01529374	NA	NA	NA
Rat12_bin.17	NA	NA	NA	NA	NA	0.00077832	NA	0.00693421	NA	NA	0.02106960	NA	NA	NA	NA	NA	NA	NA	NA	NA	NA	NA	NA	NA	0.01305458	NA	NA	0.01906851	0.01502398	NA	0.01867872	0.01673929	0.01919600	0.01488912	NA	NA	NA	NA	NA	NA	NA	NA	NA	NA	NA	NA	NA	NA	NA	NA	NA	NA	NA
Rat12_bin.19	0.00291102	NA	NA	NA	0.00111544	0.00073916	0.00362350	0.00105563	NA	0.00261544	NA	NA	NA	NA	NA	NA	NA	NA	0.00438257	NA	NA	0.00517434	0.00180355	NA	NA	NA	NA	NA	NA	NA	0.00118938	NA	NA	NA	NA	NA	NA	NA	0.00071060	NA	NA	NA	NA	NA	NA	NA	NA	NA	NA	NA	NA	NA	NA
Rat12_bin.22	NA	0.00289616	NA	NA	NA	0.00130831	0.00316649	NA	NA	0.00402793	NA	0.00297015	NA	NA	NA	0.00435674	NA	NA	NA	NA	NA	NA	NA	NA	NA	NA	NA	NA	NA	NA	NA	NA	NA	NA	NA	NA	NA	NA	NA	0.00256889	NA	NA	NA	NA	NA	0.00494677	NA	NA	NA	NA	NA	NA	NA
Rat12_bin.23	NA	NA	NA	NA	NA	0.00108399	NA	NA	NA	NA	NA	NA	NA	NA	NA	NA	NA	NA	NA	NA	NA	NA	NA	NA	NA	NA	NA	NA	NA	NA	NA	NA	NA	NA	NA	NA	NA	NA	NA	NA	NA	NA	NA	NA	NA	NA	NA	NA	NA	NA	NA	NA	NA
Rat12_bin.25	NA	0.00204462	NA	NA	0.00312504	0.00563036	0.00279342	NA	NA	NA	NA	NA	NA	NA	NA	NA	NA	NA	NA	NA	NA	NA	NA	NA	NA	NA	NA	NA	NA	NA	NA	NA	NA	NA	NA	NA	NA	NA	NA	NA	NA	NA	NA	NA	NA	NA	NA	NA	NA	NA	NA	NA	NA
Rat12_bin.26	NA	NA	NA	NA	NA	0.00119186	NA	NA	NA	0.00100400	NA	0.01432720	NA	NA	NA	NA	NA	NA	NA	NA	NA	0.00646673	NA	NA	0.00253789	0.00131699	NA	NA	NA	NA	NA	NA	NA	NA	NA	NA	NA	NA	NA	NA	NA	NA	NA	0.00911942	NA	NA	NA	NA	NA	0.00414066	NA	NA	NA
Rat12_bin.27	NA	NA	NA	NA	NA	0.00159147	NA	0.00211676	0.00038216	NA	NA	NA	NA	NA	NA	NA	NA	NA	0.00210463	NA	NA	0.00130537	0.00126699	NA	NA	NA	NA	NA	NA	NA	NA	NA	NA	NA	NA	NA	NA	NA	NA	NA	NA	NA	NA	NA	NA	NA	NA	NA	NA	NA	NA	NA	NA
Rat12_bin.29	NA	NA	NA	NA	0.00100176	0.00049318	NA	0.00093653	NA	0.00058790	NA	NA	NA	NA	NA	NA	NA	NA	NA	NA	NA	NA	NA	NA	NA	NA	0.00054367	NA	NA	NA	NA	NA	NA	NA	NA	NA	NA	NA	NA	NA	NA	NA	NA	0.00103729	NA	NA	NA	NA	NA	NA	NA	NA	NA
Rat12_bin.30	0.01176493	NA	NA	NA	NA	0.01255014	0.01401083	NA	NA	NA	NA	0.01366715	NA	NA	NA	NA	0.00675845	NA	0.00659438	NA	NA	NA	NA	NA	NA	NA	NA	NA	NA	NA	NA	NA	NA	NA	NA	NA	NA	NA	NA	NA	NA	NA	NA	NA	NA	NA	NA	NA	NA	0.02297669	NA	NA	NA
Rat12_bin.33	0.00137285	0.00606618	NA	NA	0.00123564	0.00092907	0.00192982	0.00275472	NA	0.00132023	NA	NA	NA	0.00286295	NA	0.00356876	NA	NA	0.01487035	NA	NA	0.01436712	0.01311535	NA	0.00949386	0.01308690	NA	NA	NA	NA	NA	NA	NA	NA	NA	NA	NA	NA	NA	NA	NA	NA	NA	NA	NA	NA	NA	NA	NA	NA	NA	NA	NA
Rat12_bin.34	NA	0.00049477	NA	NA	NA	0.00066596	NA	0.00066918	NA	0.00060691	NA	NA	NA	NA	NA	0.00049921	NA	NA	NA	NA	0.00047259	0.00047471	0.00071285	NA	NA	NA	NA	NA	NA	NA	NA	NA	NA	NA	NA	NA	NA	NA	NA	NA	NA	NA	NA	NA	NA	NA	NA	NA	NA	NA	NA	NA	NA
Rat12_bin.35	NA	NA	0.00814926	0.01888554	0.00097562	0.00316516	NA	0.00182555	NA	NA	0.02243602	0.01813124	NA	NA	0.00204543	NA	NA	NA	NA	NA	NA	NA	NA	NA	NA	NA	NA	NA	NA	NA	NA	NA	NA	NA	0.01579370	0.01612649	0.01116377	0.01237467	NA	NA	NA	NA	NA	NA	NA	NA	NA	NA	NA	NA	NA	NA	NA
Rat12_bin.36	0.00226011	0.00168107	NA	NA	0.00051842	0.00164930	0.00139586	0.00095842	NA	NA	NA	NA	NA	0.00247723	NA	0.00197840	NA	NA	NA	NA	NA	NA	NA	NA	NA	NA	NA	NA	NA	NA	NA	NA	NA	NA	NA	NA	NA	NA	NA	NA	NA	NA	NA	NA	NA	NA	NA	NA	NA	NA	NA	NA	NA
Rat12_bin.37	NA	0.00290493	NA	NA	NA	0.00085485	NA	0.00301497	NA	0.00159266	NA	NA	NA	0.00210130	NA	0.00208765	NA	NA	0.00213649	NA	NA	NA	NA	NA	0.00351170	0.00097039	NA	NA	NA	NA	NA	NA	NA	NA	NA	NA	NA	NA	NA	NA	NA	NA	NA	NA	NA	NA	NA	NA	NA	NA	NA	NA	NA
Rat12_bin.39	0.00209833	0.00166801	0.00125019	0.00084419	NA	0.00166328	0.00061364	0.00111567	0.00082404	0.00201284	0.00066135	0.00080325	0.00093051	NA	NA	0.00177947	NA	NA	NA	0.00028851	NA	NA	0.00043867	NA	NA	NA	NA	NA	NA	NA	NA	NA	NA	NA	NA	NA	NA	NA	NA	0.00123649	NA	NA	NA	NA	NA	0.00205089	0.00047244	0.00215293	NA	NA	0.00060120	NA	NA
Rat12_bin.4	0.00089327	0.00069111	NA	NA	0.00075174	0.00150518	0.00052951	0.00124163	NA	0.00187509	NA	NA	NA	0.00157436	NA	0.00084937	NA	NA	0.00402340	NA	NA	0.00144968	0.00135109	0.00231403	NA	NA	0.00132662	NA	NA	NA	NA	NA	NA	NA	NA	NA	NA	NA	0.00052814	0.00030423	NA	NA	NA	NA	NA	NA	NA	NA	NA	NA	NA	NA	NA
Rat12_bin.40	0.00267484	0.00385571	NA	NA	NA	0.00303126	0.00118183	NA	NA	NA	NA	NA	NA	NA	NA	NA	NA	NA	NA	NA	NA	NA	NA	NA	NA	NA	NA	NA	NA	NA	NA	NA	NA	NA	NA	NA	NA	NA	NA	NA	NA	NA	NA	NA	NA	NA	NA	NA	NA	NA	NA	NA	NA
Rat12_bin.42	0.00905316	0.00559545	NA	NA	NA	0.00718443	0.00683838	NA	NA	NA	NA	NA	NA	0.01189861	NA	0.01108230	NA	NA	NA	NA	NA	NA	NA	NA	NA	NA	NA	NA	NA	NA	NA	NA	NA	NA	NA	NA	NA	NA	NA	NA	NA	NA	NA	NA	NA	NA	NA	NA	NA	NA	NA	NA	NA
Rat12_bin.46	NA	0.00582066	NA	NA	0.00971839	0.00084527	NA	0.00872210	NA	0.00503935	NA	NA	NA	NA	NA	NA	NA	NA	0.00635105	NA	0.00988393	0.01012237	0.00959407	0.00426422	NA	0.00156410	NA	NA	NA	NA	NA	NA	NA	NA	NA	NA	NA	NA	NA	NA	NA	NA	NA	NA	NA	NA	NA	NA	NA	NA	NA	NA	NA
Rat12_bin.47	0.00147998	0.00145905	0.00401126	0.00464642	0.00178756	0.00162846	0.00157366	0.00121071	0.00396171	0.00159082	NA	0.00667067	0.00420533	NA	NA	0.00222947	NA	NA	NA	NA	NA	NA	NA	NA	NA	NA	0.00330813	NA	NA	NA	NA	NA	NA	NA	NA	NA	NA	NA	NA	0.00374852	NA	NA	NA	NA	NA	0.00449702	0.00217348	0.00392343	0.00364238	NA	NA	NA	NA
Rat12_bin.48	NA	NA	NA	NA	0.00154822	0.00106894	0.00159438	0.00128809	0.00766776	NA	NA	NA	NA	NA	NA	NA	NA	NA	NA	NA	NA	NA	NA	NA	NA	NA	NA	NA	NA	NA	NA	NA	NA	NA	NA	NA	NA	NA	0.00135302	NA	NA	NA	NA	NA	NA	NA	NA	NA	NA	NA	NA	NA	NA
Rat12_bin.49	0.00298380	0.00213663	NA	NA	0.00186658	0.00302158	0.00336000	0.00272021	NA	NA	NA	NA	NA	0.00312145	NA	0.00361904	NA	NA	0.00368561	NA	0.00239090	0.00310054	0.00305076	0.00201684	0.00119803	0.00122561	0.00107137	NA	NA	NA	NA	NA	NA	NA	NA	NA	NA	NA	NA	NA	NA	NA	NA	NA	NA	NA	NA	NA	NA	NA	NA	NA	NA
Rat12_bin.5	0.00511555	0.00412384	NA	NA	NA	0.00444105	0.00116003	0.00311737	NA	0.00316167	NA	NA	NA	0.00681351	NA	0.00610939	NA	NA	0.00448087	NA	NA	NA	0.00511606	NA	NA	0.00170883	NA	NA	NA	NA	NA	NA	NA	NA	NA	NA	NA	NA	NA	NA	NA	NA	NA	NA	NA	NA	NA	NA	NA	NA	NA	NA	NA
Rat12_bin.52	0.00256594	0.00249643	NA	0.00111026	NA	0.00133224	0.00295818	0.00199192	0.00113884	NA	NA	NA	0.00130682	NA	NA	NA	NA	NA	0.00188009	NA	0.00846275	0.00939702	0.00364697	0.00481642	NA	0.00512098	0.00646070	NA	NA	NA	NA	NA	NA	NA	NA	NA	NA	NA	NA	0.00057138	NA	NA	NA	NA	NA	NA	NA	NA	NA	NA	NA	NA	NA
Rat12_bin.53	0.00067692	NA	NA	NA	0.00074671	0.00075971	NA	NA	NA	NA	NA	NA	NA	NA	NA	NA	NA	NA	NA	NA	NA	NA	NA	NA	NA	NA	NA	NA	0.00154945	NA	NA	NA	NA	NA	NA	NA	NA	NA	NA	NA	NA	NA	NA	NA	NA	NA	NA	NA	NA	NA	NA	NA	NA
Rat12_bin.58	0.00206908	0.00242874	NA	NA	0.00164356	0.00164960	0.00211620	NA	NA	0.00362922	NA	NA	NA	0.00136816	NA	0.00238022	NA	NA	NA	NA	NA	0.00523647	0.00226371	NA	NA	NA	NA	NA	NA	NA	NA	NA	NA	NA	NA	NA	NA	NA	NA	NA	NA	NA	NA	NA	NA	NA	NA	NA	NA	NA	NA	NA	NA
Rat12_bin.59	0.00431649	NA	NA	NA	NA	0.00263391	0.00898869	NA	NA	NA	NA	0.00277436	NA	NA	NA	NA	0.00923263	NA	NA	NA	NA	NA	NA	NA	NA	NA	NA	NA	NA	NA	NA	NA	NA	NA	NA	NA	NA	NA	NA	NA	NA	NA	NA	NA	NA	NA	NA	NA	NA	NA	NA	NA	0.00658748
Rat12_bin.60	0.00204938	0.00217198	NA	NA	NA	0.00200104	0.00185529	0.00265449	NA	NA	NA	NA	NA	0.00889347	NA	0.00578504	NA	NA	NA	NA	0.00145856	0.00096587	0.00159476	0.00062117	0.00102754	0.00055013	NA	NA	NA	NA	NA	NA	NA	NA	NA	NA	NA	NA	NA	NA	NA	NA	NA	NA	NA	NA	NA	NA	NA	NA	NA	NA	NA
Rat12_bin.62	NA	NA	NA	NA	NA	0.00277540	NA	NA	NA	0.00444784	NA	NA	NA	NA	NA	NA	NA	NA	NA	NA	NA	NA	NA	NA	0.00219634	NA	NA	NA	NA	NA	NA	NA	NA	0.00081206	NA	NA	NA	NA	NA	NA	NA	NA	NA	NA	NA	NA	NA	NA	NA	NA	NA	NA	NA
Rat12_bin.63	0.00966569	0.01033588	NA	NA	0.00514013	0.00523422	0.00654893	0.00922569	NA	0.00891513	NA	NA	NA	0.01240797	NA	0.01390434	NA	NA	0.01005338	NA	0.01192753	0.01282453	0.01553608	NA	0.01022854	0.01207236	0.00795821	NA	NA	NA	NA	NA	NA	NA	NA	NA	NA	NA	0.00129570	NA	NA	NA	NA	0.01324745	NA	NA	NA	NA	NA	NA	NA	NA	NA
Rat12_bin.64	0.02104152	0.00609397	0.03703310	0.04184326	0.03206881	0.00776420	0.01366650	0.02242824	0.04101885	0.00279101	0.04232502	0.03946866	0.03932154	NA	0.02417220	0.00274553	0.03548981	0.02737777	NA	0.03306990	NA	NA	NA	NA	NA	NA	NA	0.03538587	NA	NA	NA	0.03333193	0.03544391	0.04011717	0.03272705	0.02377822	0.02422209	NA	NA	NA	0.02974200	NA	NA	NA	NA	0.02496635	NA	NA	NA	NA	NA	NA	NA
Rat12_bin.67	NA	0.00069585	NA	NA	NA	0.00049509	NA	NA	NA	NA	NA	NA	NA	0.00050526	NA	0.00110243	NA	NA	NA	NA	NA	NA	NA	NA	NA	NA	NA	NA	NA	NA	NA	NA	NA	NA	NA	NA	NA	NA	NA	NA	NA	NA	NA	NA	NA	NA	NA	NA	NA	NA	NA	NA	NA
Rat12_bin.68	NA	NA	NA	NA	NA	0.00163442	NA	NA	NA	NA	NA	NA	NA	0.00229476	NA	NA	NA	NA	NA	NA	NA	NA	NA	NA	0.00519809	NA	NA	NA	NA	NA	NA	NA	NA	NA	NA	NA	NA	NA	NA	NA	NA	NA	NA	NA	NA	NA	NA	NA	NA	NA	NA	NA	NA
Rat12_bin.69	0.00050974	NA	NA	NA	NA	0.00060480	NA	NA	NA	NA	NA	NA	NA	0.00267791	NA	0.00275599	NA	NA	NA	NA	NA	NA	NA	NA	NA	NA	NA	NA	NA	NA	NA	NA	NA	NA	NA	NA	NA	NA	NA	NA	NA	NA	NA	NA	NA	NA	NA	NA	NA	NA	NA	NA	NA
Rat12_bin.71	NA	0.00137191	NA	NA	0.00155482	0.00097566	NA	0.00071751	NA	NA	NA	NA	NA	0.00245854	NA	0.00312780	NA	NA	NA	NA	NA	0.00344018	0.00137233	NA	0.00062821	NA	NA	NA	NA	NA	NA	NA	NA	NA	NA	NA	NA	NA	NA	NA	NA	NA	NA	NA	NA	NA	NA	NA	NA	NA	NA	NA	NA
Rat12_bin.72	0.00340498	0.00076514	0.00216487	0.00247065	0.00089541	0.00086959	0.00152708	0.00152327	0.00182758	0.00244118	NA	0.00300074	0.00232327	0.00277600	NA	0.00240520	NA	NA	NA	NA	NA	NA	0.00118350	NA	NA	NA	0.00117544	NA	NA	0.00161077	NA	NA	NA	NA	NA	NA	NA	NA	NA	0.00296395	NA	NA	NA	NA	NA	0.00281222	0.00077139	0.00314364	0.00303759	NA	0.00147885	0.00342031	NA
Rat12_bin.73	0.00572065	NA	NA	NA	NA	0.00120660	NA	0.01668783	NA	0.00601576	NA	NA	NA	NA	NA	NA	NA	NA	0.01492024	NA	NA	0.00543609	0.00279668	0.00644528	NA	NA	0.00085400	NA	NA	NA	0.00353312	NA	NA	NA	NA	NA	NA	NA	NA	NA	NA	NA	NA	NA	NA	NA	NA	NA	NA	NA	NA	NA	NA
Rat12_bin.74	0.01377962	0.00954674	0.03504247	0.03649962	0.01104544	0.00324128	0.00880055	0.00415502	0.03490917	NA	0.03545213	0.03000595	0.03383944	NA	0.02341689	NA	0.02939999	0.02160898	0.00217969	NA	NA	0.00265169	NA	0.00486501	NA	NA	0.00119707	NA	NA	NA	NA	NA	0.03266922	0.03336566	NA	NA	NA	NA	NA	NA	NA	NA	NA	NA	NA	NA	NA	NA	NA	NA	NA	NA	NA
Rat12_bin.76	0.00107038	0.00183752	NA	NA	NA	0.00071133	NA	0.00130701	NA	0.00131469	NA	NA	NA	NA	NA	0.00518020	NA	NA	NA	NA	NA	NA	NA	NA	NA	NA	NA	NA	NA	NA	NA	NA	NA	NA	NA	NA	NA	NA	NA	NA	NA	NA	NA	NA	NA	NA	NA	NA	NA	NA	NA	NA	NA
Rat12_bin.77	NA	0.00222375	NA	NA	NA	0.00137663	0.00218888	0.00197412	NA	0.00234588	NA	NA	NA	0.00240394	NA	0.00281767	NA	NA	0.00240379	NA	NA	NA	0.00271370	NA	0.00108261	NA	NA	NA	NA	NA	NA	NA	NA	NA	NA	NA	NA	NA	NA	NA	NA	NA	NA	NA	NA	NA	NA	NA	NA	NA	NA	NA	NA
Rat12_bin.78	NA	NA	NA	NA	NA	0.00078054	0.00063376	NA	NA	NA	NA	NA	NA	NA	NA	NA	NA	NA	NA	NA	NA	NA	NA	NA	NA	NA	NA	NA	NA	NA	NA	NA	NA	NA	NA	NA	NA	NA	0.00092296	NA	NA	0.00054925	NA	NA	NA	0.00061154	NA	NA	NA	NA	NA	NA	0.00078894
Rat12_bin.80	0.00128137	NA	NA	0.00058908	0.00159093	0.00104033	NA	0.00060764	0.00086593	0.00120209	0.00076095	NA	NA	0.00124348	NA	NA	NA	NA	0.00160423	0.00056401	NA	NA	NA	NA	NA	NA	NA	NA	NA	NA	NA	0.00122552	NA	NA	NA	NA	NA	NA	NA	NA	NA	NA	NA	NA	NA	NA	NA	NA	NA	NA	NA	NA	NA
Rat12_bin.81	NA	NA	NA	NA	NA	0.00104187	0.00310314	NA	NA	NA	NA	NA	NA	NA	NA	NA	NA	NA	NA	NA	0.00124177	NA	NA	0.00067804	NA	NA	NA	NA	NA	NA	NA	NA	NA	NA	NA	NA	NA	NA	0.00305537	0.00058162	NA	NA	NA	NA	NA	NA	NA	NA	NA	NA	NA	NA	NA
Rat12_bin.82	NA	0.00279970	NA	NA	0.00292236	0.00161381	0.00947053	0.00827318	NA	0.00133904	NA	NA	NA	0.00682977	NA	0.00301508	NA	NA	NA	NA	NA	0.00267915	0.00320135	NA	0.00086598	0.01000374	NA	NA	NA	NA	NA	NA	NA	NA	NA	NA	NA	NA	NA	NA	NA	NA	NA	NA	NA	NA	NA	NA	NA	NA	NA	NA	NA
Rat12_bin.85	0.00139573	NA	NA	NA	NA	0.00114686	NA	0.00085441	NA	NA	NA	NA	NA	NA	NA	NA	NA	NA	NA	NA	NA	NA	NA	NA	NA	NA	NA	NA	NA	NA	NA	NA	NA	NA	NA	NA	NA	NA	NA	NA	NA	NA	NA	NA	NA	NA	NA	NA	NA	NA	NA	NA	NA
Rat12_bin.86	NA	0.00201168	NA	NA	NA	0.00077530	NA	0.00084127	NA	NA	NA	NA	NA	0.00170330	NA	0.00102773	NA	NA	NA	NA	NA	NA	NA	NA	NA	NA	NA	NA	NA	NA	NA	NA	NA	NA	NA	NA	NA	NA	NA	NA	NA	NA	NA	NA	NA	NA	NA	NA	NA	NA	NA	NA	NA
Rat12_bin.87	NA	NA	NA	NA	0.00086463	0.00107062	NA	NA	NA	NA	NA	NA	NA	NA	NA	NA	NA	NA	NA	NA	NA	NA	NA	NA	NA	NA	NA	NA	NA	NA	NA	NA	NA	NA	NA	NA	NA	NA	NA	NA	0.00272176	NA	NA	0.00321137	NA	NA	NA	NA	NA	NA	NA	NA	NA
Rat12_bin.9	NA	NA	NA	NA	0.01623076	0.00324255	NA	0.00853888	NA	NA	NA	NA	NA	NA	NA	NA	NA	NA	NA	NA	NA	NA	NA	NA	NA	NA	NA	NA	NA	NA	0.00334732	NA	NA	NA	NA	NA	NA	NA	NA	NA	NA	NA	NA	NA	NA	NA	NA	NA	NA	NA	NA	NA	NA
Rat12_bin.90	NA	0.00145271	NA	NA	0.00225873	0.00281307	NA	0.00254834	NA	NA	NA	NA	NA	0.00544740	NA	NA	NA	NA	NA	NA	NA	NA	NA	NA	NA	NA	NA	NA	NA	NA	NA	NA	NA	NA	NA	NA	NA	NA	0.00462951	NA	NA	NA	NA	0.00860660	NA	NA	NA	NA	NA	NA	NA	NA	NA
Rat12_bin.91	0.00102349	NA	NA	0.00189788	0.00204696	0.00089616	0.00120800	0.00113012	NA	NA	NA	0.00237987	NA	NA	NA	NA	NA	NA	0.00213657	NA	NA	NA	NA	0.00110470	NA	NA	NA	NA	NA	NA	NA	NA	NA	NA	NA	NA	NA	NA	NA	NA	NA	NA	NA	NA	NA	0.00288405	NA	NA	0.00101756	NA	NA	NA	NA
Rat12_bin.94	NA	NA	NA	NA	NA	0.00166468	0.00153805	NA	NA	NA	0.02054530	NA	NA	NA	NA	NA	NA	NA	NA	NA	NA	NA	NA	NA	NA	NA	NA	NA	0.00760992	NA	NA	NA	NA	NA	0.00818366	NA	NA	0.00753340	NA	NA	NA	NA	NA	NA	NA	NA	NA	NA	NA	NA	NA	NA	0.00110621
Rat12_bin.95	0.00300030	0.00760435	NA	0.00155594	NA	0.00396308	0.00356250	NA	NA	NA	NA	0.00316358	NA	NA	NA	NA	0.00620187	NA	NA	NA	NA	NA	NA	NA	NA	NA	NA	NA	NA	NA	NA	NA	NA	NA	NA	NA	NA	NA	NA	NA	NA	NA	0.00056645	NA	NA	NA	NA	NA	0.00227895	0.00520364	NA	NA	NA
Rat12_bin.96	0.00218827	0.00248136	NA	NA	0.00389819	0.00145211	0.00125390	0.00264871	NA	NA	NA	NA	NA	0.00246852	NA	0.00343429	NA	NA	NA	NA	NA	NA	0.00200635	NA	0.00072873	0.00087533	0.00128536	NA	NA	NA	NA	NA	NA	NA	NA	NA	NA	NA	NA	NA	NA	NA	NA	NA	NA	NA	NA	NA	NA	NA	NA	NA	NA
Rat12_bin.97	0.00593810	0.00490614	NA	NA	0.00458289	0.00473876	0.00507454	0.00496335	NA	0.00612406	NA	NA	NA	0.00433143	NA	0.00557515	NA	NA	NA	NA	0.00502702	0.00491881	0.01086514	0.00378723	0.00745801	0.00306133	0.00516574	NA	NA	NA	NA	NA	NA	NA	NA	NA	NA	NA	NA	0.00446164	NA	NA	NA	NA	NA	NA	NA	NA	NA	NA	NA	NA	NA
Rat12_bin.99	0.00619829	0.00229053	NA	0.00139358	NA	0.00122961	0.00081686	0.00313511	0.00124096	NA	NA	0.00102469	0.00111021	0.00769404	NA	0.00097112	NA	NA	0.00109655	NA	0.00166982	0.00131383	NA	NA	NA	NA	0.00099557	NA	NA	NA	NA	NA	NA	NA	NA	NA	NA	NA	NA	NA	NA	NA	NA	NA	NA	NA	NA	NA	NA	NA	NA	NA	NA
Rat137_bin.1	NA	NA	NA	NA	NA	NA	NA	NA	NA	NA	NA	NA	NA	NA	NA	NA	NA	NA	NA	NA	NA	NA	NA	NA	NA	NA	NA	NA	NA	NA	NA	NA	NA	NA	0.00326117	0.00352055	0.00221328	0.00226178	NA	NA	0.00273370	NA	NA	NA	NA	NA	NA	0.00345814	NA	NA	NA	0.00400283	NA
Rat137_bin.12	NA	NA	NA	0.00763390	0.00231564	NA	NA	NA	0.00972524	NA	0.00746013	0.00236924	0.01086431	NA	0.00935798	NA	NA	NA	NA	0.00586318	NA	NA	NA	NA	NA	NA	NA	0.00779785	0.00601658	NA	0.00728522	0.00393672	NA	0.00423438	0.00110402	0.00339971	0.00178084	0.00247694	NA	NA	0.00334544	NA	0.00194111	NA	NA	NA	NA	NA	NA	NA	NA	0.01007979	0.00380069
Rat137_bin.15	NA	NA	NA	0.00163284	NA	NA	NA	NA	NA	NA	NA	NA	NA	NA	NA	NA	NA	NA	NA	0.00080409	NA	NA	NA	NA	NA	NA	NA	NA	NA	NA	0.00069512	NA	NA	NA	0.00067827	NA	NA	NA	NA	NA	NA	NA	0.00080903	NA	NA	NA	NA	NA	NA	NA	NA	NA	NA
Rat137_bin.16	NA	NA	NA	NA	NA	NA	NA	NA	NA	NA	NA	NA	NA	NA	NA	NA	NA	NA	NA	NA	NA	NA	NA	NA	NA	NA	NA	NA	NA	NA	NA	NA	NA	NA	0.00062551	NA	0.00088062	0.00048460	NA	NA	0.00102241	NA	NA	NA	NA	NA	NA	NA	NA	NA	NA	0.00106795	NA
Rat137_bin.17	NA	NA	NA	NA	NA	NA	NA	NA	0.00739755	NA	NA	NA	NA	NA	NA	NA	NA	NA	NA	NA	NA	NA	NA	NA	NA	NA	NA	NA	NA	NA	NA	NA	NA	NA	0.00146314	NA	NA	NA	NA	NA	NA	NA	NA	NA	NA	NA	NA	NA	NA	NA	NA	0.00703632	NA
Rat137_bin.21	NA	NA	NA	NA	NA	NA	NA	NA	NA	NA	NA	NA	NA	NA	NA	NA	NA	NA	NA	NA	NA	NA	NA	NA	NA	NA	NA	NA	NA	NA	NA	NA	NA	NA	0.00096095	0.00178897	0.00084097	0.00278751	NA	NA	0.00172223	NA	NA	NA	NA	NA	NA	NA	NA	NA	NA	NA	NA
Rat137_bin.22	NA	NA	NA	NA	NA	NA	NA	NA	NA	NA	NA	NA	NA	NA	0.00193301	NA	0.00300924	NA	NA	NA	NA	NA	NA	NA	NA	NA	NA	NA	NA	NA	NA	NA	NA	NA	0.00088712	0.00076856	0.00078573	0.00072270	NA	NA	NA	NA	NA	NA	NA	NA	0.00483329	NA	0.00592088	0.00169706	0.00236763	0.00518335	NA
Rat137_bin.23	0.00568291	0.00629409	0.00873490	0.00772248	NA	NA	0.00484190	0.00696289	0.00901747	NA	NA	0.00631366	0.01079943	0.00790426	NA	NA	NA	0.00239226	NA	0.00805416	0.00971189	0.01041306	0.01033479	0.00866302	NA	0.01284240	NA	0.00643562	NA	NA	0.00677361	0.00383591	NA	0.00560603	0.00100253	0.00250139	0.00450700	0.00080968	0.00535429	NA	0.00459410	NA	NA	NA	NA	NA	NA	0.00816156	0.01279456	NA	0.00516088	NA	NA
Rat137_bin.25	NA	NA	NA	NA	NA	NA	NA	NA	NA	NA	NA	NA	NA	NA	NA	NA	NA	NA	NA	0.00108590	NA	NA	NA	NA	NA	NA	NA	NA	NA	NA	NA	NA	NA	NA	0.00077916	NA	NA	NA	NA	NA	NA	NA	NA	NA	NA	NA	NA	NA	NA	0.00094468	NA	NA	NA
Rat137_bin.3	NA	NA	NA	NA	0.00136896	NA	NA	NA	NA	NA	NA	NA	NA	NA	0.00160655	NA	NA	NA	0.00430972	NA	NA	NA	NA	NA	NA	NA	0.00087031	NA	NA	NA	NA	NA	NA	NA	0.00071672	NA	NA	0.00058830	NA	0.00155607	0.00154719	NA	NA	NA	NA	NA	NA	NA	NA	NA	NA	NA	NA
Rat137_bin.4	NA	NA	NA	NA	0.00254134	NA	0.00332868	NA	NA	NA	NA	NA	NA	NA	NA	NA	0.00117760	0.00115710	NA	NA	NA	NA	NA	NA	NA	NA	NA	NA	NA	NA	NA	NA	NA	0.00115245	0.00101109	NA	NA	0.00189208	NA	NA	NA	NA	NA	NA	NA	NA	NA	NA	NA	NA	NA	NA	NA
Rat137_bin.6	NA	NA	NA	NA	NA	NA	NA	NA	NA	NA	NA	NA	NA	NA	0.00217063	NA	0.00149153	NA	NA	NA	NA	NA	NA	NA	NA	NA	NA	0.00308532	0.00156912	NA	NA	NA	NA	NA	0.00075091	0.00054773	0.00072293	0.00063370	NA	NA	NA	NA	NA	NA	NA	NA	NA	NA	NA	NA	NA	NA	NA
Rat137_bin.7	NA	NA	0.03946024	0.03572499	0.03244594	NA	NA	NA	0.02586187	NA	0.04250118	0.03397157	0.04242141	NA	0.02929156	NA	0.03758087	0.02824731	NA	0.02709614	NA	NA	NA	NA	NA	NA	NA	0.03238263	NA	NA	0.03305454	0.02248319	0.03701949	0.03894298	0.00764808	0.02855547	0.02353611	NA	NA	NA	0.03541974	NA	0.02913606	NA	NA	0.02764851	NA	NA	NA	NA	NA	NA	NA
Rat137_bin.8	NA	NA	NA	NA	NA	NA	NA	NA	NA	NA	NA	NA	NA	NA	NA	NA	NA	0.00314367	NA	NA	NA	NA	NA	NA	NA	NA	NA	NA	NA	NA	NA	NA	0.00319722	NA	0.00093862	0.00074738	0.00065439	0.00068134	NA	NA	NA	NA	NA	NA	NA	NA	NA	NA	NA	NA	NA	NA	NA
Rat138_bin.1	NA	NA	NA	NA	NA	NA	NA	NA	NA	NA	NA	NA	NA	NA	NA	NA	NA	NA	NA	NA	NA	NA	NA	NA	NA	NA	NA	NA	NA	NA	NA	NA	NA	NA	NA	0.00060332	NA	NA	NA	NA	NA	NA	NA	NA	NA	NA	NA	NA	NA	NA	NA	NA	NA
Rat138_bin.12	NA	NA	0.01397185	NA	NA	NA	NA	NA	0.01079592	NA	0.00913829	0.01472367	NA	NA	NA	NA	NA	NA	NA	NA	NA	NA	NA	NA	NA	NA	NA	0.00708477	NA	NA	NA	NA	0.00434682	NA	0.00244386	0.00246845	0.00613828	NA	NA	NA	0.01395925	NA	0.00296858	NA	NA	NA	NA	NA	NA	NA	NA	NA	NA
Rat138_bin.14	NA	NA	NA	NA	NA	NA	NA	NA	NA	NA	NA	NA	NA	NA	NA	NA	NA	NA	NA	NA	NA	NA	NA	NA	NA	NA	NA	NA	NA	NA	NA	NA	NA	NA	NA	0.00064448	NA	NA	NA	NA	NA	NA	NA	NA	NA	NA	NA	NA	NA	NA	NA	NA	NA
Rat138_bin.16	NA	NA	NA	0.00117119	NA	NA	NA	NA	NA	NA	0.00720057	NA	NA	NA	NA	NA	NA	NA	NA	NA	NA	NA	NA	NA	NA	NA	NA	NA	NA	NA	NA	NA	NA	NA	NA	0.00082908	0.00129974	0.00083163	NA	NA	NA	NA	NA	NA	NA	NA	NA	NA	NA	NA	NA	NA	NA
Rat138_bin.17	NA	NA	NA	NA	NA	NA	NA	NA	NA	NA	NA	NA	NA	NA	NA	NA	NA	NA	NA	NA	NA	NA	NA	NA	NA	NA	NA	NA	NA	NA	NA	NA	NA	NA	0.00690973	0.00093820	NA	NA	NA	NA	0.01491884	NA	NA	NA	NA	0.01659289	NA	NA	NA	NA	NA	NA	NA
Rat138_bin.18	NA	NA	0.00422306	NA	NA	NA	NA	NA	0.01653362	NA	NA	0.01720986	NA	NA	NA	NA	NA	NA	NA	NA	NA	NA	NA	NA	NA	NA	NA	0.00834622	NA	NA	NA	NA	NA	NA	0.00385094	0.00152975	0.00242765	NA	NA	NA	NA	NA	NA	NA	NA	NA	NA	NA	NA	NA	NA	NA	NA
Rat138_bin.2	NA	NA	NA	NA	NA	NA	NA	NA	NA	NA	NA	NA	NA	NA	NA	NA	NA	NA	NA	NA	NA	NA	NA	NA	NA	NA	NA	NA	NA	NA	NA	NA	NA	NA	NA	0.00052013	NA	NA	NA	NA	NA	NA	NA	NA	NA	NA	NA	0.00280718	0.00160459	NA	NA	0.00292879	NA
Rat138_bin.20	NA	NA	NA	NA	NA	NA	NA	NA	NA	NA	NA	NA	NA	NA	0.00089890	NA	NA	NA	NA	NA	NA	NA	NA	NA	NA	NA	NA	NA	NA	NA	NA	NA	NA	NA	0.00055175	0.00038435	0.00045352	0.00040872	NA	NA	0.00074491	NA	NA	NA	NA	NA	NA	NA	0.00118511	NA	NA	NA	NA
Rat138_bin.21	NA	NA	NA	NA	NA	NA	NA	NA	NA	NA	0.02308699	NA	NA	NA	0.00269949	NA	NA	NA	NA	NA	NA	NA	NA	NA	NA	NA	NA	NA	NA	NA	NA	NA	NA	NA	0.00084191	0.00066213	0.00100762	0.00186349	NA	NA	0.00258432	NA	NA	NA	NA	NA	NA	NA	NA	NA	NA	NA	NA
Rat138_bin.22	NA	NA	NA	NA	NA	NA	NA	NA	NA	NA	NA	0.01050732	NA	NA	NA	NA	0.00386109	NA	NA	NA	NA	NA	NA	NA	NA	NA	NA	0.01269872	NA	0.00474606	NA	NA	0.01163718	0.01609866	NA	0.00139790	0.01283784	NA	NA	NA	0.00763301	NA	NA	NA	NA	NA	NA	NA	0.00583216	NA	NA	NA	NA
Rat138_bin.23	NA	NA	0.02758253	0.03177338	0.01565197	NA	NA	NA	0.03252149	NA	0.02808972	0.01703121	0.02806167	NA	0.01166411	NA	0.02245903	0.02093782	NA	NA	NA	NA	NA	NA	NA	NA	NA	0.02696662	0.00575855	0.01187346	0.03051707	0.02488851	0.01664502	0.01749642	0.00344242	0.00371623	0.00213568	0.00604804	NA	NA	0.01910678	NA	0.02490697	NA	NA	0.02512673	0.02048985	0.01451381	NA	0.01037481	NA	0.01928996	NA
Rat138_bin.26	NA	NA	NA	NA	NA	NA	NA	NA	NA	NA	NA	NA	NA	NA	0.00083929	NA	0.00081880	NA	NA	NA	NA	NA	NA	NA	NA	NA	NA	NA	NA	NA	NA	NA	NA	NA	0.00102811	0.00059375	0.00075198	0.00061415	NA	NA	0.00145621	NA	NA	NA	NA	NA	NA	NA	NA	NA	NA	NA	NA
Rat138_bin.27	NA	NA	NA	NA	0.00184561	NA	NA	NA	NA	NA	NA	NA	NA	NA	NA	NA	NA	NA	NA	NA	NA	NA	NA	NA	NA	NA	NA	NA	NA	NA	NA	0.00209153	NA	NA	0.00091847	0.00080655	0.00094771	0.00106499	NA	NA	0.00149256	NA	NA	NA	NA	NA	NA	NA	NA	0.00229522	NA	NA	NA
Rat138_bin.4	NA	NA	NA	NA	NA	NA	NA	NA	NA	NA	NA	NA	NA	NA	0.00100871	NA	0.00087306	0.00108461	NA	NA	NA	NA	NA	NA	NA	NA	NA	0.00892664	0.00119468	NA	NA	NA	NA	NA	0.00091431	0.00059443	0.00062814	0.00068099	NA	NA	0.00447750	NA	NA	NA	NA	NA	NA	NA	NA	NA	NA	NA	NA
Rat138_bin.5	NA	NA	NA	NA	NA	NA	NA	NA	NA	NA	0.00118994	NA	NA	NA	NA	NA	NA	NA	NA	NA	NA	NA	NA	NA	NA	NA	NA	NA	NA	NA	NA	NA	NA	NA	NA	0.00065711	0.00093676	NA	NA	NA	NA	NA	NA	NA	NA	NA	NA	NA	NA	NA	NA	NA	NA
Rat138_bin.8	NA	NA	NA	NA	NA	NA	NA	NA	NA	NA	NA	NA	NA	NA	NA	NA	NA	NA	NA	NA	NA	NA	NA	NA	NA	NA	NA	NA	NA	NA	NA	NA	NA	NA	0.00124814	0.00062373	0.00068775	NA	NA	NA	NA	NA	NA	NA	NA	NA	NA	NA	NA	0.00162511	NA	NA	NA
Rat138_bin.9	NA	NA	NA	NA	NA	NA	NA	NA	NA	NA	NA	NA	NA	NA	NA	NA	NA	NA	NA	NA	NA	NA	NA	NA	NA	NA	NA	NA	NA	NA	NA	NA	NA	NA	NA	0.00062992	0.00217722	NA	NA	NA	NA	NA	NA	NA	NA	NA	NA	NA	NA	NA	NA	NA	NA
Rat139_bin.1	NA	NA	NA	NA	NA	NA	NA	NA	0.00211310	NA	NA	NA	NA	NA	NA	NA	NA	NA	NA	NA	NA	NA	NA	NA	NA	NA	NA	NA	NA	NA	NA	NA	NA	NA	NA	0.00539759	0.00497690	NA	NA	NA	NA	NA	NA	NA	NA	NA	NA	NA	NA	NA	NA	NA	NA
Rat139_bin.10	NA	NA	0.01119039	0.02433030	NA	NA	NA	NA	NA	NA	0.02954548	0.02163000	NA	NA	0.00188827	NA	NA	NA	NA	NA	NA	NA	NA	NA	NA	NA	NA	0.01841971	0.00740990	NA	NA	NA	NA	NA	0.00939477	0.01079508	0.00729021	0.00905224	NA	NA	0.01113225	NA	NA	NA	NA	NA	NA	NA	NA	NA	NA	NA	NA
Rat139_bin.12	NA	NA	0.00038267	NA	NA	NA	NA	NA	NA	NA	NA	NA	NA	NA	NA	NA	NA	NA	NA	NA	NA	NA	NA	NA	NA	NA	NA	NA	NA	NA	NA	NA	NA	NA	0.00048495	0.00024624	0.00032610	0.00037094	NA	NA	0.00068829	NA	NA	NA	NA	0.00077960	0.00059652	NA	NA	NA	NA	NA	NA
Rat139_bin.13	NA	NA	NA	NA	NA	NA	NA	NA	NA	NA	NA	NA	NA	NA	NA	NA	NA	NA	NA	NA	NA	NA	NA	NA	NA	NA	NA	NA	NA	NA	NA	NA	NA	NA	0.00110370	0.00097985	0.00087995	0.00079550	NA	NA	NA	NA	NA	NA	NA	NA	NA	NA	NA	NA	NA	NA	NA
Rat139_bin.14	NA	NA	0.00118216	0.00167485	NA	NA	NA	NA	NA	NA	NA	NA	NA	NA	NA	NA	NA	NA	NA	NA	NA	NA	NA	NA	NA	NA	NA	NA	NA	NA	NA	NA	NA	NA	0.00083673	0.00065200	0.00069501	0.00073262	NA	NA	0.00130057	NA	NA	NA	NA	NA	NA	NA	NA	NA	NA	NA	NA
Rat139_bin.19	NA	NA	NA	NA	NA	NA	NA	NA	NA	NA	NA	NA	NA	NA	0.00071302	NA	NA	0.00259713	NA	NA	NA	NA	NA	NA	NA	NA	NA	0.00655079	0.00189418	NA	NA	NA	0.00713354	0.00535112	0.00272776	0.00125701	0.00056551	0.00073641	NA	NA	0.00356004	NA	0.00450520	NA	NA	NA	NA	NA	0.00603539	0.00138397	NA	NA	NA
Rat139_bin.2	NA	NA	NA	NA	NA	NA	NA	NA	NA	NA	NA	NA	NA	NA	NA	NA	NA	NA	NA	NA	NA	NA	NA	NA	NA	NA	NA	NA	NA	NA	NA	NA	NA	NA	NA	NA	0.00045485	NA	NA	NA	0.00103344	NA	NA	NA	NA	NA	NA	NA	0.00148199	NA	NA	NA	NA
Rat139_bin.20	NA	NA	NA	NA	NA	NA	NA	NA	NA	NA	0.00188300	NA	NA	NA	NA	NA	NA	NA	NA	NA	NA	NA	NA	NA	NA	NA	NA	NA	NA	NA	NA	NA	NA	NA	NA	0.00089976	0.00134365	NA	NA	NA	NA	NA	NA	NA	NA	NA	NA	NA	NA	NA	NA	NA	NA
Rat139_bin.22	NA	NA	NA	0.02614016	NA	NA	NA	NA	NA	NA	NA	NA	NA	NA	NA	NA	NA	NA	NA	NA	NA	NA	NA	NA	NA	NA	NA	NA	NA	NA	NA	NA	NA	NA	NA	NA	0.00397409	NA	NA	NA	0.02702561	NA	NA	NA	NA	NA	NA	NA	NA	NA	NA	NA	NA
Rat139_bin.3	NA	NA	NA	NA	NA	0.00181808	NA	NA	NA	NA	0.00442001	NA	NA	NA	NA	NA	NA	NA	NA	NA	NA	NA	NA	NA	NA	NA	NA	NA	0.00156844	NA	NA	NA	NA	NA	0.00086421	NA	0.00075968	0.00063775	NA	NA	NA	NA	NA	NA	NA	NA	NA	NA	NA	NA	NA	NA	NA
Rat139_bin.4	NA	NA	NA	NA	NA	NA	NA	NA	NA	NA	NA	NA	NA	NA	NA	NA	NA	NA	NA	NA	NA	NA	NA	NA	NA	NA	NA	NA	NA	NA	NA	NA	NA	NA	0.00304616	0.00291530	0.00221947	0.00147127	NA	NA	0.00228647	NA	NA	NA	NA	NA	NA	0.00380378	NA	NA	NA	0.00442886	NA
Rat139_bin.5	NA	NA	NA	NA	NA	NA	NA	NA	NA	NA	NA	NA	NA	NA	NA	NA	NA	NA	NA	NA	NA	NA	NA	NA	NA	NA	NA	NA	NA	NA	NA	NA	NA	NA	0.00196235	0.00318090	0.00141898	0.00265881	NA	NA	0.00342550	NA	NA	NA	NA	NA	NA	NA	0.01114875	NA	NA	0.00781098	NA
Rat139_bin.6	NA	NA	NA	NA	NA	NA	NA	NA	NA	NA	NA	NA	NA	NA	NA	NA	NA	NA	NA	NA	NA	NA	NA	NA	NA	NA	NA	NA	NA	NA	NA	NA	NA	NA	0.00076879	NA	0.00067449	0.00057813	NA	NA	NA	NA	NA	NA	NA	NA	NA	NA	NA	NA	NA	NA	NA
Rat139_bin.8	NA	NA	NA	NA	NA	NA	NA	NA	NA	NA	NA	NA	NA	NA	NA	NA	NA	NA	NA	NA	NA	NA	NA	NA	NA	NA	NA	NA	NA	NA	NA	NA	NA	NA	0.00056675	0.00049335	0.00133153	0.00117905	NA	NA	0.00454985	NA	NA	NA	NA	NA	NA	NA	NA	NA	NA	NA	NA
Rat139_bin.9	NA	NA	NA	NA	NA	NA	NA	NA	0.00386319	NA	NA	0.00103371	0.01367584	NA	0.00111426	NA	NA	0.00171325	NA	0.00141066	NA	NA	NA	NA	NA	NA	NA	NA	NA	NA	0.00282938	NA	0.00702035	NA	0.00173072	0.00170386	0.00095832	0.00150721	NA	NA	0.00153532	NA	NA	NA	NA	0.00784393	0.01023158	0.01157685	0.01199268	0.00189837	0.00925200	0.01823818	NA
Rat13_bin.1	0.00385799	0.00221213	NA	0.00260653	0.00362826	0.00361538	0.00095519	0.00351404	0.00576940	NA	NA	0.00156248	0.00162377	NA	NA	0.00108805	NA	NA	0.00129783	NA	0.00347498	0.00246850	0.00289699	0.00481855	NA	0.00869804	0.00145482	NA	NA	NA	NA	NA	NA	NA	NA	NA	NA	NA	NA	NA	NA	NA	NA	NA	NA	0.00349817	NA	0.00378553	NA	NA	NA	NA	NA
Rat13_bin.11	0.00746074	0.00175052	NA	0.00112044	NA	NA	0.00100539	0.00137750	0.00084663	NA	NA	0.00087700	NA	NA	NA	0.00346789	NA	NA	0.00165231	NA	0.00258639	0.00127283	NA	0.00083297	NA	0.00154758	NA	NA	NA	NA	0.00164886	NA	NA	NA	NA	NA	NA	NA	NA	0.00138217	NA	NA	NA	NA	NA	NA	0.00123513	NA	NA	NA	NA	NA	NA
Rat13_bin.12	0.00128599	0.00251406	NA	NA	0.00323900	0.00181706	0.00099876	0.00256068	NA	NA	NA	NA	NA	0.00251907	NA	0.00318577	NA	NA	NA	NA	NA	NA	0.00187210	NA	0.00066218	0.00077146	0.00120942	NA	NA	NA	NA	NA	NA	NA	NA	NA	NA	NA	NA	NA	NA	NA	NA	NA	NA	NA	NA	NA	NA	NA	NA	NA	NA
Rat13_bin.13	0.00354243	NA	NA	NA	NA	NA	0.00159109	NA	NA	NA	NA	NA	NA	NA	NA	NA	NA	NA	NA	NA	0.00157303	0.00536332	0.00502038	NA	NA	0.00094395	0.00273889	NA	NA	NA	NA	NA	NA	NA	NA	NA	NA	NA	NA	NA	NA	NA	NA	NA	NA	NA	NA	NA	NA	NA	NA	NA	NA
Rat13_bin.15	0.00119029	0.00163993	NA	NA	NA	NA	0.00088940	0.00090674	NA	NA	NA	NA	NA	NA	NA	0.00490578	NA	NA	NA	NA	NA	NA	NA	NA	NA	NA	NA	NA	NA	NA	NA	NA	NA	NA	NA	NA	NA	NA	NA	NA	NA	NA	NA	NA	NA	NA	NA	NA	NA	NA	NA	NA	NA
Rat13_bin.16	0.00798239	0.00552712	NA	NA	NA	0.00924318	0.00089009	0.00648608	NA	0.00579618	NA	NA	NA	0.00926080	NA	0.00910455	NA	NA	0.00758492	NA	NA	NA	0.00817000	NA	NA	NA	NA	NA	NA	NA	NA	NA	NA	NA	NA	NA	NA	NA	NA	NA	NA	NA	NA	NA	NA	NA	NA	NA	NA	NA	NA	NA	NA
Rat13_bin.2	0.00467782	0.00917301	NA	NA	NA	0.00877005	0.00404576	0.00942413	NA	NA	NA	NA	NA	0.00921898	NA	0.00831793	NA	NA	NA	NA	NA	NA	0.00663907	NA	0.00414406	NA	0.00416703	NA	NA	NA	NA	NA	NA	NA	NA	NA	NA	NA	0.00105808	0.00229351	NA	NA	NA	NA	NA	NA	NA	NA	NA	NA	NA	NA	0.00121279
Rat13_bin.25	0.01015866	0.00639784	NA	NA	NA	0.01082660	0.00607503	NA	NA	NA	NA	NA	NA	0.01298089	NA	0.01208338	NA	NA	NA	NA	NA	NA	NA	NA	NA	0.00628410	NA	NA	NA	NA	NA	NA	NA	NA	NA	NA	NA	NA	NA	NA	NA	NA	NA	NA	NA	NA	NA	NA	NA	NA	NA	NA	NA
Rat13_bin.26	0.00252563	NA	0.00540917	0.00178771	NA	NA	0.00117667	0.00455833	NA	NA	0.00234958	0.00192534	NA	NA	NA	NA	NA	NA	0.00240003	NA	NA	0.00474588	NA	0.00397940	0.00129737	0.00329544	0.00095996	NA	NA	NA	NA	NA	NA	NA	NA	NA	NA	NA	0.00641260	NA	NA	NA	NA	NA	NA	NA	0.00284978	NA	NA	NA	NA	NA	NA
Rat13_bin.28	NA	0.00567233	NA	NA	NA	0.00723016	0.00197033	0.00763248	NA	NA	NA	NA	NA	0.00571822	NA	0.00455601	NA	NA	0.00591699	NA	0.00565561	NA	NA	NA	NA	NA	0.00403048	NA	NA	NA	NA	NA	NA	NA	NA	NA	NA	NA	NA	NA	NA	NA	NA	NA	NA	NA	NA	NA	NA	NA	NA	NA	NA
Rat13_bin.31	NA	0.00332148	NA	NA	NA	NA	0.00088229	0.00296805	NA	0.00180904	NA	NA	0.00089746	NA	NA	NA	NA	0.00091155	NA	NA	NA	NA	NA	NA	NA	NA	NA	NA	NA	NA	NA	0.00253371	NA	NA	NA	NA	NA	NA	NA	0.00140348	NA	NA	NA	NA	NA	NA	NA	NA	NA	NA	NA	NA	NA
Rat13_bin.32	0.00168637	0.00073234	NA	NA	NA	0.00170999	0.00072997	0.00065001	NA	0.00115239	NA	NA	0.00165246	NA	NA	NA	NA	NA	0.00122296	NA	NA	0.00114576	NA	NA	NA	NA	NA	NA	NA	NA	NA	NA	NA	NA	NA	NA	NA	NA	NA	NA	NA	NA	NA	NA	NA	NA	NA	NA	NA	NA	NA	NA	NA
Rat13_bin.33	0.00116088	0.00117727	NA	NA	NA	NA	0.00085722	0.00063079	NA	0.00255528	0.00062062	NA	NA	NA	NA	NA	NA	NA	NA	NA	NA	0.00157809	NA	NA	NA	NA	NA	NA	NA	NA	NA	NA	NA	NA	NA	NA	NA	NA	NA	NA	NA	NA	NA	NA	NA	NA	NA	NA	NA	NA	NA	NA	NA
Rat13_bin.34	0.00101986	NA	NA	NA	0.00279232	NA	0.00094569	0.00331140	NA	NA	NA	NA	NA	NA	0.00061724	NA	NA	NA	NA	NA	NA	NA	NA	NA	NA	NA	NA	NA	0.00071820	NA	NA	NA	0.00159001	0.00211381	NA	NA	NA	NA	NA	NA	NA	NA	NA	NA	NA	NA	NA	NA	NA	NA	NA	NA	NA
Rat13_bin.37	NA	NA	NA	NA	NA	NA	0.00773399	0.00084308	0.00155312	NA	NA	NA	NA	NA	NA	NA	NA	NA	NA	NA	NA	NA	NA	NA	NA	NA	NA	NA	NA	NA	0.00049976	NA	NA	NA	NA	NA	NA	NA	NA	NA	NA	NA	NA	NA	NA	NA	NA	NA	NA	NA	NA	NA	NA
Rat13_bin.38	0.00052711	NA	NA	NA	NA	0.00032632	0.00038316	NA	NA	NA	NA	NA	NA	NA	NA	0.00048590	NA	NA	0.00327574	NA	NA	NA	NA	NA	NA	NA	NA	NA	NA	NA	NA	NA	NA	NA	NA	NA	NA	NA	NA	NA	NA	NA	NA	NA	NA	NA	NA	NA	NA	NA	NA	NA	NA
Rat13_bin.41	0.00212165	0.00500656	NA	NA	0.00633416	0.00998653	0.00205533	0.00808456	NA	NA	NA	NA	NA	NA	NA	NA	NA	NA	NA	NA	NA	NA	NA	NA	NA	NA	NA	NA	NA	NA	NA	NA	NA	NA	NA	NA	NA	NA	NA	NA	NA	NA	NA	NA	NA	NA	NA	NA	NA	NA	NA	NA	NA
Rat13_bin.43	0.00138106	0.00183487	NA	NA	NA	0.00082899	0.00093225	0.00196291	NA	0.00381406	NA	NA	NA	0.00414730	NA	0.00331026	NA	NA	0.00208898	NA	NA	0.00275292	0.00169412	NA	NA	NA	NA	NA	NA	NA	NA	NA	NA	NA	NA	NA	NA	NA	NA	NA	NA	NA	NA	NA	NA	NA	NA	NA	NA	NA	NA	NA	NA
Rat13_bin.45	NA	0.00244732	NA	NA	NA	0.00426045	0.00247002	0.00329622	NA	0.00580449	NA	NA	NA	0.00545402	NA	0.00542520	NA	NA	0.00495889	NA	0.00354659	0.00448468	0.00417698	0.00341601	NA	0.00061929	NA	NA	NA	NA	NA	NA	NA	NA	NA	NA	NA	NA	NA	NA	NA	NA	NA	NA	NA	NA	NA	NA	NA	NA	NA	NA	NA
Rat13_bin.46	0.00181971	0.00147301	NA	NA	NA	NA	0.00066322	0.00231129	NA	NA	NA	NA	NA	0.00300943	NA	NA	NA	NA	NA	NA	0.00346936	0.00370172	NA	0.00310861	NA	0.00224552	NA	NA	NA	NA	NA	NA	NA	NA	NA	NA	NA	NA	NA	NA	NA	NA	NA	NA	NA	NA	NA	NA	NA	NA	NA	NA	0.00122149
Rat13_bin.48	0.00279603	0.00166387	NA	NA	0.00218123	NA	0.00149743	NA	NA	NA	NA	NA	NA	NA	NA	NA	NA	NA	NA	NA	NA	0.00962974	NA	0.00102699	NA	NA	NA	NA	NA	NA	NA	NA	NA	NA	NA	NA	NA	NA	NA	NA	NA	NA	NA	NA	NA	NA	NA	NA	NA	NA	NA	NA	NA
Rat13_bin.52	0.02421353	0.01808950	0.04079444	0.04254354	0.02336423	0.02459600	0.00864418	0.02708780	0.04294945	0.02039244	0.04227116	0.03807621	0.04174512	NA	0.03467660	NA	0.03012620	0.03473529	NA	0.03620209	NA	0.00511275	NA	0.01817739	NA	NA	NA	0.04199662	0.02448715	0.03820696	0.03626791	0.03831071	0.04285537	0.04368803	0.03837805	0.03878769	0.02448631	0.02622652	NA	NA	0.04160260	0.02003501	0.03629518	NA	NA	NA	0.02975367	0.03493030	NA	0.04288160	NA	0.02300960	NA
Rat13_bin.53	0.00124458	0.00182962	NA	NA	NA	NA	0.00134376	0.00142169	NA	NA	NA	NA	NA	0.00232354	NA	NA	NA	NA	NA	NA	NA	NA	NA	NA	NA	NA	NA	NA	NA	NA	NA	NA	NA	NA	NA	NA	NA	NA	0.00089710	NA	NA	NA	NA	NA	NA	NA	NA	NA	NA	NA	NA	NA	NA
Rat13_bin.54	0.01070361	0.00281577	NA	NA	0.00226024	0.00224338	0.00745426	0.01097022	NA	0.00123892	NA	NA	NA	0.00645526	NA	0.00301717	NA	NA	NA	NA	NA	0.00227350	0.00247197	NA	0.00080666	0.01042003	NA	NA	NA	NA	NA	NA	NA	NA	NA	NA	NA	NA	NA	NA	NA	NA	NA	NA	NA	NA	NA	NA	NA	NA	NA	NA	NA
Rat13_bin.56	0.00613203	0.00170596	NA	NA	NA	0.00534281	0.00100881	0.00460957	NA	NA	NA	NA	0.00453316	NA	NA	0.00362021	NA	NA	NA	NA	0.00989346	0.00722216	0.00607766	0.01100853	NA	0.00705040	0.00536372	NA	NA	NA	NA	NA	NA	NA	NA	NA	NA	NA	NA	NA	NA	NA	NA	NA	NA	NA	NA	NA	NA	NA	NA	NA	NA
Rat13_bin.57	0.00451764	0.00240265	NA	NA	0.00215514	0.00207675	0.00439112	0.00386932	NA	0.00258290	NA	NA	NA	0.00362134	NA	0.00646732	NA	NA	0.00385065	NA	0.00194544	0.00334367	0.00365413	NA	0.00090114	0.00145685	0.00146714	NA	NA	NA	NA	NA	NA	NA	NA	NA	NA	NA	NA	0.00179777	NA	NA	NA	NA	NA	NA	NA	NA	NA	NA	NA	NA	0.00191575
Rat13_bin.58	0.00040879	NA	NA	NA	NA	NA	0.00118283	NA	NA	NA	NA	NA	NA	0.00154735	NA	NA	NA	NA	0.00144212	NA	NA	0.00271788	NA	NA	NA	NA	NA	NA	NA	NA	NA	NA	NA	NA	NA	NA	NA	NA	NA	NA	NA	NA	NA	NA	NA	NA	NA	NA	NA	NA	NA	NA	NA
Rat13_bin.63	0.00098651	NA	NA	NA	NA	NA	0.00090143	NA	NA	0.00174187	NA	NA	NA	NA	NA	NA	NA	NA	NA	NA	NA	NA	NA	NA	NA	NA	NA	NA	NA	NA	NA	NA	NA	NA	NA	NA	NA	NA	NA	NA	NA	NA	NA	NA	NA	NA	NA	NA	NA	NA	NA	NA	NA
Rat13_bin.65	0.00535768	0.00791472	NA	0.00326697	0.00585236	NA	0.00391257	0.00385089	NA	0.00389236	NA	NA	NA	0.01045300	NA	0.00860998	NA	NA	0.00653690	NA	0.00468465	0.00566176	0.00414750	0.00371830	NA	0.00412693	0.00088830	NA	NA	NA	NA	NA	NA	NA	NA	NA	NA	NA	NA	NA	NA	NA	NA	NA	NA	NA	NA	NA	NA	NA	NA	NA	NA
Rat13_bin.67	0.00254271	0.00288304	NA	NA	NA	0.00208579	0.00173215	0.00228200	NA	NA	NA	NA	NA	0.00806547	NA	0.00524714	NA	NA	NA	NA	0.00158412	0.00103416	0.00149897	0.00075358	0.00067206	0.00069648	NA	NA	NA	NA	NA	NA	NA	NA	NA	NA	NA	NA	NA	NA	NA	NA	NA	NA	NA	NA	NA	NA	NA	NA	NA	NA	NA
Rat13_bin.68	0.00162816	0.00541917	NA	NA	NA	NA	0.00269387	NA	NA	NA	NA	NA	NA	NA	NA	NA	NA	NA	NA	NA	NA	NA	NA	NA	NA	NA	NA	NA	NA	NA	NA	NA	NA	NA	NA	NA	NA	NA	0.00176515	NA	NA	NA	NA	NA	NA	NA	NA	NA	NA	NA	NA	NA	NA
Rat13_bin.70	0.00096302	0.00089392	NA	NA	NA	0.00095168	0.00137507	NA	NA	NA	NA	NA	NA	0.00140552	NA	0.00155281	NA	NA	NA	NA	NA	0.00246051	NA	NA	NA	NA	NA	NA	NA	NA	NA	NA	NA	NA	NA	NA	NA	NA	NA	NA	NA	NA	NA	NA	NA	NA	NA	NA	NA	NA	NA	NA	NA
Rat13_bin.71	0.00971877	0.00366480	NA	NA	NA	0.00258910	0.00139016	0.00398820	NA	0.00210861	NA	NA	NA	NA	NA	0.00847886	NA	NA	0.00311506	NA	0.00687484	0.00509824	0.00331860	0.01008907	0.00471361	0.00806529	0.00900515	NA	NA	NA	NA	NA	NA	NA	NA	NA	NA	NA	NA	NA	NA	NA	NA	0.00597500	NA	NA	NA	NA	NA	NA	NA	NA	NA
Rat13_bin.74	NA	NA	NA	NA	NA	0.00423550	0.00080325	NA	NA	NA	NA	0.00544422	0.00075253	NA	NA	NA	NA	NA	NA	NA	NA	0.00420700	0.00549943	NA	0.00426784	0.00309942	NA	NA	NA	NA	NA	NA	NA	NA	NA	NA	NA	NA	NA	0.00154928	0.00090985	0.00743466	NA	0.00408919	NA	NA	NA	NA	NA	0.01270477	NA	NA	NA
Rat13_bin.79	NA	0.00351439	NA	NA	NA	0.00376108	0.00094962	0.00343481	NA	NA	NA	NA	0.00064624	NA	NA	NA	NA	NA	NA	NA	0.00362835	NA	0.00716016	NA	NA	0.00374423	NA	NA	NA	NA	NA	NA	NA	NA	NA	NA	NA	NA	NA	NA	NA	NA	NA	NA	NA	NA	NA	NA	NA	NA	NA	NA	NA
Rat13_bin.8	0.00128768	NA	NA	NA	0.00216245	0.00127129	0.00067050	NA	NA	NA	NA	NA	NA	NA	NA	NA	NA	NA	NA	NA	NA	NA	NA	NA	NA	NA	NA	NA	NA	NA	NA	NA	NA	NA	NA	NA	NA	NA	NA	NA	NA	NA	NA	NA	NA	NA	NA	NA	NA	NA	NA	NA	0.00104622
Rat13_bin.80	0.00124892	0.00319630	NA	NA	NA	NA	0.00054807	0.00100211	NA	NA	NA	NA	NA	0.00208628	NA	0.00218738	NA	NA	NA	NA	0.00198289	NA	0.00398822	NA	NA	0.00576925	0.00074049	NA	NA	NA	NA	NA	NA	NA	NA	NA	NA	NA	0.00091129	0.00061027	NA	NA	NA	NA	NA	NA	NA	NA	NA	NA	NA	NA	NA
Rat13_bin.81	0.00142138	NA	NA	NA	0.00413236	NA	0.00215352	NA	0.00223257	NA	0.00088769	NA	NA	NA	NA	NA	NA	NA	0.00305348	NA	0.00155862	NA	NA	0.00141768	NA	NA	NA	NA	NA	NA	NA	NA	NA	NA	NA	NA	NA	NA	0.00268212	NA	NA	NA	NA	NA	NA	NA	NA	0.00146067	NA	NA	NA	NA	NA
Rat13_bin.82	NA	0.00305720	NA	NA	0.00168536	NA	0.00104227	NA	NA	NA	NA	NA	NA	0.00152846	NA	0.00138470	NA	NA	NA	NA	NA	NA	NA	NA	NA	NA	NA	NA	NA	NA	NA	NA	NA	NA	NA	NA	NA	NA	NA	NA	NA	NA	0.00441399	NA	NA	NA	NA	NA	NA	NA	NA	NA	NA
Rat13_bin.83	0.00244550	NA	NA	NA	NA	NA	0.00095852	0.00073458	NA	NA	NA	NA	NA	NA	NA	NA	NA	NA	0.00112130	NA	0.00049991	0.00106529	NA	NA	NA	NA	NA	NA	NA	NA	NA	NA	NA	NA	NA	NA	NA	NA	NA	NA	NA	NA	NA	NA	NA	NA	NA	NA	NA	NA	NA	NA	NA
Rat140_bin.1	NA	NA	NA	NA	0.00354607	NA	NA	NA	NA	NA	NA	NA	NA	NA	NA	NA	0.00392672	0.00234159	NA	NA	NA	NA	NA	NA	NA	NA	NA	NA	NA	NA	NA	NA	NA	NA	NA	NA	NA	0.00120930	NA	NA	NA	NA	NA	NA	NA	NA	NA	NA	NA	NA	NA	NA	NA
Rat140_bin.12	NA	NA	0.00906116	0.02185420	NA	NA	NA	NA	NA	NA	NA	0.01790763	NA	NA	0.00051372	NA	NA	NA	NA	NA	NA	NA	NA	NA	NA	NA	NA	NA	0.00604006	NA	NA	NA	NA	NA	0.01042622	0.01172819	0.00904624	0.00914306	NA	NA	0.00922555	NA	NA	NA	NA	NA	NA	NA	NA	NA	NA	NA	NA
Rat140_bin.15	NA	NA	NA	NA	NA	NA	NA	NA	NA	NA	NA	NA	NA	NA	NA	NA	NA	NA	NA	NA	NA	NA	NA	NA	NA	NA	NA	NA	NA	NA	NA	NA	NA	NA	NA	0.00043351	NA	0.00040110	NA	NA	0.00085053	NA	NA	NA	NA	NA	NA	NA	NA	NA	NA	NA	NA
Rat140_bin.16	NA	NA	NA	NA	NA	NA	NA	NA	NA	NA	NA	NA	NA	NA	NA	NA	NA	NA	NA	0.00114842	NA	NA	NA	NA	NA	NA	NA	NA	0.00118357	NA	NA	NA	0.00122753	NA	0.00084867	0.00063715	0.00051959	0.00055431	NA	NA	0.00183185	NA	NA	NA	NA	NA	0.00429411	0.00342068	0.00216574	0.00170710	0.00264720	0.00376725	NA
Rat140_bin.2	NA	NA	0.00039174	NA	NA	NA	NA	NA	NA	NA	NA	NA	NA	NA	NA	NA	NA	NA	NA	NA	NA	NA	NA	NA	NA	NA	NA	NA	NA	NA	NA	NA	NA	NA	0.00046665	0.00025156	0.00038128	0.00037065	NA	NA	0.00081670	NA	NA	NA	NA	0.00084412	0.00067560	NA	NA	NA	NA	NA	NA
Rat140_bin.4	NA	NA	0.01060976	NA	0.00119712	NA	NA	NA	NA	NA	0.01869062	NA	NA	NA	NA	NA	NA	NA	NA	NA	NA	NA	NA	NA	NA	NA	NA	NA	NA	0.00129934	NA	NA	NA	NA	0.00348143	0.00346515	0.00254695	0.00073067	NA	NA	NA	NA	NA	NA	NA	NA	NA	NA	NA	0.00191080	NA	NA	NA
Rat140_bin.5	NA	NA	NA	NA	NA	NA	NA	NA	NA	NA	NA	NA	NA	NA	NA	NA	NA	0.00041012	NA	NA	NA	NA	NA	NA	NA	NA	NA	0.00046812	NA	NA	NA	NA	NA	NA	0.00071911	0.00043100	NA	0.00037896	NA	NA	0.00091428	0.00112497	NA	NA	NA	NA	NA	NA	0.00133933	0.00089136	NA	NA	0.00078846
Rat140_bin.6	NA	NA	NA	NA	NA	NA	NA	NA	NA	NA	NA	NA	NA	NA	NA	NA	NA	NA	NA	NA	NA	NA	NA	NA	NA	NA	NA	NA	NA	NA	NA	NA	NA	NA	0.00079456	0.00061656	0.00062522	0.00059537	NA	NA	0.00141461	NA	NA	NA	NA	NA	NA	0.00514382	0.00540372	NA	0.00620326	0.00611658	NA
Rat141_bin.1	NA	NA	NA	NA	NA	NA	NA	NA	NA	NA	NA	0.00061776	NA	NA	NA	NA	NA	NA	NA	0.00048074	NA	NA	NA	NA	NA	NA	NA	NA	NA	NA	0.00071411	0.00135911	NA	NA	NA	NA	NA	NA	0.00165291	0.00101155	NA	0.00303766	NA	NA	NA	NA	NA	NA	NA	NA	NA	0.00060554	NA
Rat141_bin.10	NA	NA	NA	0.00563886	NA	NA	NA	NA	NA	NA	NA	NA	NA	NA	NA	NA	NA	NA	NA	NA	NA	NA	NA	NA	NA	NA	NA	NA	NA	NA	0.00135663	NA	NA	NA	NA	NA	NA	NA	0.00162039	NA	NA	NA	NA	NA	NA	NA	NA	NA	NA	NA	NA	NA	NA
Rat141_bin.11	0.00894231	0.01462477	NA	NA	NA	0.01123331	0.00690240	0.01323692	NA	0.01354230	NA	NA	NA	0.01179413	NA	0.00977071	NA	NA	NA	NA	NA	0.01075757	0.00864362	NA	0.00597329	NA	0.00646407	NA	NA	NA	NA	NA	NA	NA	NA	NA	NA	NA	0.00114178	0.00349545	NA	NA	NA	NA	NA	NA	NA	NA	NA	NA	NA	NA	0.00153956
Rat141_bin.13	NA	NA	NA	NA	NA	NA	NA	NA	NA	NA	NA	NA	NA	NA	NA	NA	NA	NA	NA	NA	NA	NA	NA	NA	NA	NA	NA	NA	NA	NA	NA	NA	NA	NA	NA	NA	NA	NA	0.00087021	NA	NA	NA	NA	NA	NA	NA	NA	NA	NA	NA	NA	NA	NA
Rat141_bin.15	NA	NA	NA	NA	NA	NA	NA	NA	NA	NA	NA	NA	NA	NA	NA	NA	NA	NA	NA	NA	NA	NA	NA	NA	NA	NA	NA	NA	NA	NA	NA	NA	NA	NA	NA	NA	NA	NA	0.00519064	0.00085258	NA	NA	NA	NA	NA	NA	NA	NA	NA	0.00067156	NA	NA	NA
Rat141_bin.16	NA	NA	NA	NA	NA	NA	NA	NA	NA	NA	NA	NA	NA	NA	NA	NA	NA	NA	NA	NA	NA	NA	NA	NA	NA	NA	NA	NA	NA	NA	NA	NA	NA	NA	NA	NA	NA	NA	0.00304575	NA	NA	NA	NA	NA	NA	NA	NA	NA	NA	NA	NA	NA	NA
Rat141_bin.17	NA	NA	NA	NA	NA	NA	NA	NA	NA	NA	NA	NA	NA	NA	NA	NA	NA	NA	NA	NA	NA	NA	NA	NA	NA	NA	NA	0.00048016	NA	NA	NA	NA	NA	NA	NA	NA	NA	NA	0.00079805	0.00060502	NA	NA	NA	NA	NA	NA	NA	NA	NA	NA	NA	NA	0.00308764
Rat141_bin.19	NA	NA	NA	NA	NA	NA	NA	NA	NA	NA	NA	0.00073095	NA	NA	NA	NA	NA	NA	NA	0.00089652	NA	NA	NA	NA	NA	NA	NA	NA	NA	NA	NA	NA	NA	NA	NA	NA	NA	NA	0.00073550	NA	NA	NA	NA	NA	NA	NA	NA	NA	NA	NA	NA	0.00055225	0.00594685
Rat141_bin.2	NA	NA	NA	0.00274448	NA	0.00365593	0.00073466	NA	0.00194815	NA	NA	0.00227583	0.00199419	NA	NA	NA	NA	NA	NA	NA	NA	NA	0.00065276	NA	NA	NA	NA	NA	NA	0.00067861	0.00067294	0.00072243	NA	NA	NA	NA	NA	NA	0.00125955	0.00130582	NA	NA	0.00063666	NA	NA	0.00108398	0.00074595	0.00120714	0.00224431	0.00153491	0.00106634	NA	0.00225949
Rat141_bin.20	NA	NA	NA	NA	NA	NA	NA	NA	NA	NA	0.00491433	NA	NA	NA	NA	NA	0.00531816	0.00126645	NA	NA	NA	NA	NA	NA	NA	NA	NA	0.00268017	NA	NA	NA	NA	NA	NA	NA	NA	NA	NA	0.00129331	NA	NA	NA	NA	NA	NA	NA	NA	NA	NA	NA	NA	NA	NA
Rat141_bin.22	NA	NA	NA	NA	NA	NA	NA	NA	NA	NA	0.00366447	NA	NA	NA	NA	NA	0.00151166	0.00153114	NA	0.00075146	NA	NA	NA	NA	NA	NA	NA	NA	0.00331565	NA	NA	NA	NA	NA	NA	NA	NA	NA	0.00431910	NA	NA	0.00181725	NA	NA	NA	NA	NA	NA	NA	NA	NA	NA	NA
Rat141_bin.23	NA	NA	NA	NA	NA	NA	NA	NA	NA	NA	NA	NA	0.00262551	NA	NA	NA	NA	NA	NA	NA	NA	NA	NA	NA	NA	NA	NA	NA	NA	NA	0.00187009	NA	NA	NA	NA	NA	NA	NA	0.00088195	0.00125252	NA	NA	NA	NA	NA	NA	NA	NA	0.00518920	NA	0.00532835	NA	0.00434780
Rat141_bin.24	NA	NA	NA	NA	NA	NA	NA	NA	NA	NA	NA	NA	NA	NA	NA	0.00986891	NA	NA	NA	NA	NA	NA	NA	NA	0.01238717	NA	NA	NA	NA	NA	NA	NA	NA	NA	NA	NA	NA	NA	0.00606122	NA	NA	NA	NA	0.01648927	NA	NA	NA	NA	NA	NA	NA	NA	NA
Rat141_bin.25	NA	0.00111433	NA	NA	NA	0.00118405	0.00098269	NA	NA	NA	NA	NA	NA	0.00157584	NA	NA	NA	NA	NA	NA	NA	NA	NA	NA	NA	NA	NA	NA	NA	NA	NA	NA	NA	NA	NA	NA	NA	NA	0.00218405	0.00120278	NA	NA	NA	0.00375505	NA	NA	NA	NA	NA	NA	NA	NA	0.00213149
Rat141_bin.27	NA	NA	NA	NA	NA	NA	NA	NA	NA	NA	0.02398473	NA	NA	NA	NA	NA	NA	NA	NA	NA	NA	NA	NA	NA	NA	NA	NA	NA	NA	NA	NA	NA	NA	NA	NA	NA	NA	NA	0.00191431	NA	NA	NA	NA	NA	NA	NA	NA	NA	NA	NA	NA	NA	NA
Rat141_bin.28	NA	NA	NA	NA	NA	NA	NA	NA	NA	NA	NA	NA	NA	NA	NA	NA	NA	NA	NA	NA	NA	NA	NA	NA	NA	NA	NA	NA	NA	NA	NA	NA	NA	NA	NA	NA	NA	NA	0.00100343	0.00082496	NA	NA	NA	NA	NA	NA	NA	NA	NA	NA	NA	NA	NA
Rat141_bin.29	NA	NA	NA	NA	0.00127911	0.00062465	0.00073233	NA	NA	NA	NA	NA	NA	NA	0.00180251	NA	0.00140775	0.00093851	NA	NA	NA	NA	NA	NA	NA	NA	NA	NA	NA	NA	NA	NA	NA	NA	NA	NA	NA	NA	0.00169347	NA	NA	NA	NA	NA	NA	NA	NA	NA	NA	NA	NA	NA	NA
Rat141_bin.30	NA	NA	NA	NA	NA	NA	NA	NA	NA	NA	NA	NA	NA	NA	NA	NA	NA	NA	NA	NA	NA	NA	NA	NA	NA	NA	NA	NA	NA	NA	NA	NA	NA	NA	NA	NA	NA	NA	0.00092445	NA	NA	NA	NA	NA	NA	NA	NA	NA	NA	NA	0.00134073	NA	0.00400127
Rat141_bin.31	0.00339311	NA	NA	NA	NA	NA	NA	NA	NA	NA	NA	NA	NA	NA	NA	NA	NA	NA	NA	NA	NA	NA	NA	0.00159732	NA	NA	0.00103295	NA	NA	NA	NA	NA	NA	NA	NA	NA	NA	NA	0.00096778	0.00082416	NA	NA	NA	NA	NA	NA	NA	NA	NA	NA	NA	NA	NA
Rat141_bin.32	NA	NA	NA	NA	NA	NA	NA	NA	NA	NA	NA	0.00216532	NA	NA	NA	NA	0.00240821	NA	NA	NA	NA	NA	NA	NA	NA	NA	NA	NA	NA	NA	NA	NA	0.00142816	NA	NA	NA	NA	NA	0.00092052	NA	NA	NA	0.00108805	NA	NA	NA	NA	NA	NA	NA	NA	NA	NA
Rat141_bin.33	NA	NA	0.01216521	0.01371390	NA	NA	NA	NA	0.01272099	NA	0.01173972	0.01208607	NA	NA	0.00326789	NA	0.00775884	0.00740197	NA	NA	NA	NA	NA	NA	NA	NA	NA	0.01087573	0.00987807	NA	0.01312170	0.01008886	NA	0.01156649	0.00386213	NA	0.00576892	0.01015575	0.00317378	NA	0.00968091	NA	0.00870831	NA	NA	NA	NA	0.00894357	NA	NA	NA	NA	NA
Rat141_bin.35	0.00589104	0.00563624	NA	0.00689546	NA	NA	0.00281112	NA	0.00303425	NA	0.00730154	NA	0.00989703	0.00898074	NA	0.00395421	0.00224065	0.00851845	NA	0.02696185	NA	0.00398413	NA	NA	0.00171947	NA	NA	0.00993520	NA	NA	0.00895964	NA	NA	NA	NA	NA	NA	NA	0.00488895	NA	NA	NA	0.00226342	NA	NA	NA	0.00516838	0.01797710	0.02769769	NA	0.02086257	0.00419485	NA
Rat141_bin.36	NA	NA	NA	NA	0.00532387	NA	NA	NA	NA	NA	NA	NA	NA	0.00236545	NA	NA	NA	NA	NA	NA	0.00392351	NA	NA	NA	NA	NA	NA	NA	NA	NA	NA	NA	NA	NA	NA	NA	NA	NA	0.00209851	0.00261021	NA	NA	NA	NA	NA	NA	NA	NA	NA	NA	NA	NA	NA
Rat141_bin.38	NA	NA	NA	NA	NA	NA	NA	NA	NA	NA	NA	NA	NA	NA	NA	NA	NA	NA	NA	NA	NA	NA	NA	NA	NA	NA	NA	NA	NA	NA	NA	NA	NA	NA	NA	NA	NA	NA	0.00609403	0.00040840	NA	0.00093287	NA	NA	NA	NA	NA	NA	NA	NA	NA	NA	NA
Rat141_bin.39	NA	NA	NA	NA	NA	NA	NA	NA	NA	NA	NA	NA	NA	NA	NA	NA	NA	NA	NA	NA	NA	NA	NA	NA	NA	NA	NA	NA	NA	NA	NA	NA	NA	NA	NA	NA	NA	NA	0.00057350	NA	NA	NA	NA	0.00421965	NA	0.00060513	NA	NA	NA	0.00044394	NA	NA	NA
Rat141_bin.4	NA	NA	NA	NA	NA	NA	NA	NA	NA	NA	NA	NA	0.01328167	NA	NA	NA	NA	NA	NA	NA	NA	NA	NA	NA	NA	NA	NA	NA	0.00345169	NA	NA	NA	NA	NA	NA	NA	NA	NA	0.00413361	NA	NA	0.00350566	NA	NA	NA	NA	NA	NA	NA	0.00779240	NA	NA	0.00824244
Rat141_bin.40	NA	NA	NA	NA	NA	NA	NA	NA	NA	NA	NA	NA	NA	NA	NA	NA	NA	NA	NA	0.00130404	NA	NA	NA	NA	NA	NA	NA	NA	0.00038490	NA	0.00109483	NA	0.00060317	NA	NA	NA	NA	NA	0.00049721	NA	NA	0.00315095	NA	NA	NA	NA	NA	NA	NA	0.00052090	NA	NA	NA
Rat141_bin.42	NA	NA	NA	NA	NA	NA	NA	NA	NA	NA	NA	NA	NA	NA	NA	0.01839792	NA	NA	NA	NA	NA	NA	NA	NA	NA	NA	NA	NA	NA	NA	NA	NA	NA	NA	NA	NA	NA	NA	0.01437700	0.00950836	NA	NA	NA	0.02427867	NA	NA	NA	NA	NA	NA	NA	NA	0.01642555
Rat141_bin.44	NA	NA	NA	NA	NA	NA	NA	NA	NA	NA	NA	NA	NA	NA	NA	NA	NA	NA	NA	NA	NA	NA	NA	NA	NA	NA	NA	NA	NA	NA	NA	NA	NA	NA	NA	NA	NA	NA	0.00057371	0.00045162	NA	NA	NA	NA	NA	NA	NA	NA	0.00256712	NA	NA	NA	NA
Rat141_bin.45	NA	NA	0.00267919	0.00164636	NA	NA	NA	NA	NA	NA	NA	0.00149784	0.00104191	NA	NA	NA	NA	NA	NA	0.00121612	NA	NA	NA	NA	NA	NA	NA	NA	NA	NA	NA	NA	NA	NA	NA	NA	NA	NA	0.00108661	NA	NA	0.00147118	0.00198467	NA	NA	0.00157145	0.00144417	NA	NA	NA	NA	NA	NA
Rat141_bin.46	NA	NA	NA	0.00392947	NA	NA	NA	0.01007229	0.00213021	NA	NA	NA	NA	NA	NA	NA	NA	NA	NA	0.00141205	NA	NA	NA	NA	NA	NA	NA	NA	NA	NA	NA	NA	NA	NA	NA	NA	NA	NA	0.00080329	NA	NA	NA	NA	NA	NA	NA	NA	NA	NA	NA	NA	NA	0.00106426
Rat141_bin.47	NA	NA	NA	NA	NA	NA	NA	NA	NA	NA	NA	NA	NA	NA	NA	NA	NA	NA	NA	NA	NA	NA	NA	NA	NA	NA	NA	NA	NA	NA	NA	NA	NA	NA	NA	NA	NA	NA	0.00056134	NA	NA	NA	NA	NA	NA	NA	NA	NA	NA	NA	NA	NA	NA
Rat141_bin.48	NA	NA	NA	NA	NA	NA	NA	NA	NA	NA	NA	NA	NA	NA	NA	NA	NA	NA	NA	NA	NA	NA	NA	NA	NA	NA	NA	NA	0.00107698	NA	NA	NA	NA	0.00052421	NA	NA	NA	NA	0.00711387	NA	NA	NA	0.00179153	NA	NA	NA	NA	NA	NA	0.00120423	NA	0.00084343	NA
Rat141_bin.49	NA	NA	NA	NA	NA	NA	NA	NA	NA	NA	NA	NA	0.00690500	NA	NA	NA	NA	NA	NA	NA	NA	NA	NA	NA	NA	NA	NA	NA	NA	NA	NA	NA	NA	NA	NA	NA	NA	NA	0.00048893	NA	NA	NA	NA	NA	NA	NA	NA	NA	NA	0.00846143	NA	0.01349399	0.00541741
Rat141_bin.5	NA	NA	0.00872535	0.00931699	NA	NA	NA	NA	NA	NA	0.00978176	0.00765632	0.00950541	NA	NA	NA	NA	0.00332423	NA	NA	NA	NA	NA	NA	NA	NA	NA	NA	NA	0.00430107	0.00632738	NA	NA	NA	0.00142516	NA	NA	0.00168441	0.00677746	NA	NA	NA	NA	NA	NA	NA	0.00733950	NA	NA	NA	NA	NA	NA
Rat141_bin.50	NA	NA	NA	NA	NA	NA	NA	NA	NA	NA	NA	NA	NA	NA	NA	NA	NA	NA	NA	NA	NA	NA	NA	NA	NA	NA	NA	NA	NA	NA	NA	NA	NA	NA	NA	NA	NA	NA	0.00064295	NA	NA	NA	NA	NA	NA	NA	NA	0.00102646	0.00111170	NA	0.00089202	NA	0.00104464
Rat141_bin.51	NA	NA	NA	NA	NA	NA	NA	NA	NA	NA	NA	NA	NA	NA	NA	NA	NA	NA	NA	NA	NA	NA	NA	NA	NA	NA	NA	NA	NA	NA	NA	NA	NA	NA	NA	NA	NA	NA	0.00304199	0.00269661	0.00521946	NA	0.01583996	NA	0.01943102	NA	NA	NA	NA	NA	NA	NA	0.00329332
Rat141_bin.52	NA	NA	NA	0.01749029	NA	NA	NA	NA	NA	NA	NA	NA	NA	NA	NA	NA	NA	NA	NA	NA	NA	NA	NA	NA	NA	NA	NA	NA	NA	NA	NA	NA	NA	NA	NA	NA	NA	NA	0.00116318	NA	NA	NA	NA	NA	NA	NA	NA	NA	NA	NA	NA	NA	NA
Rat141_bin.53	NA	NA	0.00774716	0.00634785	NA	NA	NA	NA	0.00962574	NA	0.00899695	0.00464623	NA	NA	NA	NA	NA	NA	NA	NA	NA	NA	NA	NA	NA	NA	NA	NA	NA	NA	NA	NA	NA	NA	NA	NA	NA	NA	0.00343542	NA	NA	NA	0.00255689	NA	NA	NA	NA	0.00392298	NA	NA	NA	NA	0.00205419
Rat141_bin.55	0.00113177	NA	NA	NA	NA	NA	NA	0.00177634	NA	NA	NA	NA	NA	NA	NA	NA	NA	NA	NA	NA	NA	NA	NA	NA	NA	NA	NA	NA	0.00176767	NA	NA	NA	NA	NA	NA	NA	NA	NA	0.00121245	NA	NA	NA	NA	NA	NA	NA	NA	NA	NA	NA	NA	NA	NA
Rat141_bin.56	NA	NA	NA	NA	NA	NA	NA	NA	NA	NA	NA	NA	NA	NA	NA	NA	NA	NA	NA	NA	NA	NA	NA	NA	NA	NA	NA	NA	0.00120936	NA	NA	NA	NA	NA	NA	NA	NA	NA	0.00099395	NA	NA	NA	NA	0.00576509	NA	0.00099844	NA	0.00054275	NA	NA	NA	NA	0.00087893
Rat141_bin.6	NA	NA	NA	NA	0.00150778	NA	NA	NA	NA	NA	NA	NA	NA	NA	NA	NA	NA	NA	0.00175790	NA	NA	0.00205705	NA	0.00121165	NA	NA	NA	NA	NA	NA	NA	NA	NA	NA	NA	NA	NA	NA	0.00104988	0.00319064	NA	NA	NA	NA	NA	NA	NA	NA	NA	NA	NA	NA	NA
Rat141_bin.60	NA	NA	NA	NA	NA	NA	NA	NA	NA	NA	NA	NA	NA	NA	NA	NA	NA	NA	NA	NA	NA	NA	NA	NA	0.00126331	NA	NA	NA	NA	NA	NA	NA	NA	NA	NA	NA	NA	NA	0.00082094	0.00080065	NA	NA	NA	NA	NA	NA	NA	NA	NA	NA	NA	NA	0.00183175
Rat141_bin.61	NA	NA	NA	NA	NA	0.00889912	NA	NA	NA	NA	NA	NA	NA	NA	NA	NA	NA	NA	NA	NA	NA	NA	NA	NA	0.01199924	NA	NA	NA	NA	NA	NA	NA	NA	NA	NA	NA	NA	NA	0.00134814	NA	NA	NA	NA	NA	NA	NA	NA	NA	NA	NA	NA	NA	0.00573552
Rat141_bin.62	0.00185087	0.00222218	NA	NA	NA	NA	0.00208224	0.00221363	NA	NA	NA	NA	NA	0.00272384	NA	0.00189120	NA	NA	NA	NA	NA	NA	NA	NA	NA	NA	NA	NA	NA	NA	NA	NA	NA	NA	NA	NA	NA	NA	0.00092781	NA	NA	NA	NA	NA	NA	NA	NA	NA	NA	NA	NA	NA	NA
Rat141_bin.63	0.00104271	NA	NA	NA	NA	NA	0.00168464	0.00243859	NA	NA	NA	NA	NA	NA	NA	NA	NA	NA	NA	NA	NA	NA	NA	NA	NA	NA	NA	NA	NA	NA	NA	NA	NA	NA	NA	NA	NA	NA	0.00117525	0.00075244	NA	NA	NA	NA	NA	NA	NA	NA	NA	NA	NA	NA	NA
Rat141_bin.65	NA	NA	NA	NA	0.00050504	0.00090226	0.00134875	NA	NA	NA	NA	NA	NA	NA	NA	NA	NA	NA	NA	NA	NA	0.00129519	NA	NA	NA	NA	NA	NA	NA	NA	NA	NA	NA	NA	NA	NA	NA	NA	0.00081929	0.00192942	NA	NA	NA	NA	NA	NA	NA	NA	NA	NA	NA	NA	0.00292004
Rat141_bin.66	NA	0.01406037	NA	NA	NA	0.01388576	NA	NA	NA	0.00121586	NA	NA	NA	0.01191817	NA	0.00755381	NA	NA	NA	NA	NA	NA	NA	NA	NA	NA	NA	NA	NA	NA	NA	NA	NA	NA	NA	NA	NA	NA	0.00051789	0.00064445	NA	NA	NA	NA	NA	NA	NA	NA	NA	0.01760748	NA	NA	NA
Rat141_bin.67	0.00429828	0.00335513	NA	NA	NA	NA	NA	0.00386251	NA	0.00286826	NA	0.00088049	NA	NA	NA	NA	NA	NA	0.00521869	NA	NA	0.00177317	NA	NA	NA	0.00289565	NA	NA	NA	NA	NA	NA	NA	NA	NA	NA	NA	NA	0.00122375	NA	NA	NA	NA	NA	NA	NA	NA	NA	NA	NA	NA	NA	NA
Rat141_bin.69	NA	NA	NA	NA	NA	NA	NA	NA	NA	NA	NA	NA	NA	NA	NA	NA	NA	NA	NA	NA	NA	NA	NA	NA	NA	NA	NA	NA	NA	NA	NA	NA	NA	NA	NA	NA	NA	NA	0.00179327	NA	0.00160639	NA	NA	NA	NA	NA	NA	NA	NA	NA	NA	NA	0.00142414
Rat141_bin.7	NA	NA	NA	NA	NA	0.00558724	NA	NA	NA	NA	NA	0.00672797	0.00098813	NA	NA	NA	NA	NA	NA	NA	NA	0.00564952	0.00593242	NA	0.00855937	0.00435929	NA	NA	NA	NA	NA	NA	NA	NA	NA	NA	NA	NA	0.00069766	0.00217815	0.00127364	NA	NA	0.00530150	NA	NA	NA	NA	NA	0.01043783	NA	NA	NA
Rat141_bin.70	NA	NA	NA	NA	NA	NA	NA	NA	NA	NA	NA	NA	NA	0.00765437	NA	NA	NA	NA	NA	NA	NA	NA	NA	NA	NA	NA	NA	NA	NA	NA	NA	NA	NA	NA	NA	NA	NA	NA	0.00443792	0.00353864	NA	NA	NA	0.00728086	NA	NA	NA	NA	NA	NA	NA	NA	0.00148283
Rat141_bin.71	NA	NA	0.00061789	NA	NA	NA	NA	NA	NA	0.00135531	NA	NA	NA	0.00367552	NA	NA	NA	NA	NA	NA	NA	NA	NA	NA	NA	NA	NA	NA	NA	NA	NA	NA	NA	NA	NA	NA	NA	NA	0.00120689	NA	NA	NA	NA	NA	NA	NA	NA	NA	0.00190066	NA	NA	NA	NA
Rat141_bin.73	NA	NA	NA	NA	NA	NA	NA	NA	NA	NA	NA	0.00174100	NA	NA	NA	NA	NA	0.00086963	NA	NA	NA	NA	NA	NA	NA	NA	NA	NA	NA	NA	NA	0.00278133	NA	0.00103497	NA	NA	NA	NA	0.00157017	0.00137034	NA	NA	NA	NA	NA	NA	NA	NA	NA	NA	NA	NA	NA
Rat141_bin.75	NA	NA	NA	NA	NA	NA	NA	NA	NA	NA	NA	NA	NA	NA	NA	NA	NA	NA	NA	NA	NA	NA	NA	NA	NA	NA	NA	NA	NA	NA	NA	NA	NA	NA	NA	NA	NA	NA	0.00502761	NA	NA	NA	NA	NA	NA	NA	NA	NA	NA	NA	NA	NA	0.00064509
Rat141_bin.76	NA	NA	0.00102370	NA	NA	NA	NA	NA	NA	NA	NA	NA	NA	NA	NA	NA	NA	NA	NA	NA	NA	NA	NA	NA	NA	NA	NA	NA	NA	NA	NA	0.00278875	NA	NA	NA	NA	NA	NA	0.00095129	0.00283883	NA	NA	NA	NA	NA	NA	0.00230923	NA	0.00263774	NA	NA	0.00494343	NA
Rat141_bin.77	NA	NA	NA	NA	NA	NA	NA	NA	NA	NA	NA	NA	NA	NA	NA	NA	NA	NA	NA	NA	NA	NA	NA	NA	0.00309541	NA	NA	NA	NA	NA	NA	NA	NA	0.00202673	NA	NA	NA	NA	0.00212323	0.00247651	NA	NA	NA	NA	NA	NA	NA	NA	NA	NA	NA	NA	0.00117880
Rat141_bin.8	NA	NA	NA	NA	NA	NA	NA	NA	NA	NA	NA	NA	NA	NA	NA	NA	NA	NA	NA	NA	NA	NA	NA	NA	NA	NA	NA	NA	NA	NA	NA	NA	NA	NA	NA	NA	NA	NA	0.00802349	0.00599620	0.00495714	NA	NA	NA	NA	NA	NA	NA	NA	NA	NA	NA	0.00709412
Rat141_bin.9	NA	NA	NA	NA	NA	NA	NA	NA	NA	NA	NA	NA	NA	NA	NA	NA	NA	NA	NA	NA	NA	NA	NA	NA	NA	NA	NA	NA	NA	NA	NA	0.00172445	NA	NA	NA	NA	NA	NA	0.00190044	NA	NA	NA	NA	NA	NA	NA	NA	NA	NA	NA	NA	NA	NA
Rat142_bin.1	NA	NA	NA	NA	NA	NA	NA	NA	NA	NA	NA	NA	NA	NA	NA	NA	NA	NA	NA	NA	NA	NA	NA	NA	NA	NA	NA	NA	NA	NA	0.00277077	NA	NA	NA	NA	NA	NA	NA	0.00244111	0.00072794	NA	0.00218836	NA	NA	NA	0.00502952	NA	0.00804044	NA	NA	NA	0.00201441	0.00126090
Rat142_bin.10	0.00290440	0.00624463	NA	NA	NA	NA	NA	NA	NA	0.00210116	NA	NA	NA	NA	NA	NA	NA	NA	0.00427020	NA	NA	NA	NA	NA	0.00165584	0.00093070	NA	NA	NA	NA	NA	NA	NA	NA	NA	NA	NA	NA	NA	0.00053678	NA	NA	NA	NA	NA	NA	NA	NA	NA	NA	NA	NA	NA
Rat142_bin.12	0.00580209	0.00544291	NA	NA	0.00359787	0.00593504	0.00571546	0.00493880	NA	0.00290326	NA	NA	NA	0.00738907	NA	0.00915493	NA	NA	0.00876267	NA	0.00387900	0.00443932	0.00547300	NA	0.00459776	0.00436820	0.00404880	NA	NA	NA	NA	NA	NA	NA	NA	NA	NA	NA	0.00120349	0.00072560	NA	NA	NA	0.00691647	NA	NA	NA	NA	NA	NA	NA	NA	0.00093861
Rat142_bin.14	NA	NA	NA	0.00117586	NA	NA	NA	NA	NA	NA	NA	NA	0.00261792	NA	NA	0.00058031	NA	NA	NA	NA	0.00172502	NA	NA	0.00165868	NA	0.00110428	0.00093202	NA	NA	NA	NA	NA	NA	NA	NA	NA	NA	NA	0.00297979	0.00114689	NA	NA	NA	NA	NA	NA	NA	NA	NA	NA	NA	NA	NA
Rat142_bin.16	NA	NA	NA	NA	NA	NA	NA	NA	NA	NA	NA	NA	NA	0.00086949	NA	NA	NA	NA	NA	NA	NA	NA	NA	NA	NA	NA	NA	NA	NA	NA	NA	NA	NA	NA	NA	NA	NA	NA	0.00585723	0.00047066	NA	0.00109718	NA	NA	NA	NA	NA	NA	NA	NA	NA	NA	NA
Rat142_bin.17	NA	NA	NA	NA	NA	NA	NA	NA	NA	NA	NA	NA	0.00786350	NA	NA	NA	NA	NA	NA	NA	NA	NA	NA	NA	NA	NA	NA	NA	NA	NA	NA	NA	NA	NA	NA	NA	NA	NA	NA	0.00484845	NA	NA	NA	NA	NA	NA	0.00516208	0.00350407	NA	0.00905602	NA	0.01190740	0.00756339
Rat142_bin.18	NA	0.01906884	NA	0.03436674	0.01583964	0.00611405	0.00750953	0.02149826	NA	0.01958960	NA	NA	NA	NA	NA	NA	NA	NA	0.01300390	NA	0.00877967	0.01773078	0.00680710	0.01093109	NA	0.00550869	0.00206284	NA	NA	NA	NA	NA	NA	NA	NA	NA	NA	NA	NA	0.00131938	NA	NA	NA	NA	NA	NA	NA	NA	NA	NA	NA	NA	NA
Rat142_bin.2	NA	NA	NA	NA	NA	NA	NA	NA	NA	NA	NA	NA	NA	0.00197200	NA	NA	NA	NA	NA	NA	0.00294840	NA	NA	NA	NA	NA	NA	NA	NA	NA	NA	NA	NA	NA	NA	NA	NA	NA	0.00181131	0.00192516	NA	NA	NA	NA	NA	NA	NA	NA	NA	NA	NA	NA	NA
Rat142_bin.21	NA	NA	NA	NA	NA	NA	NA	NA	NA	NA	NA	NA	NA	NA	NA	NA	NA	NA	NA	NA	NA	NA	NA	NA	NA	NA	NA	NA	NA	NA	NA	NA	NA	NA	NA	NA	NA	NA	NA	0.00085599	NA	NA	NA	NA	NA	NA	NA	NA	NA	NA	NA	NA	NA
Rat142_bin.22	NA	0.00697427	NA	NA	0.00647071	NA	0.00251346	0.00419986	NA	NA	NA	NA	NA	NA	NA	NA	NA	NA	0.00431002	NA	0.00602503	0.01374801	0.01796036	0.01307299	0.00701400	0.00770284	0.00343925	NA	NA	NA	0.01816976	NA	NA	0.01959634	NA	NA	NA	NA	0.00069719	0.00097608	NA	NA	NA	NA	NA	NA	NA	NA	NA	NA	NA	NA	NA
Rat142_bin.23	NA	NA	NA	NA	0.00186982	NA	NA	0.00136501	NA	NA	NA	NA	NA	0.01063785	NA	NA	NA	NA	NA	NA	NA	NA	NA	NA	NA	NA	NA	NA	NA	NA	NA	NA	NA	NA	NA	NA	NA	NA	NA	0.00118052	NA	NA	NA	NA	NA	NA	NA	NA	NA	NA	NA	NA	NA
Rat142_bin.26	0.00123674	0.00121631	NA	NA	NA	NA	NA	0.00058465	NA	NA	NA	0.00050843	NA	NA	NA	NA	NA	NA	NA	NA	NA	NA	NA	NA	NA	NA	NA	NA	NA	NA	NA	NA	NA	NA	NA	NA	NA	NA	NA	0.00109633	NA	NA	NA	NA	NA	NA	NA	NA	NA	NA	NA	NA	NA
Rat142_bin.28	0.00181623	NA	NA	NA	NA	0.00150234	0.00083610	0.00123890	NA	0.00208612	NA	NA	NA	0.00152738	NA	0.00150152	NA	NA	0.00241515	NA	0.00152561	0.00149691	0.00410267	NA	0.00086360	0.00123374	0.00094230	NA	NA	NA	NA	NA	NA	NA	NA	NA	NA	NA	NA	0.00110509	NA	NA	NA	NA	NA	NA	NA	NA	NA	NA	NA	NA	NA
Rat142_bin.3	NA	NA	NA	NA	0.00119075	NA	NA	NA	NA	NA	NA	NA	NA	NA	NA	NA	NA	NA	NA	NA	NA	NA	NA	NA	NA	NA	NA	NA	NA	NA	NA	NA	NA	NA	NA	NA	NA	NA	0.00346188	0.00106145	NA	NA	NA	NA	NA	NA	NA	NA	NA	NA	NA	NA	0.00158709
Rat142_bin.31	0.02689210	0.03083843	0.03895296	0.04245392	0.02911992	0.03116167	0.01132217	0.02374578	0.03956117	0.02643114	0.04388365	0.02801904	0.03312380	NA	0.03884401	NA	0.03538128	0.03678399	NA	0.02015721	NA	NA	NA	0.02234462	NA	NA	NA	0.04386505	0.02962432	0.03942632	0.04172449	0.03211390	0.04018095	0.04512434	0.03791296	0.03623793	0.03541868	0.03433680	0.02345753	0.00610219	0.03790344	NA	0.03658366	NA	NA	0.02964134	0.02932063	0.03355522	NA	0.03523401	0.03441321	0.02791173	NA
Rat142_bin.33	NA	NA	NA	NA	NA	NA	NA	NA	NA	NA	NA	NA	NA	NA	NA	NA	NA	NA	NA	NA	NA	NA	NA	NA	NA	NA	NA	NA	NA	NA	NA	NA	NA	NA	0.00065871	0.00062135	0.00060207	0.00062574	NA	0.00074337	NA	NA	NA	NA	NA	0.00760859	NA	NA	0.00147505	NA	NA	NA	0.00108234
Rat142_bin.34	NA	NA	NA	NA	NA	NA	NA	NA	NA	NA	NA	NA	NA	NA	NA	NA	NA	NA	NA	NA	NA	NA	NA	NA	NA	NA	NA	NA	NA	NA	NA	NA	NA	NA	NA	NA	NA	NA	NA	0.00058139	NA	NA	NA	NA	NA	NA	NA	NA	NA	NA	NA	NA	NA
Rat142_bin.35	NA	NA	NA	NA	NA	NA	NA	NA	NA	NA	NA	NA	NA	0.00669026	NA	NA	NA	NA	NA	NA	NA	NA	NA	NA	NA	NA	NA	NA	NA	NA	NA	NA	NA	NA	NA	NA	NA	NA	0.00540845	0.00369025	NA	NA	NA	0.00854237	NA	NA	NA	NA	NA	NA	NA	NA	0.00158025
Rat142_bin.37	0.00545293	0.00513043	NA	0.00201597	0.00040350	0.00219142	0.00058327	0.00246783	0.00155700	NA	NA	0.00078576	0.00089301	NA	NA	NA	NA	NA	NA	NA	NA	NA	NA	NA	NA	NA	NA	NA	NA	NA	NA	NA	NA	NA	NA	NA	NA	NA	0.00077108	0.00060214	NA	NA	NA	NA	NA	0.00126556	0.00095404	NA	NA	NA	NA	NA	NA
Rat142_bin.38	NA	0.00212754	0.00116576	NA	0.00063101	NA	NA	NA	NA	NA	NA	0.00055842	NA	NA	NA	NA	NA	NA	NA	0.00071243	NA	NA	NA	0.00082475	NA	NA	0.00184990	0.00096628	0.00121950	0.00166883	NA	0.00118513	NA	NA	NA	NA	NA	NA	NA	0.00069099	0.00672619	0.00067111	NA	NA	NA	NA	NA	NA	NA	0.00177044	NA	NA	0.00073432
Rat142_bin.39	NA	NA	NA	NA	NA	NA	NA	NA	NA	NA	NA	NA	NA	NA	NA	NA	NA	NA	NA	NA	NA	NA	NA	NA	NA	NA	NA	NA	NA	NA	NA	NA	NA	NA	NA	NA	NA	NA	NA	0.00561041	NA	NA	NA	NA	NA	NA	NA	NA	NA	NA	NA	NA	0.00440311
Rat142_bin.40	NA	NA	NA	NA	NA	NA	NA	NA	NA	NA	NA	NA	NA	NA	NA	NA	NA	NA	0.00102730	NA	0.00270932	NA	NA	0.00107000	0.00109803	0.00440551	0.00113980	NA	NA	NA	NA	NA	NA	NA	NA	NA	NA	NA	NA	0.00389393	NA	NA	NA	NA	NA	NA	NA	NA	NA	NA	NA	NA	NA
Rat142_bin.41	0.00246808	0.00269481	NA	0.00183714	NA	0.00271046	0.00524318	0.00206198	0.00141526	NA	NA	NA	0.00177678	NA	NA	NA	NA	NA	0.00202879	NA	0.00629817	0.00879320	0.00451929	0.00426642	NA	0.00402104	0.00710520	NA	NA	NA	NA	NA	NA	NA	NA	NA	NA	NA	NA	0.00073743	NA	NA	NA	NA	NA	NA	NA	NA	NA	NA	NA	NA	NA
Rat142_bin.42	NA	NA	NA	NA	NA	NA	NA	NA	NA	NA	NA	NA	NA	NA	NA	NA	NA	NA	NA	NA	NA	NA	NA	NA	NA	NA	NA	NA	NA	NA	NA	NA	NA	NA	NA	NA	NA	NA	0.00253569	0.00084320	NA	NA	0.00106680	NA	NA	NA	NA	NA	NA	NA	NA	0.00398340	0.00133364
Rat142_bin.43	NA	0.00309425	0.00113153	0.00119014	NA	0.00145105	0.00034342	0.00124451	0.00104832	NA	0.00135051	0.00102120	0.00094646	NA	NA	0.00143426	NA	NA	NA	0.00031785	NA	NA	0.00047865	NA	NA	NA	NA	NA	NA	NA	NA	NA	NA	NA	NA	NA	NA	NA	0.00075823	0.00056298	NA	NA	NA	NA	NA	0.00078686	0.00043828	0.00116248	NA	NA	0.00052772	NA	NA
Rat142_bin.44	0.00093191	NA	NA	NA	0.00166264	0.00115990	NA	0.00107379	0.00069989	0.00105029	NA	NA	NA	0.00152153	NA	NA	NA	NA	0.00155369	0.00045771	NA	NA	NA	NA	NA	NA	NA	NA	NA	NA	NA	0.00123495	NA	NA	NA	NA	NA	NA	NA	0.00091908	NA	NA	NA	NA	NA	NA	NA	NA	NA	NA	NA	NA	NA
Rat142_bin.45	0.00208769	0.00235012	0.00462786	0.00533031	NA	0.00201113	0.00169409	NA	0.00565822	0.00156515	NA	0.00499490	0.00455612	NA	NA	0.00255991	NA	NA	NA	NA	NA	NA	NA	0.00288566	NA	NA	0.00462845	NA	NA	NA	NA	NA	NA	NA	NA	NA	NA	NA	NA	0.00194073	NA	NA	NA	NA	NA	0.00492396	0.00230491	0.00425994	0.00510905	NA	0.00226834	NA	NA
Rat142_bin.47	NA	NA	NA	NA	NA	NA	NA	NA	NA	NA	NA	NA	NA	NA	NA	NA	NA	NA	NA	0.00290527	NA	NA	NA	NA	NA	NA	NA	NA	NA	NA	NA	NA	NA	NA	NA	NA	NA	NA	0.00072923	0.00062793	0.00227089	NA	NA	NA	NA	NA	NA	0.00483623	0.00181530	NA	NA	0.00783478	NA
Rat142_bin.48	NA	NA	NA	NA	0.00560617	NA	NA	NA	NA	NA	NA	NA	0.00893985	NA	NA	NA	NA	0.00361612	NA	NA	NA	NA	NA	NA	NA	NA	NA	NA	0.00307993	NA	NA	NA	NA	0.00364108	NA	NA	NA	NA	0.00401396	0.00165517	NA	NA	NA	NA	NA	0.00618438	NA	NA	NA	NA	NA	NA	0.00315780
Rat142_bin.49	NA	NA	NA	NA	NA	NA	NA	NA	NA	NA	NA	NA	NA	NA	NA	NA	NA	NA	NA	NA	NA	NA	NA	NA	0.00122630	NA	NA	NA	NA	NA	NA	NA	NA	NA	NA	NA	NA	NA	0.00117679	0.00133771	NA	NA	NA	NA	NA	NA	NA	NA	NA	NA	NA	NA	NA
Rat142_bin.5	NA	0.00401572	NA	NA	NA	NA	0.00231846	0.00410920	NA	0.00237221	NA	NA	0.00160938	NA	NA	NA	NA	NA	NA	NA	NA	NA	NA	NA	NA	NA	NA	NA	NA	NA	NA	0.00257309	NA	NA	NA	NA	NA	NA	0.00490645	0.00102555	NA	NA	NA	NA	NA	NA	NA	NA	NA	NA	NA	NA	NA
Rat142_bin.50	NA	NA	NA	NA	NA	0.00297255	NA	NA	NA	NA	NA	NA	NA	NA	NA	NA	NA	NA	NA	NA	NA	NA	NA	NA	0.00215693	NA	NA	NA	NA	NA	NA	NA	NA	0.00081188	NA	NA	NA	NA	0.00112952	0.00097198	NA	NA	NA	NA	NA	NA	NA	NA	NA	NA	NA	NA	NA
Rat142_bin.54	0.00270823	0.00322515	NA	NA	NA	NA	0.00208427	0.00238964	NA	NA	NA	NA	NA	0.00425566	NA	0.00229317	NA	NA	NA	NA	0.00207010	0.00519055	0.00502191	0.00487476	0.00133570	0.00577359	0.00149500	NA	NA	NA	NA	NA	NA	NA	NA	NA	NA	NA	0.00128111	0.00080145	NA	NA	NA	NA	NA	NA	NA	NA	NA	NA	NA	NA	NA
Rat142_bin.55	NA	NA	NA	NA	NA	NA	NA	NA	NA	NA	NA	NA	NA	NA	NA	NA	NA	NA	NA	NA	NA	NA	NA	NA	NA	NA	NA	NA	NA	NA	NA	NA	NA	NA	NA	NA	NA	NA	NA	0.00852166	NA	NA	NA	NA	NA	NA	NA	NA	NA	NA	NA	NA	NA
Rat142_bin.6	NA	NA	NA	NA	0.02255711	0.00179893	0.00749276	NA	NA	NA	0.03029683	NA	NA	NA	NA	NA	NA	NA	NA	NA	0.00338766	NA	NA	NA	NA	NA	NA	NA	NA	NA	NA	NA	0.03536412	NA	NA	NA	NA	NA	0.00207572	0.00070298	NA	NA	NA	NA	NA	NA	NA	NA	NA	NA	NA	NA	NA
Rat142_bin.60	NA	NA	NA	NA	NA	NA	NA	NA	NA	NA	NA	NA	NA	NA	NA	NA	NA	NA	NA	NA	NA	NA	NA	NA	NA	NA	NA	NA	NA	NA	NA	NA	NA	NA	NA	NA	NA	NA	0.00086275	0.00101622	NA	NA	NA	NA	NA	NA	NA	NA	NA	NA	NA	NA	NA
Rat142_bin.62	NA	NA	NA	0.00081342	NA	NA	NA	NA	NA	0.00250400	NA	NA	NA	NA	NA	NA	NA	NA	NA	NA	0.01868563	NA	NA	NA	NA	NA	NA	NA	NA	NA	NA	0.00139247	NA	NA	NA	NA	NA	NA	NA	0.00194836	NA	NA	NA	NA	NA	NA	NA	NA	NA	NA	NA	NA	NA
Rat142_bin.63	NA	NA	NA	NA	NA	NA	NA	NA	NA	NA	NA	NA	NA	NA	NA	NA	NA	NA	NA	NA	NA	NA	NA	NA	0.01201887	NA	NA	NA	NA	NA	NA	NA	NA	NA	NA	NA	NA	NA	NA	0.00191426	NA	NA	NA	NA	NA	NA	NA	NA	NA	NA	NA	NA	NA
Rat142_bin.64	NA	NA	NA	NA	NA	NA	NA	NA	NA	NA	NA	NA	NA	NA	NA	NA	NA	NA	NA	NA	NA	NA	NA	NA	NA	NA	NA	NA	NA	NA	NA	NA	NA	NA	NA	NA	NA	NA	NA	0.00063857	NA	NA	NA	NA	NA	NA	NA	NA	NA	NA	NA	NA	NA
Rat142_bin.9	NA	NA	NA	NA	NA	NA	NA	NA	NA	NA	NA	NA	NA	NA	NA	NA	NA	NA	NA	NA	NA	NA	NA	NA	0.00120080	NA	NA	NA	NA	NA	NA	NA	NA	NA	NA	NA	NA	NA	NA	0.00300804	NA	NA	NA	NA	NA	NA	NA	NA	NA	NA	NA	NA	0.00372413
Rat143_bin.10	NA	NA	NA	0.00659464	0.00125985	NA	NA	NA	0.00797627	NA	0.00600784	0.00187746	NA	NA	NA	NA	NA	NA	NA	0.00506746	NA	NA	NA	NA	NA	NA	NA	0.00572693	0.00531099	NA	0.00610252	0.00307786	NA	0.00339442	0.00154230	NA	NA	NA	NA	NA	0.00137043	NA	0.00128711	NA	NA	NA	NA	NA	NA	NA	NA	0.01026680	0.00327489
Rat143_bin.12	NA	NA	NA	0.00713639	0.00901350	0.01471037	NA	0.00726444	0.01351406	0.01076507	0.01742623	0.01440279	NA	0.00759946	0.00456848	NA	NA	0.00240166	NA	NA	NA	NA	NA	NA	NA	NA	NA	0.01399920	NA	0.01429765	0.01811143	0.01865442	0.01101439	NA	0.00287755	0.00616584	NA	NA	NA	NA	0.00907590	NA	NA	NA	NA	NA	NA	NA	0.01474337	0.00901040	NA	NA	NA
Rat143_bin.13	NA	NA	NA	NA	NA	NA	NA	NA	NA	NA	NA	NA	NA	NA	NA	NA	NA	NA	NA	NA	NA	NA	NA	NA	NA	NA	NA	NA	NA	NA	NA	NA	NA	NA	0.00344343	0.00271550	0.00279133	0.00155518	NA	NA	0.00111036	NA	NA	NA	NA	NA	NA	0.00362960	NA	NA	NA	0.00475383	NA
Rat143_bin.15	NA	NA	NA	NA	NA	NA	NA	NA	NA	NA	NA	NA	NA	NA	NA	NA	NA	NA	NA	NA	NA	NA	NA	NA	NA	NA	NA	NA	NA	NA	NA	NA	NA	NA	NA	0.00118555	NA	NA	NA	NA	0.00160500	NA	NA	NA	NA	NA	NA	0.01806788	0.01655369	0.00970440	0.01605045	0.01907661	NA
Rat143_bin.16	NA	NA	0.00394563	NA	NA	NA	NA	NA	NA	0.00825390	NA	NA	NA	NA	NA	NA	NA	NA	NA	0.00238636	NA	NA	NA	NA	NA	NA	NA	NA	NA	NA	NA	NA	NA	NA	0.00059233	0.00067715	0.00096360	0.00045648	NA	NA	0.00064995	NA	NA	0.00856785	NA	NA	NA	0.00131141	0.00184752	NA	0.01273857	NA	NA
Rat143_bin.17	NA	NA	NA	NA	NA	0.00548925	NA	NA	NA	NA	NA	0.00401890	NA	NA	NA	NA	NA	NA	NA	NA	NA	NA	NA	NA	NA	NA	NA	NA	NA	NA	NA	NA	NA	NA	NA	NA	NA	NA	NA	0.00251960	0.00054200	NA	NA	NA	NA	0.00145411	0.00089295	0.00129425	0.00355825	NA	0.00106674	0.00173602	NA
Rat143_bin.18	NA	NA	NA	NA	NA	NA	NA	NA	NA	NA	NA	NA	NA	NA	NA	NA	NA	NA	NA	NA	NA	NA	NA	NA	NA	NA	NA	NA	NA	NA	NA	NA	NA	NA	0.00061018	0.00037078	0.00040472	0.00037905	NA	NA	0.00101264	NA	NA	NA	NA	NA	NA	0.00456171	0.00493642	NA	0.00496313	0.00572974	NA
Rat143_bin.19	NA	NA	NA	NA	NA	NA	NA	NA	NA	NA	NA	NA	NA	NA	NA	NA	NA	NA	NA	NA	NA	NA	NA	NA	NA	NA	NA	NA	0.01091972	NA	NA	NA	NA	NA	NA	NA	0.00039470	NA	NA	NA	0.00139345	NA	NA	NA	NA	NA	NA	NA	0.00083921	NA	NA	NA	NA
Rat143_bin.20	NA	NA	NA	NA	NA	NA	NA	NA	NA	NA	NA	NA	NA	NA	NA	NA	NA	NA	NA	NA	NA	NA	NA	NA	NA	NA	NA	NA	NA	NA	NA	NA	NA	NA	NA	NA	NA	NA	NA	NA	0.00230186	NA	NA	NA	NA	NA	NA	NA	NA	NA	NA	NA	NA
Rat143_bin.22	NA	NA	NA	NA	NA	NA	NA	NA	NA	NA	NA	NA	NA	NA	NA	NA	NA	NA	NA	NA	NA	NA	NA	NA	NA	NA	NA	NA	NA	NA	NA	NA	NA	NA	NA	NA	NA	NA	NA	NA	0.00212547	NA	NA	NA	NA	NA	NA	NA	NA	NA	NA	NA	NA
Rat143_bin.25	NA	NA	NA	NA	NA	NA	NA	NA	NA	NA	NA	NA	NA	NA	NA	NA	NA	NA	NA	NA	NA	NA	NA	NA	NA	NA	NA	NA	NA	NA	NA	NA	NA	NA	NA	NA	0.00418712	NA	0.00971423	NA	0.00402924	NA	NA	0.01377689	NA	NA	NA	NA	0.00342726	NA	NA	NA	NA
Rat143_bin.26	NA	NA	NA	NA	NA	NA	NA	NA	NA	NA	NA	NA	NA	NA	NA	NA	NA	NA	NA	NA	NA	NA	NA	NA	NA	NA	NA	NA	NA	NA	NA	NA	NA	NA	NA	NA	NA	NA	NA	NA	0.00098015	NA	NA	NA	NA	NA	NA	NA	NA	NA	NA	NA	NA
Rat143_bin.27	NA	NA	NA	NA	NA	NA	NA	NA	NA	NA	NA	NA	NA	NA	NA	NA	NA	NA	NA	NA	NA	NA	NA	NA	NA	NA	NA	NA	NA	NA	NA	NA	NA	NA	NA	NA	NA	NA	NA	NA	0.00097448	0.00303597	NA	0.01181337	NA	NA	NA	NA	NA	NA	NA	NA	0.00310176
Rat143_bin.29	NA	NA	0.00530197	0.00655694	NA	NA	NA	NA	0.00510054	NA	0.00646740	0.01618795	NA	NA	NA	NA	0.00796091	0.00200853	NA	NA	NA	NA	NA	NA	NA	NA	NA	0.00974334	NA	NA	NA	0.00873245	NA	NA	NA	0.00821509	0.00962547	NA	NA	NA	0.00223676	NA	NA	NA	NA	NA	NA	NA	NA	NA	NA	NA	NA
Rat143_bin.3	NA	NA	NA	NA	NA	NA	NA	NA	NA	NA	0.00120787	NA	NA	NA	0.00100589	NA	NA	NA	NA	NA	NA	NA	NA	NA	NA	NA	NA	NA	NA	NA	NA	NA	NA	NA	NA	NA	NA	NA	NA	NA	0.00127508	NA	NA	NA	NA	NA	NA	NA	NA	NA	NA	NA	NA
Rat143_bin.31	NA	NA	0.03360279	0.03006291	0.01579180	NA	NA	NA	0.03155257	NA	0.02576515	0.00901847	0.02879825	NA	0.02634479	NA	0.02597832	0.02784686	NA	0.03005699	NA	NA	NA	NA	NA	NA	NA	0.02043961	NA	0.02541971	0.02583030	0.01999334	0.03051971	0.03045789	0.02367592	0.00782621	0.02190727	0.02555384	0.02547010	NA	0.01418854	NA	0.03013162	NA	NA	0.01816149	0.02839003	0.02081517	NA	0.01918627	NA	0.02289233	NA
Rat143_bin.32	NA	NA	NA	NA	NA	NA	NA	NA	NA	NA	NA	NA	NA	NA	NA	NA	NA	NA	NA	NA	NA	NA	NA	NA	NA	NA	NA	NA	NA	NA	NA	NA	NA	NA	NA	0.00076374	NA	NA	NA	NA	0.00170615	NA	NA	NA	NA	NA	NA	NA	NA	NA	NA	NA	NA
Rat143_bin.33	NA	NA	0.00376464	0.01492371	NA	NA	NA	NA	NA	NA	0.01554880	0.01259355	NA	NA	NA	NA	0.01028680	0.00438640	NA	NA	NA	NA	NA	NA	NA	NA	NA	NA	NA	NA	NA	0.00240472	NA	0.01516107	NA	NA	NA	NA	NA	NA	0.00344638	NA	NA	NA	NA	NA	NA	NA	NA	NA	NA	0.01017179	NA
Rat143_bin.34	NA	NA	NA	NA	NA	NA	NA	NA	NA	NA	NA	NA	NA	NA	NA	NA	NA	NA	NA	NA	NA	NA	NA	NA	NA	NA	NA	NA	NA	NA	0.00154862	NA	NA	NA	NA	NA	NA	NA	NA	NA	0.00115056	NA	NA	NA	NA	NA	NA	NA	NA	NA	NA	0.00108442	NA
Rat143_bin.35	NA	NA	NA	NA	NA	0.00188214	NA	NA	NA	0.00080644	NA	NA	NA	NA	NA	NA	NA	NA	NA	NA	NA	NA	NA	NA	0.00166796	0.00102888	NA	NA	NA	NA	NA	NA	NA	NA	NA	NA	NA	NA	NA	NA	0.00121343	NA	NA	NA	0.00037395	NA	NA	NA	NA	NA	NA	NA	NA
Rat143_bin.36	NA	NA	NA	NA	NA	NA	NA	NA	NA	NA	NA	NA	NA	NA	NA	NA	NA	NA	NA	NA	NA	NA	NA	NA	NA	NA	NA	NA	NA	NA	NA	NA	NA	NA	0.00489815	NA	NA	NA	NA	NA	0.00238643	NA	NA	NA	NA	NA	NA	NA	0.00595215	NA	NA	0.00615202	NA
Rat143_bin.37	NA	NA	NA	NA	NA	NA	NA	NA	NA	NA	NA	NA	NA	NA	NA	NA	NA	NA	NA	NA	NA	NA	NA	NA	NA	NA	NA	NA	NA	NA	NA	NA	NA	NA	NA	NA	NA	NA	NA	NA	0.00071337	NA	NA	NA	NA	NA	NA	NA	NA	NA	NA	NA	NA
Rat143_bin.38	NA	NA	NA	NA	NA	NA	NA	NA	NA	NA	NA	NA	NA	NA	NA	NA	NA	NA	NA	0.00105118	NA	NA	NA	NA	NA	NA	NA	NA	NA	NA	NA	NA	NA	NA	NA	NA	NA	NA	NA	NA	0.00097283	NA	NA	NA	NA	NA	NA	NA	NA	NA	NA	NA	NA
Rat143_bin.7	NA	NA	NA	NA	NA	0.00173129	NA	NA	NA	NA	NA	NA	NA	NA	NA	NA	NA	NA	NA	NA	NA	NA	NA	NA	NA	NA	NA	NA	NA	NA	NA	NA	NA	NA	NA	NA	NA	NA	NA	NA	0.00224896	NA	NA	0.00391158	NA	NA	NA	NA	NA	NA	NA	NA	NA
Rat143_bin.8	NA	NA	NA	NA	NA	NA	NA	NA	NA	NA	0.00245191	0.00165684	NA	NA	NA	NA	0.00274280	NA	NA	NA	NA	NA	NA	NA	NA	NA	NA	NA	NA	NA	0.00176909	NA	NA	NA	NA	NA	NA	NA	0.00057882	NA	0.00358371	NA	NA	NA	NA	NA	NA	0.00802306	0.00088521	NA	NA	NA	NA
Rat143_bin.9	NA	NA	NA	NA	NA	NA	NA	NA	NA	NA	NA	NA	NA	NA	NA	NA	NA	NA	NA	NA	NA	NA	NA	NA	NA	NA	NA	NA	NA	NA	NA	NA	NA	NA	0.00702115	NA	0.00356327	NA	NA	NA	0.00601472	NA	NA	NA	NA	NA	NA	0.01050764	0.01121046	NA	0.01102774	0.01427947	NA
Rat16_bin.1	0.01194912	0.01317487	NA	NA	0.00483901	0.00872933	NA	0.00663157	NA	0.00856476	NA	NA	NA	NA	NA	NA	NA	NA	0.01087415	NA	0.00656245	0.00853318	NA	NA	NA	0.00357243	NA	NA	NA	NA	NA	NA	NA	NA	NA	NA	NA	NA	NA	0.00488756	NA	NA	NA	NA	NA	NA	NA	NA	NA	NA	NA	NA	NA
Rat16_bin.10	NA	NA	NA	0.00096419	NA	NA	NA	0.00284242	NA	0.00103983	NA	NA	NA	NA	NA	NA	NA	NA	0.00652094	NA	0.00303852	NA	0.00281819	NA	NA	NA	NA	NA	NA	NA	NA	0.00147087	NA	0.00136812	NA	NA	NA	NA	NA	NA	NA	NA	NA	NA	NA	NA	NA	NA	NA	NA	NA	NA	NA
Rat16_bin.101	NA	0.00201796	NA	NA	NA	0.00095546	0.00146592	0.00153379	NA	0.00225895	NA	NA	NA	0.00219186	NA	0.00223450	NA	NA	NA	NA	NA	NA	NA	NA	0.00105308	NA	NA	NA	NA	NA	NA	NA	NA	NA	NA	NA	NA	NA	NA	NA	NA	NA	NA	NA	NA	NA	NA	NA	NA	NA	NA	NA	NA
Rat16_bin.103	NA	NA	NA	NA	NA	NA	NA	0.00053714	NA	NA	NA	NA	NA	NA	NA	NA	NA	NA	NA	NA	NA	NA	NA	NA	NA	NA	NA	NA	NA	NA	NA	NA	NA	NA	NA	NA	NA	NA	NA	NA	NA	NA	NA	NA	NA	NA	NA	NA	NA	NA	NA	NA	NA
Rat16_bin.107	NA	0.00242707	NA	NA	NA	0.00149858	NA	0.00133322	NA	0.00110918	NA	NA	NA	0.00849280	NA	0.00173298	NA	NA	0.00219379	NA	0.00111062	0.00328965	0.00122771	0.00232710	NA	NA	NA	NA	NA	NA	NA	NA	NA	NA	NA	NA	NA	NA	NA	NA	NA	NA	NA	0.00698856	NA	NA	NA	NA	NA	NA	NA	NA	NA
Rat16_bin.110	0.00047134	NA	NA	NA	NA	NA	0.00105201	0.00172072	NA	NA	NA	NA	NA	NA	NA	NA	NA	NA	0.00253278	NA	0.00218387	0.00279540	NA	0.00155874	NA	NA	NA	NA	NA	NA	0.00099463	NA	NA	NA	NA	NA	NA	NA	NA	NA	NA	NA	NA	NA	NA	NA	NA	NA	NA	NA	NA	NA	NA
Rat16_bin.114	NA	NA	NA	NA	NA	0.00071483	NA	0.00047417	NA	NA	NA	NA	0.00090710	NA	NA	NA	NA	NA	NA	NA	NA	NA	NA	NA	NA	NA	NA	NA	NA	NA	NA	NA	NA	NA	NA	NA	NA	NA	NA	NA	NA	NA	NA	NA	NA	NA	NA	NA	NA	NA	NA	NA	NA
Rat16_bin.116	NA	0.00074173	NA	0.00028575	0.00145141	NA	0.00119665	0.00174299	0.00154820	NA	NA	0.00046620	NA	NA	NA	NA	0.00075988	NA	NA	0.00044945	0.00132939	NA	0.00094301	0.00119395	NA	NA	NA	NA	NA	NA	NA	0.00194242	NA	NA	NA	NA	NA	NA	NA	NA	NA	NA	NA	NA	NA	NA	NA	NA	NA	NA	NA	NA	0.00076653
Rat16_bin.118	0.00571665	0.00469835	NA	NA	NA	0.00742580	0.00134559	0.00291664	NA	0.00416923	NA	NA	NA	0.00802940	NA	0.00731758	NA	NA	NA	NA	NA	NA	0.00539530	NA	NA	NA	NA	NA	NA	NA	NA	NA	NA	NA	NA	NA	NA	NA	NA	NA	NA	NA	NA	NA	NA	NA	NA	NA	NA	NA	NA	NA	NA
Rat16_bin.120	NA	NA	NA	NA	NA	NA	NA	0.00063164	NA	NA	NA	NA	NA	NA	NA	NA	NA	NA	NA	NA	NA	NA	NA	NA	NA	NA	NA	NA	NA	NA	NA	NA	NA	NA	NA	NA	NA	NA	NA	NA	NA	NA	NA	NA	NA	NA	NA	NA	NA	NA	NA	NA	NA
Rat16_bin.122	0.00139002	0.00223737	NA	NA	NA	0.00116281	0.00108356	0.00186778	NA	NA	NA	NA	NA	0.00214847	NA	0.00314391	NA	NA	NA	NA	NA	NA	0.00083533	NA	0.00046763	0.00042208	0.00055664	NA	NA	NA	NA	NA	NA	NA	NA	NA	NA	NA	NA	NA	NA	NA	NA	NA	NA	NA	NA	NA	NA	NA	NA	NA	NA
Rat16_bin.123	0.00488633	0.00525247	NA	NA	NA	0.00768422	NA	0.00466490	NA	0.00532646	NA	NA	NA	NA	NA	0.00481624	NA	NA	NA	NA	NA	NA	0.00399827	NA	NA	NA	NA	NA	NA	NA	NA	NA	NA	NA	NA	NA	NA	NA	NA	NA	NA	NA	NA	NA	NA	NA	NA	NA	NA	NA	NA	NA	NA
Rat16_bin.124	NA	0.00348801	NA	NA	NA	0.00319685	0.00101006	0.00242432	NA	NA	NA	NA	0.00054784	NA	NA	NA	NA	NA	NA	NA	0.00407082	NA	0.00695069	NA	NA	0.00336777	NA	NA	NA	NA	NA	NA	NA	NA	NA	NA	NA	NA	NA	NA	NA	NA	NA	NA	NA	NA	NA	NA	NA	NA	NA	NA	NA
Rat16_bin.13	NA	NA	NA	NA	0.00308702	0.00669393	NA	0.00104192	NA	NA	NA	NA	NA	NA	NA	NA	NA	NA	0.00512296	NA	NA	NA	NA	NA	NA	NA	NA	NA	NA	NA	NA	NA	NA	NA	NA	NA	NA	NA	0.00181831	NA	NA	NA	NA	NA	NA	NA	0.00293420	NA	NA	NA	NA	NA	NA
Rat16_bin.15	0.00302205	0.00785693	NA	NA	0.00148977	NA	0.00292109	0.00064942	NA	NA	0.00592262	NA	NA	0.00085025	NA	NA	NA	NA	NA	NA	NA	NA	NA	NA	NA	NA	NA	NA	NA	NA	NA	NA	NA	NA	NA	NA	NA	NA	0.00135488	NA	NA	NA	NA	NA	NA	NA	NA	NA	NA	NA	NA	NA	NA
Rat16_bin.16	NA	0.00385492	NA	NA	NA	NA	0.00215206	0.00167653	NA	NA	NA	NA	NA	NA	NA	NA	NA	NA	0.00477826	NA	0.00194656	NA	0.00982333	NA	0.00138184	0.00086826	0.00569441	NA	NA	NA	NA	NA	NA	NA	NA	NA	NA	NA	NA	NA	NA	NA	NA	NA	NA	NA	NA	NA	NA	NA	NA	NA	NA
Rat16_bin.18	NA	NA	NA	NA	NA	NA	NA	0.00052303	NA	NA	NA	NA	NA	NA	NA	0.00091004	NA	NA	0.00138631	NA	NA	0.00157598	NA	0.00166462	NA	NA	NA	NA	NA	NA	0.00102898	NA	NA	NA	NA	NA	NA	NA	NA	NA	NA	NA	NA	NA	NA	NA	NA	NA	NA	NA	NA	NA	NA
Rat16_bin.19	NA	0.00058446	NA	NA	NA	NA	NA	0.00037753	NA	NA	NA	NA	NA	0.00072727	NA	NA	NA	NA	0.00099700	0.00064525	NA	NA	0.00204617	NA	0.00052539	0.00165935	NA	NA	NA	NA	NA	0.00046352	NA	NA	NA	NA	NA	NA	NA	NA	NA	NA	NA	NA	NA	NA	NA	NA	NA	NA	NA	NA	NA
Rat16_bin.22	NA	NA	NA	NA	0.00101327	NA	NA	0.00124268	NA	NA	NA	NA	NA	NA	NA	NA	NA	NA	NA	NA	NA	NA	NA	NA	NA	NA	NA	NA	NA	NA	NA	NA	NA	NA	NA	NA	NA	NA	NA	NA	NA	NA	NA	NA	NA	NA	NA	NA	NA	NA	NA	NA	NA
Rat16_bin.24	0.00331593	NA	0.00091149	0.00084331	NA	0.00230582	0.00150594	0.00102782	0.00185411	NA	NA	NA	NA	NA	NA	0.00256115	NA	NA	0.00122582	NA	0.00126481	0.00164667	0.00130204	0.00180475	NA	0.00125206	NA	NA	NA	NA	NA	NA	NA	NA	NA	NA	NA	NA	NA	NA	NA	NA	NA	NA	NA	NA	NA	NA	NA	NA	NA	NA	NA
Rat16_bin.25	NA	NA	NA	NA	NA	NA	NA	0.00083037	0.00672018	NA	NA	NA	NA	NA	NA	NA	NA	NA	NA	NA	NA	NA	NA	NA	NA	NA	NA	NA	NA	NA	NA	NA	NA	NA	NA	NA	NA	NA	NA	NA	NA	NA	NA	NA	NA	NA	NA	NA	NA	NA	NA	NA	NA
Rat16_bin.26	0.00207867	0.00214591	NA	NA	NA	0.00172401	0.00370889	0.00111884	NA	0.00358779	NA	NA	NA	0.00347374	NA	0.00421554	NA	NA	0.00216872	NA	NA	0.00280552	0.00189210	NA	NA	NA	NA	NA	NA	NA	NA	NA	NA	NA	NA	NA	NA	NA	NA	NA	NA	NA	NA	NA	NA	NA	NA	NA	NA	NA	NA	NA	NA
Rat16_bin.27	NA	NA	NA	NA	NA	NA	NA	0.00311683	NA	NA	NA	NA	NA	NA	NA	NA	NA	NA	NA	NA	NA	NA	NA	NA	NA	NA	NA	NA	NA	NA	NA	NA	NA	NA	NA	NA	NA	NA	NA	NA	NA	NA	NA	NA	NA	NA	NA	NA	NA	NA	NA	NA	NA
Rat16_bin.28	NA	NA	NA	NA	NA	NA	0.00167459	0.00068116	NA	0.00184795	NA	NA	NA	NA	NA	NA	NA	NA	NA	NA	NA	NA	NA	NA	NA	NA	NA	NA	NA	NA	NA	NA	NA	NA	NA	NA	NA	NA	NA	NA	NA	NA	NA	NA	NA	NA	NA	NA	NA	NA	NA	NA	NA
Rat16_bin.3	0.00078877	NA	NA	NA	NA	NA	0.00038405	0.00043496	NA	NA	NA	NA	NA	NA	NA	NA	NA	NA	NA	NA	NA	NA	NA	NA	NA	NA	NA	NA	NA	NA	NA	NA	NA	NA	NA	NA	NA	NA	NA	NA	NA	NA	NA	NA	NA	NA	NA	NA	NA	NA	NA	NA	NA
Rat16_bin.31	NA	NA	NA	0.00072732	0.00363736	NA	0.00081582	0.00074349	NA	NA	NA	0.00251182	NA	NA	NA	NA	NA	NA	0.00318031	NA	NA	NA	NA	NA	NA	NA	NA	NA	NA	NA	NA	NA	NA	NA	NA	NA	NA	NA	NA	NA	NA	NA	NA	NA	NA	NA	NA	NA	NA	NA	NA	NA	NA
Rat16_bin.34	NA	NA	NA	NA	NA	NA	NA	0.00062713	0.00448054	NA	NA	NA	NA	NA	NA	NA	NA	NA	0.00269494	NA	NA	NA	NA	NA	NA	NA	NA	NA	NA	NA	NA	NA	NA	NA	NA	NA	NA	NA	NA	NA	NA	NA	NA	NA	NA	NA	NA	NA	NA	NA	NA	NA	NA
Rat16_bin.35	0.00170962	0.00060989	NA	0.00043592	NA	NA	0.00074521	0.00102077	NA	NA	NA	NA	NA	NA	NA	NA	NA	NA	NA	NA	NA	NA	NA	NA	NA	NA	NA	NA	NA	0.00051132	0.00075473	0.00158119	NA	NA	NA	NA	NA	NA	NA	NA	NA	NA	0.00101659	NA	NA	NA	NA	NA	NA	NA	NA	NA	NA
Rat16_bin.36	NA	0.00253411	NA	NA	0.00187252	0.00265213	0.00413784	0.00283568	NA	NA	NA	NA	NA	0.00536025	NA	NA	NA	NA	NA	NA	NA	NA	NA	NA	NA	NA	NA	NA	NA	NA	NA	NA	NA	NA	NA	NA	NA	NA	0.00479427	NA	NA	NA	NA	0.00899536	NA	NA	NA	NA	NA	NA	NA	NA	NA
Rat16_bin.37	0.01352079	0.01320397	0.03129252	0.03122707	0.01651356	0.01466446	0.01388581	0.00622116	0.03119797	0.01210529	0.03468508	0.03030334	0.03183438	0.01090863	0.02644133	0.01083608	0.02603399	0.02352616	0.00882607	0.03300616	0.01364190	0.01399966	0.01419952	0.01138127	0.01726353	0.01510537	0.01260788	0.03273627	0.01738338	NA	0.00842722	0.02979631	0.03101839	0.03118225	0.02936512	0.03123737	0.02708579	0.02936412	0.02134816	0.01332642	0.03445221	NA	0.02667922	0.01597652	NA	NA	NA	0.02905919	NA	0.03572192	NA	NA	NA
Rat16_bin.39	NA	NA	0.01160694	NA	0.01281398	NA	NA	0.00112588	NA	NA	0.01268211	0.00891559	NA	NA	NA	NA	NA	NA	NA	NA	NA	NA	NA	NA	NA	NA	NA	0.02748069	NA	NA	NA	NA	NA	NA	NA	NA	NA	NA	NA	NA	NA	NA	0.01728752	NA	NA	NA	NA	NA	NA	NA	NA	NA	NA
Rat16_bin.41	0.00120745	0.00374982	NA	NA	NA	NA	0.00069692	0.00106849	NA	NA	NA	NA	NA	0.00383192	NA	0.00228462	NA	NA	NA	NA	0.00295048	NA	NA	NA	NA	0.00634592	NA	NA	NA	NA	NA	NA	NA	NA	NA	NA	NA	NA	0.00103421	0.00062985	NA	NA	NA	NA	NA	NA	NA	NA	NA	NA	NA	NA	NA
Rat16_bin.42	0.00549157	NA	NA	NA	NA	NA	NA	0.00065705	NA	NA	NA	NA	NA	NA	NA	NA	NA	NA	0.01100546	NA	NA	NA	NA	NA	NA	NA	NA	NA	NA	NA	NA	NA	NA	NA	NA	NA	NA	NA	NA	NA	NA	NA	NA	NA	NA	NA	NA	NA	NA	NA	NA	NA	NA
Rat16_bin.49	NA	NA	NA	NA	0.00465515	NA	NA	0.00140489	NA	0.00548657	NA	NA	NA	NA	NA	NA	NA	NA	NA	NA	NA	NA	NA	NA	NA	NA	NA	NA	NA	NA	NA	NA	NA	NA	NA	NA	NA	NA	NA	NA	NA	NA	NA	NA	NA	NA	NA	NA	NA	NA	NA	NA	NA
Rat16_bin.5	0.00082432	0.00166199	NA	NA	NA	NA	0.00123343	0.00111545	NA	NA	NA	NA	NA	0.00195303	NA	0.00068931	NA	NA	NA	NA	NA	NA	NA	NA	NA	NA	NA	NA	NA	NA	NA	NA	NA	NA	NA	NA	NA	NA	0.00070832	NA	NA	NA	NA	NA	NA	NA	NA	NA	NA	NA	NA	NA	NA
Rat16_bin.50	0.00582358	0.01082765	NA	0.00954497	0.00872009	0.01088244	0.01235430	0.00185048	NA	0.01120885	NA	NA	NA	0.01079778	NA	0.00870362	NA	NA	0.00925695	NA	0.01254493	0.01206638	0.00940219	0.01060711	0.00972140	0.00966132	0.00978092	0.01386403	0.00925571	NA	0.00844526	NA	NA	0.01280306	NA	NA	NA	NA	0.01396078	0.01097995	NA	NA	NA	NA	NA	NA	NA	NA	NA	NA	NA	NA	NA
Rat16_bin.52	NA	0.00077563	0.00194686	0.00227320	NA	0.00195828	0.00129199	0.00167193	0.00193577	0.00235413	NA	0.00301715	0.00201968	0.00222717	NA	0.00215858	NA	NA	0.00124057	NA	NA	NA	0.00114939	NA	NA	NA	0.00134369	NA	NA	0.00147722	NA	NA	NA	NA	NA	NA	NA	NA	NA	0.00367542	NA	NA	NA	NA	NA	0.00291633	0.00077464	0.00289786	0.00305187	NA	0.00137643	0.00297280	NA
Rat16_bin.54	0.00133092	NA	NA	NA	0.00381832	NA	0.00359120	0.00385457	NA	NA	NA	NA	NA	NA	NA	NA	NA	NA	NA	NA	NA	NA	NA	NA	NA	NA	NA	NA	NA	NA	NA	NA	NA	NA	NA	NA	NA	NA	NA	NA	NA	NA	NA	NA	NA	NA	NA	NA	NA	NA	NA	NA	NA
Rat16_bin.55	NA	NA	NA	NA	NA	0.00180802	NA	0.00150199	0.00038161	NA	NA	NA	NA	NA	NA	NA	NA	NA	NA	NA	NA	0.00120565	0.00122644	NA	NA	NA	NA	NA	NA	NA	NA	NA	NA	NA	NA	NA	NA	NA	NA	NA	NA	NA	NA	NA	NA	NA	NA	NA	NA	NA	NA	NA	NA
Rat16_bin.59	0.00414295	0.00383966	NA	NA	0.00262396	0.00435608	0.00454308	0.00349379	NA	0.00208885	NA	NA	NA	0.00544986	NA	0.00634995	NA	NA	0.00591495	NA	0.00342636	0.00369644	0.00419016	0.00271537	0.00324931	0.00322833	0.00268229	NA	NA	NA	NA	NA	NA	NA	NA	NA	NA	NA	0.00069603	0.00080074	NA	NA	NA	0.00406138	NA	NA	NA	NA	NA	NA	NA	NA	0.00044726
Rat16_bin.6	0.00061176	0.00112167	NA	NA	NA	0.00099050	NA	0.00063190	NA	NA	NA	NA	NA	0.00138968	NA	0.00187066	NA	NA	NA	NA	NA	NA	NA	NA	NA	NA	NA	NA	NA	NA	NA	NA	NA	NA	NA	NA	NA	NA	NA	0.00060726	NA	NA	NA	NA	NA	NA	NA	NA	NA	NA	NA	NA	NA
Rat16_bin.60	0.00736260	0.00431326	NA	NA	NA	0.00522657	0.00422867	0.00351259	NA	NA	NA	NA	NA	0.01048909	NA	0.00995536	NA	NA	NA	NA	NA	NA	NA	NA	NA	0.00270253	NA	NA	NA	NA	NA	NA	NA	NA	NA	NA	NA	NA	NA	NA	NA	NA	NA	NA	NA	NA	NA	NA	NA	NA	NA	NA	NA
Rat16_bin.62	0.00132159	NA	NA	NA	NA	NA	0.00588629	0.00837124	NA	0.00182679	NA	NA	NA	NA	NA	NA	NA	NA	0.00453290	NA	NA	NA	NA	NA	NA	NA	NA	NA	NA	NA	NA	NA	NA	NA	NA	NA	NA	NA	NA	NA	NA	NA	NA	NA	NA	NA	NA	NA	NA	NA	NA	NA	NA
Rat16_bin.64	0.00328090	0.00380330	NA	NA	0.00178242	0.00111862	0.00792167	0.00067590	NA	NA	NA	NA	NA	NA	NA	NA	NA	NA	NA	NA	0.00086055	NA	NA	NA	NA	NA	NA	NA	NA	NA	NA	NA	NA	NA	NA	NA	NA	NA	NA	NA	NA	NA	NA	NA	NA	NA	NA	NA	NA	NA	NA	NA	NA
Rat16_bin.67	0.00151457	0.00242261	0.00282878	0.00151548	0.00230935	0.00198641	0.00147360	0.00148159	NA	NA	NA	0.00074836	0.00151825	NA	NA	0.00228751	NA	0.00052519	0.00162507	0.00102736	0.00084723	NA	0.00071019	0.00102221	NA	0.00054667	0.00059873	NA	NA	NA	NA	NA	NA	NA	NA	NA	NA	NA	0.00124988	0.00175918	0.00077329	0.00057711	NA	NA	NA	NA	0.00049385	NA	NA	NA	NA	NA	0.00184964
Rat16_bin.70	0.00126795	0.00197881	NA	NA	NA	0.00128131	0.00145337	0.00157533	NA	0.00133038	NA	NA	NA	0.00195799	NA	0.00164280	NA	NA	0.00152244	NA	NA	0.00123622	0.00099000	NA	0.00099129	NA	NA	NA	NA	NA	NA	NA	NA	NA	NA	NA	NA	NA	NA	NA	NA	NA	NA	NA	NA	NA	0.00028088	NA	NA	NA	NA	NA	NA
Rat16_bin.71	0.00172941	0.00216873	0.00504853	0.00582782	0.00193938	0.00173159	0.00194697	0.00144380	0.00556710	0.00176584	NA	0.00746490	0.00545967	NA	NA	0.00266615	NA	NA	NA	NA	NA	NA	NA	0.00348918	NA	NA	0.00415804	NA	NA	NA	NA	NA	NA	NA	NA	NA	NA	NA	NA	0.00407462	NA	NA	NA	NA	NA	0.00528321	0.00346883	0.00472347	0.00528083	NA	0.00317634	NA	NA
Rat16_bin.72	0.00064010	0.00084133	NA	NA	NA	NA	0.00065297	0.00073281	NA	NA	NA	NA	NA	NA	NA	NA	NA	NA	NA	NA	NA	NA	NA	NA	NA	NA	NA	NA	NA	NA	NA	NA	NA	NA	NA	NA	NA	NA	NA	NA	NA	NA	NA	NA	NA	NA	NA	NA	NA	NA	NA	NA	NA
Rat16_bin.80	0.00597153	0.00127023	NA	NA	NA	NA	0.00116781	0.00123908	NA	NA	0.00294490	NA	NA	NA	NA	NA	NA	NA	NA	NA	NA	0.00176295	NA	NA	NA	NA	NA	NA	NA	NA	NA	NA	NA	NA	NA	NA	NA	NA	NA	NA	NA	NA	NA	NA	NA	NA	NA	NA	NA	NA	NA	NA	NA
Rat16_bin.83	0.00740694	0.00779189	0.01063167	0.01813133	0.00796997	0.01076206	0.00944781	0.00714411	0.03046683	0.01257324	0.02947380	0.02124398	0.01260751	NA	0.01215021	NA	0.00978594	0.02388024	NA	0.02393076	0.00647954	NA	NA	0.00529860	NA	NA	NA	0.02653307	NA	NA	NA	0.02319386	0.02908026	0.01623329	NA	NA	NA	NA	NA	NA	0.03222477	NA	NA	NA	NA	NA	NA	NA	NA	NA	NA	NA	NA
Rat16_bin.84	0.01540095	0.01288051	0.03232540	0.03104341	0.01555197	0.01640287	0.01528857	0.00198616	0.02940176	0.01399860	0.03062393	0.03135948	0.02822256	0.01309340	0.03188291	NA	0.03126503	0.02550945	NA	NA	0.01626778	0.01863441	0.01791696	0.01496104	0.01771777	0.01964173	0.01830425	0.03071941	0.02964964	0.02617340	0.02751802	0.02797524	0.02894337	0.02878775	0.03279692	0.02946315	NA	NA	NA	0.01318252	0.03581104	NA	NA	NA	NA	NA	0.02755989	0.02671701	NA	NA	NA	NA	NA
Rat16_bin.85	0.00136666	0.00070516	NA	NA	NA	NA	0.00133085	0.00130092	NA	NA	NA	NA	NA	NA	NA	NA	NA	NA	NA	NA	0.00064662	0.00077782	0.00108842	0.00064614	NA	NA	NA	NA	NA	NA	NA	NA	NA	NA	NA	NA	NA	NA	NA	NA	NA	NA	NA	NA	NA	NA	NA	NA	NA	NA	NA	NA	NA
Rat16_bin.87	0.00393548	NA	NA	NA	0.00254516	0.00435014	0.00445938	0.00159530	NA	NA	NA	NA	NA	NA	NA	NA	NA	NA	0.00386948	NA	NA	0.00842495	NA	NA	NA	NA	NA	NA	NA	NA	0.00491245	NA	NA	NA	NA	NA	NA	NA	NA	NA	NA	NA	NA	NA	NA	NA	NA	NA	NA	NA	NA	NA	NA
Rat16_bin.88	0.00323135	0.00252257	NA	NA	NA	NA	0.00298192	0.00249233	NA	0.00230952	NA	0.00070014	NA	0.00439186	NA	NA	0.00129269	NA	0.00428830	NA	NA	NA	NA	NA	NA	NA	NA	NA	NA	NA	NA	NA	NA	NA	NA	NA	NA	NA	0.00154552	NA	NA	NA	NA	NA	NA	NA	NA	NA	NA	NA	NA	NA	NA
Rat16_bin.93	NA	NA	NA	NA	0.00225705	0.00085475	NA	0.00087647	NA	NA	NA	NA	NA	NA	NA	NA	NA	NA	NA	NA	NA	NA	NA	NA	NA	NA	NA	NA	NA	NA	NA	NA	NA	NA	NA	NA	NA	NA	NA	NA	NA	NA	NA	NA	NA	NA	NA	NA	NA	NA	NA	NA	NA
Rat16_bin.94	NA	NA	NA	NA	NA	NA	NA	0.00044733	NA	NA	NA	NA	NA	NA	NA	NA	NA	NA	0.00257247	NA	NA	NA	NA	0.00085570	NA	NA	NA	NA	NA	NA	NA	NA	NA	NA	NA	NA	NA	NA	NA	NA	NA	NA	NA	NA	NA	NA	NA	NA	NA	NA	NA	NA	NA
Rat16_bin.97	NA	0.00253442	NA	NA	NA	0.00039861	NA	0.00174126	NA	0.00235625	NA	NA	NA	NA	NA	NA	NA	NA	NA	NA	NA	NA	NA	0.00140364	NA	0.00029491	NA	NA	NA	NA	NA	NA	NA	NA	NA	NA	NA	NA	NA	NA	NA	NA	NA	NA	NA	NA	NA	NA	NA	NA	NA	NA	NA
Rat16_bin.99	NA	0.00154973	NA	0.00037653	NA	NA	0.00067868	0.00179383	0.00211915	NA	NA	0.00060400	0.00038889	NA	NA	0.00066090	NA	NA	0.00084064	NA	NA	0.00079105	NA	NA	NA	NA	0.00047238	NA	NA	NA	NA	NA	NA	NA	NA	NA	NA	NA	NA	NA	NA	NA	NA	NA	NA	NA	NA	NA	NA	NA	NA	NA	NA
Rat187_bin.1	NA	NA	NA	NA	NA	NA	NA	0.00048515	NA	NA	NA	NA	NA	NA	NA	0.00286535	NA	NA	0.00056816	NA	NA	NA	NA	NA	NA	NA	NA	NA	NA	NA	NA	NA	NA	NA	NA	NA	NA	NA	NA	NA	NA	0.00055663	NA	0.01576998	NA	NA	NA	NA	NA	NA	NA	NA	NA
Rat187_bin.10	NA	NA	0.00627623	NA	NA	0.01008177	0.00843875	NA	0.00649323	NA	NA	0.00660493	NA	NA	NA	NA	NA	NA	NA	0.00580418	NA	0.00484456	NA	NA	NA	0.00457984	NA	NA	0.00231789	NA	NA	NA	NA	NA	NA	NA	NA	NA	NA	NA	NA	0.00247939	NA	0.00718960	NA	NA	NA	NA	NA	NA	NA	NA	NA
Rat187_bin.12	0.00490592	0.00537602	NA	0.00413783	0.00626082	0.00498053	0.00500882	NA	NA	NA	0.00450673	0.00846252	0.00627815	0.00567054	NA	NA	0.00638579	NA	NA	NA	NA	NA	NA	NA	NA	NA	NA	NA	NA	NA	NA	NA	NA	NA	NA	NA	NA	NA	NA	NA	NA	0.01236899	NA	NA	NA	NA	0.01238833	NA	NA	NA	NA	NA	0.01558713
Rat187_bin.13	NA	NA	NA	NA	NA	NA	NA	0.00226585	NA	NA	NA	NA	NA	NA	NA	NA	NA	NA	NA	NA	NA	NA	NA	NA	NA	0.00184415	NA	NA	NA	NA	NA	NA	NA	NA	NA	NA	NA	NA	NA	NA	NA	0.00161301	NA	NA	NA	NA	NA	0.00111888	NA	NA	0.00098429	NA	NA
Rat187_bin.14	NA	NA	NA	NA	NA	NA	NA	NA	NA	NA	NA	NA	NA	NA	NA	NA	NA	NA	NA	NA	0.01400924	0.01452176	0.01655711	0.01489380	0.01565896	0.01595463	0.01682381	0.01336010	0.01236050	0.01227765	0.01215695	0.01237404	0.01558436	0.01232620	NA	NA	NA	NA	NA	NA	NA	0.00180659	0.00128829	0.01647728	NA	NA	NA	NA	NA	NA	NA	NA	NA
Rat187_bin.4	NA	NA	NA	0.00612611	NA	NA	NA	NA	0.00692051	NA	0.00243933	NA	NA	NA	NA	NA	NA	NA	NA	NA	NA	NA	NA	NA	NA	NA	NA	NA	NA	NA	NA	NA	NA	NA	NA	NA	NA	NA	NA	NA	NA	0.00243066	NA	NA	NA	NA	NA	NA	NA	0.00855279	NA	NA	NA
Rat187_bin.5	NA	NA	0.00034633	NA	NA	0.00422943	0.00368434	NA	NA	NA	NA	0.00057968	NA	NA	NA	NA	NA	NA	0.00064279	0.00038150	NA	NA	NA	NA	NA	NA	NA	NA	NA	NA	0.00029706	NA	NA	NA	NA	NA	NA	NA	0.00074809	NA	NA	0.00056481	NA	NA	NA	0.00065925	NA	NA	NA	NA	NA	NA	0.00079605
Rat187_bin.6	NA	NA	NA	NA	NA	NA	NA	NA	0.00166605	NA	0.00313588	NA	0.00619344	NA	NA	NA	NA	0.00136113	NA	NA	NA	NA	NA	NA	NA	NA	NA	NA	NA	NA	NA	NA	NA	NA	NA	NA	NA	NA	NA	NA	NA	0.00211098	0.00082130	NA	NA	NA	NA	0.00590995	0.00345432	0.00181451	NA	0.00916784	NA
Rat187_bin.7	NA	NA	NA	NA	NA	NA	NA	NA	0.00074434	NA	0.00039490	0.00063644	0.00062894	NA	NA	NA	NA	NA	NA	0.00049601	NA	NA	NA	0.00065673	NA	NA	NA	NA	NA	NA	NA	NA	NA	NA	NA	NA	NA	NA	NA	NA	NA	0.00145533	NA	NA	NA	NA	0.00078467	0.00184050	NA	NA	NA	NA	NA
Rat187_bin.8	NA	NA	NA	0.00058542	NA	NA	NA	NA	NA	NA	0.00361278	NA	NA	NA	NA	NA	NA	NA	NA	NA	NA	NA	NA	NA	NA	NA	NA	0.00057939	NA	NA	0.00087295	NA	NA	NA	NA	NA	NA	NA	0.00126723	NA	NA	0.00188058	NA	NA	NA	NA	NA	NA	NA	NA	NA	NA	NA
Rat187_bin.9	NA	NA	NA	NA	NA	NA	NA	NA	NA	NA	NA	NA	NA	NA	NA	NA	NA	NA	NA	NA	NA	NA	NA	NA	NA	NA	NA	NA	NA	NA	NA	NA	NA	NA	NA	NA	NA	NA	0.00076404	NA	NA	0.00126976	0.00086361	NA	NA	NA	NA	NA	NA	NA	NA	NA	NA
Rat18_bin.10	0.00500496	NA	NA	NA	NA	NA	NA	NA	0.00078502	NA	NA	NA	NA	NA	NA	NA	NA	NA	NA	NA	NA	NA	NA	NA	NA	NA	NA	NA	NA	NA	NA	NA	NA	NA	NA	NA	NA	NA	NA	NA	NA	NA	NA	NA	NA	NA	NA	NA	NA	NA	NA	NA	NA
Rat18_bin.11	NA	NA	NA	0.00093445	NA	NA	NA	NA	0.00093356	NA	NA	NA	NA	NA	0.00085952	NA	NA	NA	NA	NA	NA	NA	NA	NA	NA	NA	NA	NA	NA	NA	NA	NA	NA	NA	NA	NA	NA	NA	NA	NA	NA	NA	NA	NA	NA	NA	0.00101729	NA	NA	NA	NA	NA	NA
Rat18_bin.12	NA	NA	0.02203857	0.02713765	NA	NA	NA	NA	0.00701221	NA	0.03654313	0.02998017	0.01007705	NA	0.01996998	NA	0.01463993	0.01772729	NA	0.02054084	NA	NA	NA	NA	NA	NA	NA	0.03033837	NA	NA	0.00851835	0.01449353	0.02692371	0.02313509	0.02312624	NA	NA	NA	NA	NA	0.03278571	NA	NA	NA	NA	NA	NA	NA	NA	NA	NA	NA	NA
Rat18_bin.13	NA	0.00068369	NA	NA	NA	0.00072771	NA	0.00072426	0.00100643	NA	NA	0.00068443	0.00053119	NA	NA	NA	NA	NA	NA	NA	NA	NA	NA	0.00055030	NA	NA	NA	NA	NA	NA	NA	NA	NA	NA	NA	NA	NA	NA	NA	NA	NA	NA	NA	NA	NA	NA	NA	NA	NA	NA	NA	NA	NA
Rat18_bin.14	NA	NA	0.00466177	NA	NA	NA	NA	NA	0.00205514	NA	NA	0.00268895	NA	NA	NA	NA	NA	NA	NA	NA	NA	NA	NA	NA	NA	NA	NA	NA	NA	NA	NA	NA	NA	NA	NA	NA	NA	NA	NA	NA	NA	NA	NA	NA	NA	NA	NA	NA	NA	NA	NA	NA	NA
Rat18_bin.17	NA	NA	NA	0.00183450	NA	NA	NA	NA	0.00075847	NA	NA	NA	NA	NA	NA	NA	NA	NA	NA	0.00085505	NA	NA	NA	NA	NA	NA	NA	NA	NA	NA	NA	0.00127671	NA	0.00090028	NA	NA	NA	NA	NA	NA	NA	NA	NA	NA	NA	NA	NA	NA	NA	NA	NA	NA	NA
Rat18_bin.18	NA	NA	NA	0.01304834	NA	NA	NA	0.00147252	0.00140954	NA	0.01762425	NA	0.00927905	NA	NA	NA	NA	NA	NA	NA	NA	NA	NA	NA	NA	NA	NA	0.01598636	NA	NA	NA	NA	NA	NA	NA	NA	NA	NA	NA	NA	NA	NA	NA	NA	NA	NA	0.00155182	NA	NA	NA	NA	NA	NA
Rat18_bin.19	NA	0.00060238	NA	0.00053163	NA	0.00083511	0.00068704	0.00218974	0.00133017	NA	NA	0.00052868	0.00038840	NA	NA	0.00056055	NA	NA	0.00078991	NA	0.00098626	0.00114288	NA	NA	NA	NA	0.00072822	NA	NA	NA	NA	NA	NA	NA	NA	NA	NA	NA	NA	NA	NA	NA	NA	NA	NA	NA	NA	NA	NA	NA	NA	NA	NA
Rat18_bin.2	NA	NA	NA	NA	NA	NA	NA	NA	0.00695938	NA	NA	NA	NA	NA	NA	NA	NA	NA	NA	0.01907300	NA	NA	NA	NA	NA	NA	NA	NA	0.00542831	NA	NA	NA	NA	NA	NA	NA	NA	NA	NA	NA	NA	NA	NA	NA	NA	NA	0.00083268	NA	NA	NA	NA	NA	NA
Rat18_bin.20	NA	NA	NA	0.00711286	NA	NA	NA	NA	0.00116840	NA	NA	NA	NA	NA	NA	NA	NA	NA	NA	NA	NA	NA	NA	NA	NA	NA	NA	NA	NA	NA	NA	NA	NA	NA	NA	NA	NA	NA	NA	NA	NA	NA	NA	NA	NA	NA	NA	NA	NA	NA	NA	NA	NA
Rat18_bin.21	NA	0.00407497	0.00229047	0.00092678	0.00056295	0.00473382	0.00143586	NA	0.00097387	NA	NA	0.00082918	0.00062214	NA	NA	NA	NA	NA	NA	0.00085643	NA	NA	NA	NA	NA	NA	NA	NA	NA	NA	NA	NA	NA	NA	NA	NA	NA	NA	NA	0.00122355	NA	0.00045328	NA	NA	NA	0.00130767	0.00075254	0.00569209	NA	NA	0.00177427	NA	NA
Rat18_bin.23	0.00208358	NA	NA	NA	NA	NA	NA	NA	0.00097181	NA	NA	0.00081549	NA	NA	NA	NA	NA	NA	NA	NA	NA	NA	NA	NA	NA	NA	NA	NA	NA	NA	NA	NA	NA	NA	NA	NA	NA	NA	NA	NA	NA	NA	NA	0.01111726	NA	NA	NA	NA	NA	NA	NA	NA	0.00053468
Rat18_bin.24	NA	NA	0.00255913	0.00105467	NA	NA	NA	NA	0.00074592	NA	0.00141449	0.00082719	NA	NA	NA	NA	NA	NA	NA	NA	NA	NA	NA	NA	NA	NA	NA	NA	NA	NA	NA	NA	NA	NA	NA	NA	NA	NA	NA	NA	NA	NA	NA	NA	NA	NA	0.00143665	NA	NA	NA	NA	NA	NA
Rat18_bin.25	NA	NA	NA	0.00296660	NA	NA	NA	NA	0.00182471	NA	0.00300748	0.00337835	0.00936838	NA	NA	NA	NA	0.00215723	NA	0.00211200	NA	NA	NA	NA	NA	NA	NA	0.01173019	NA	NA	0.00295860	NA	NA	NA	NA	NA	NA	NA	NA	NA	NA	NA	NA	NA	NA	NA	NA	NA	NA	NA	NA	NA	NA
Rat18_bin.26	0.00304615	0.00282883	NA	0.00123685	NA	0.00188606	0.00462529	0.00255803	0.00115983	NA	NA	NA	0.00133706	NA	NA	NA	NA	NA	0.00252746	NA	0.00808456	0.01043112	0.00405324	0.00503275	NA	0.00552980	0.00691834	NA	NA	NA	NA	NA	NA	NA	NA	NA	NA	NA	NA	0.00067955	NA	NA	NA	NA	NA	NA	NA	NA	NA	NA	NA	NA	NA
Rat18_bin.28	NA	NA	0.01335756	NA	NA	NA	NA	NA	0.00158271	NA	NA	NA	NA	NA	NA	NA	NA	NA	NA	NA	NA	NA	NA	NA	NA	NA	NA	NA	NA	NA	NA	NA	NA	NA	NA	0.00905561	0.00880545	NA	NA	NA	NA	NA	NA	NA	NA	NA	NA	NA	NA	NA	NA	NA	NA
Rat18_bin.30	NA	NA	NA	NA	NA	NA	NA	NA	0.00188496	NA	0.00154750	NA	0.00146486	NA	NA	NA	NA	NA	NA	0.00487709	NA	NA	NA	NA	NA	NA	NA	0.00156436	NA	NA	NA	NA	NA	NA	NA	NA	NA	NA	NA	NA	NA	NA	NA	NA	NA	NA	NA	NA	NA	NA	NA	NA	NA
Rat18_bin.32	NA	NA	NA	NA	NA	NA	NA	0.00115176	0.00089804	NA	NA	NA	NA	NA	NA	NA	NA	NA	NA	NA	NA	NA	NA	NA	NA	NA	NA	NA	NA	NA	NA	NA	NA	NA	NA	NA	NA	NA	NA	NA	NA	NA	NA	NA	NA	NA	NA	NA	NA	NA	NA	NA	NA
Rat18_bin.34	NA	NA	NA	0.00081556	NA	NA	NA	NA	0.00113002	NA	0.01589483	0.00573243	0.00158489	NA	NA	NA	NA	NA	NA	NA	NA	NA	NA	NA	NA	NA	NA	NA	NA	NA	NA	NA	NA	NA	NA	NA	NA	NA	NA	NA	NA	NA	NA	NA	NA	NA	0.00163694	NA	NA	NA	NA	NA	NA
Rat18_bin.35	NA	NA	0.00045929	NA	NA	NA	NA	NA	0.00119088	NA	NA	NA	0.00065837	NA	NA	NA	0.00092250	NA	NA	0.00310071	NA	NA	NA	NA	NA	NA	NA	NA	NA	NA	0.00149529	0.00205031	0.00077615	NA	NA	NA	NA	NA	NA	NA	NA	NA	NA	NA	NA	NA	0.00466240	NA	NA	NA	NA	NA	NA
Rat18_bin.36	NA	NA	0.00263602	0.00099822	NA	NA	NA	NA	0.00393160	NA	0.00747744	NA	0.00836260	NA	NA	NA	0.00224502	NA	NA	0.01148449	NA	NA	NA	0.00266655	NA	NA	NA	NA	NA	NA	NA	NA	NA	NA	NA	NA	NA	NA	0.00137442	0.00187628	NA	NA	0.00087880	NA	NA	NA	0.00358199	NA	NA	NA	NA	NA	NA
Rat18_bin.38	NA	0.00097034	NA	NA	NA	NA	0.00234441	0.00122531	0.00094360	NA	NA	0.00150807	NA	0.00112142	NA	0.00235729	NA	NA	NA	NA	NA	NA	NA	NA	NA	0.00130846	NA	NA	NA	NA	NA	NA	NA	NA	NA	NA	NA	NA	NA	NA	NA	NA	NA	NA	NA	NA	NA	NA	NA	NA	NA	NA	NA
Rat18_bin.39	NA	NA	NA	0.00617231	NA	NA	NA	NA	0.00123843	NA	0.01693539	0.01265045	0.00148490	NA	NA	NA	NA	NA	NA	NA	NA	NA	NA	NA	NA	NA	NA	NA	NA	NA	NA	0.00175605	NA	NA	NA	NA	NA	NA	NA	NA	NA	NA	NA	NA	NA	NA	NA	NA	NA	NA	NA	NA	NA
Rat18_bin.4	NA	NA	0.01119478	0.00551663	NA	NA	NA	NA	0.00287771	NA	0.01107805	0.01183303	0.00216057	NA	0.01051818	NA	0.00939934	0.00864412	NA	NA	NA	NA	NA	NA	NA	NA	NA	NA	NA	NA	NA	NA	NA	0.01209930	NA	NA	NA	NA	NA	NA	NA	NA	NA	NA	NA	NA	NA	NA	NA	NA	NA	NA	NA
Rat18_bin.41	NA	NA	NA	0.00116064	NA	NA	NA	NA	0.00102121	NA	NA	NA	0.00140144	NA	0.00071332	NA	NA	NA	NA	0.00119912	NA	NA	NA	NA	NA	NA	NA	NA	NA	NA	NA	NA	NA	NA	NA	NA	NA	NA	NA	NA	NA	NA	NA	NA	NA	NA	0.00103653	NA	NA	NA	0.00188382	NA	NA
Rat18_bin.43	NA	NA	0.01005873	NA	NA	NA	NA	NA	0.00664587	NA	0.00956492	0.01555605	NA	NA	NA	NA	NA	0.00070597	NA	NA	NA	NA	NA	NA	NA	NA	NA	NA	NA	NA	NA	NA	NA	NA	0.00916301	NA	NA	NA	NA	NA	NA	NA	NA	NA	NA	NA	NA	NA	NA	NA	NA	NA	NA
Rat18_bin.44	NA	NA	NA	NA	NA	NA	NA	NA	0.00065958	NA	NA	NA	NA	NA	NA	NA	0.00065299	0.00043165	NA	0.00283860	NA	NA	NA	NA	NA	NA	NA	NA	NA	NA	NA	NA	NA	NA	NA	NA	NA	NA	NA	NA	NA	NA	NA	NA	NA	NA	NA	NA	NA	NA	NA	NA	NA
Rat18_bin.48	NA	NA	NA	0.00065813	NA	NA	NA	NA	0.00165023	NA	NA	0.00054872	NA	NA	NA	NA	NA	NA	NA	0.00052246	NA	NA	NA	NA	NA	NA	NA	NA	NA	NA	NA	NA	NA	NA	NA	NA	NA	NA	NA	NA	NA	NA	NA	NA	NA	NA	0.00097288	NA	NA	NA	NA	NA	NA
Rat18_bin.49	NA	NA	NA	0.00184757	NA	NA	NA	NA	0.00361584	NA	NA	NA	0.00266724	NA	NA	NA	0.00157471	NA	NA	NA	NA	NA	NA	NA	NA	NA	NA	NA	NA	NA	NA	NA	NA	NA	NA	NA	NA	NA	NA	NA	NA	NA	NA	NA	NA	NA	0.00084089	NA	NA	NA	NA	NA	NA
Rat18_bin.5	NA	NA	NA	0.00350766	NA	NA	NA	NA	0.00162303	NA	0.00124067	NA	0.00144243	NA	NA	NA	NA	NA	0.00654989	NA	NA	NA	NA	NA	NA	NA	NA	NA	NA	NA	NA	NA	NA	NA	NA	NA	NA	NA	NA	NA	NA	NA	NA	NA	NA	NA	NA	NA	NA	NA	NA	NA	NA
Rat18_bin.50	NA	NA	NA	NA	NA	NA	NA	NA	0.00120110	NA	0.01597490	NA	NA	NA	NA	NA	NA	NA	NA	NA	NA	NA	NA	NA	NA	NA	NA	NA	NA	NA	NA	NA	NA	NA	NA	NA	NA	NA	NA	NA	NA	NA	0.00150462	NA	NA	NA	NA	NA	NA	NA	NA	NA	NA
Rat18_bin.51	NA	NA	NA	NA	NA	NA	NA	NA	0.00103475	NA	NA	NA	NA	NA	NA	NA	NA	NA	NA	NA	NA	NA	NA	NA	NA	NA	NA	NA	NA	NA	NA	NA	0.00096714	NA	NA	NA	NA	NA	NA	NA	NA	NA	NA	NA	NA	NA	NA	NA	NA	NA	NA	NA	NA
Rat18_bin.52	NA	0.00126520	NA	NA	NA	NA	NA	NA	0.00078979	NA	NA	NA	NA	NA	NA	NA	NA	NA	NA	NA	NA	NA	NA	NA	NA	NA	NA	NA	NA	NA	NA	NA	NA	NA	NA	NA	NA	NA	NA	NA	NA	NA	NA	NA	NA	NA	NA	NA	NA	NA	NA	NA	NA
Rat18_bin.53	NA	NA	0.00111641	NA	NA	NA	NA	NA	0.00109119	NA	NA	NA	NA	NA	NA	NA	NA	NA	NA	NA	NA	NA	NA	NA	NA	NA	NA	NA	NA	NA	NA	NA	NA	NA	NA	NA	NA	NA	NA	NA	NA	NA	NA	NA	NA	NA	NA	NA	NA	0.00127232	NA	NA	NA
Rat18_bin.54	NA	NA	NA	0.00191151	NA	NA	NA	NA	0.00151243	NA	NA	NA	0.00139425	NA	NA	NA	NA	NA	NA	NA	NA	NA	NA	NA	NA	NA	NA	NA	NA	NA	NA	NA	NA	NA	NA	NA	NA	NA	NA	NA	NA	NA	NA	NA	NA	NA	NA	NA	NA	NA	NA	NA	NA
Rat18_bin.55	NA	NA	NA	NA	NA	NA	NA	NA	0.00160183	NA	0.00092613	NA	NA	NA	NA	NA	NA	NA	NA	NA	NA	NA	NA	NA	NA	NA	NA	NA	NA	NA	NA	NA	NA	NA	NA	NA	NA	NA	NA	NA	NA	NA	NA	NA	NA	NA	NA	NA	NA	NA	NA	NA	NA
Rat18_bin.57	0.00130367	0.00207848	0.00285491	0.00132652	0.00206769	0.00198152	0.00164832	NA	0.00116965	NA	NA	0.00076620	0.00139042	NA	NA	0.00235373	NA	0.00055823	0.00210919	0.00075297	NA	NA	0.00105534	0.00117547	NA	0.00102087	0.00052609	NA	NA	NA	NA	NA	NA	NA	NA	NA	NA	NA	0.00111226	0.00155450	0.00068078	0.00069250	NA	NA	NA	NA	0.00052178	NA	NA	NA	NA	NA	0.00188861
Rat18_bin.58	0.00250248	0.00289085	0.00373345	0.00355735	NA	0.00289384	0.00287619	NA	0.00321300	0.00273292	0.00308234	0.00616548	0.00284469	NA	NA	0.00298896	NA	NA	NA	0.00234760	NA	NA	0.00310724	0.00394937	NA	NA	0.00401459	NA	NA	NA	NA	NA	NA	NA	NA	NA	NA	NA	NA	0.00457463	0.00371067	NA	NA	NA	NA	0.00432616	0.00203549	0.00400145	0.00449761	NA	0.00231799	NA	0.00629119
Rat18_bin.59	NA	NA	NA	0.00360475	NA	NA	NA	NA	0.00161230	NA	0.00287287	0.00691452	0.00438788	NA	NA	NA	NA	0.00074594	NA	NA	NA	NA	NA	NA	NA	NA	NA	NA	NA	NA	NA	NA	NA	NA	NA	NA	NA	NA	NA	NA	NA	0.00159947	0.00097589	NA	NA	NA	NA	0.00573943	0.00398676	0.00184746	NA	0.00901083	NA
Rat18_bin.6	NA	NA	NA	NA	NA	NA	NA	NA	0.00059897	NA	NA	NA	NA	NA	0.00105498	NA	NA	NA	NA	NA	NA	NA	NA	NA	NA	NA	NA	NA	0.00078032	NA	NA	NA	0.00083647	NA	NA	NA	NA	NA	NA	NA	NA	NA	NA	NA	NA	NA	NA	NA	NA	NA	NA	NA	NA
Rat18_bin.60	NA	NA	NA	NA	NA	NA	NA	NA	0.00128419	NA	NA	NA	NA	NA	NA	NA	0.00118769	NA	NA	NA	NA	NA	NA	NA	NA	NA	NA	0.00490460	NA	NA	NA	NA	NA	NA	NA	NA	NA	NA	NA	NA	NA	NA	NA	NA	NA	NA	NA	NA	NA	NA	NA	NA	NA
Rat18_bin.61	NA	NA	NA	NA	NA	NA	NA	NA	0.00156673	NA	0.00052636	NA	0.00084662	NA	NA	NA	NA	NA	NA	0.00052999	NA	NA	NA	NA	NA	NA	NA	NA	NA	NA	NA	NA	NA	NA	NA	NA	NA	NA	NA	NA	NA	NA	NA	NA	NA	NA	NA	NA	NA	NA	NA	NA	NA
Rat18_bin.62	NA	NA	NA	0.00099140	NA	NA	NA	NA	0.00168205	NA	0.00202994	0.00132331	0.00219639	NA	NA	NA	0.00135599	0.00069832	NA	NA	NA	NA	NA	NA	NA	NA	NA	NA	NA	NA	NA	0.00205231	0.00156437	0.00153484	NA	NA	NA	NA	NA	NA	NA	NA	NA	NA	NA	NA	NA	NA	0.00113324	NA	NA	NA	NA
Rat18_bin.63	NA	NA	NA	NA	NA	NA	NA	0.00058089	0.00104598	NA	0.00042954	0.00080020	0.00079547	NA	NA	NA	0.00093968	NA	NA	0.00055522	NA	NA	NA	0.00060104	NA	NA	NA	NA	NA	NA	NA	NA	NA	NA	NA	NA	NA	NA	NA	NA	NA	0.00114668	NA	NA	NA	NA	0.00074191	0.00185415	NA	NA	NA	NA	NA
Rat18_bin.64	NA	0.00256867	NA	0.00157547	NA	NA	0.00135822	0.00142710	0.00079790	NA	NA	NA	NA	NA	NA	0.00219996	NA	NA	0.00161899	NA	0.00239192	0.00114191	NA	0.00080744	NA	0.00079101	NA	NA	NA	NA	NA	NA	NA	NA	NA	NA	NA	NA	NA	NA	NA	NA	NA	NA	NA	NA	NA	NA	NA	NA	NA	NA	NA
Rat18_bin.65	NA	NA	NA	0.01111353	NA	NA	NA	NA	0.00453998	NA	0.00678916	0.00526268	0.01886238	NA	NA	NA	NA	NA	NA	0.00230270	NA	NA	NA	NA	NA	NA	NA	NA	NA	NA	NA	0.00435130	NA	NA	NA	NA	NA	NA	NA	NA	NA	NA	NA	NA	NA	NA	NA	NA	NA	NA	NA	NA	NA
Rat18_bin.66	NA	NA	NA	NA	NA	NA	NA	0.00691295	0.00159210	NA	NA	NA	NA	NA	NA	NA	NA	NA	NA	NA	NA	NA	NA	NA	NA	NA	NA	NA	NA	NA	NA	NA	NA	NA	NA	NA	NA	NA	NA	NA	NA	NA	NA	NA	NA	NA	NA	NA	NA	NA	NA	NA	NA
Rat18_bin.67	NA	NA	0.00093786	NA	NA	NA	NA	NA	0.00173459	NA	NA	NA	0.00186782	NA	NA	NA	NA	NA	NA	NA	NA	NA	NA	NA	NA	NA	NA	NA	NA	NA	NA	NA	NA	NA	NA	NA	NA	NA	NA	NA	NA	NA	NA	NA	NA	NA	NA	NA	NA	NA	NA	NA	NA
Rat18_bin.7	0.02312145	NA	0.03259464	0.02153459	0.01742475	NA	NA	NA	0.00748206	NA	0.03350272	0.03158748	0.01578409	NA	0.02528156	NA	0.02985583	0.02806938	NA	0.02413316	NA	NA	NA	NA	NA	NA	NA	0.02021642	0.01718226	0.02970598	0.03102301	0.02761168	0.03017501	0.02947644	0.03266428	0.02525522	0.03163849	0.03084789	0.02013158	NA	0.03709048	NA	0.03212683	NA	NA	0.03038884	0.02940921	0.01978257	NA	0.03477090	0.02223275	0.03372014	NA
Rat197_bin.1	NA	NA	NA	0.00077826	NA	NA	NA	NA	NA	NA	NA	NA	NA	NA	NA	NA	NA	NA	NA	NA	NA	NA	NA	NA	NA	NA	NA	0.00063902	NA	NA	NA	NA	NA	0.00074279	NA	NA	NA	NA	NA	NA	NA	0.00093890	0.00064943	NA	NA	NA	NA	NA	NA	NA	NA	NA	NA
Rat197_bin.10	NA	NA	0.00116561	NA	NA	NA	NA	NA	0.00163296	NA	NA	0.00135750	NA	NA	0.00126043	NA	0.00185134	0.00102264	NA	0.00240632	NA	NA	NA	NA	NA	NA	NA	0.00137179	NA	NA	NA	0.00284559	0.00203020	NA	NA	NA	NA	NA	NA	NA	NA	0.00190346	0.00058984	NA	NA	0.00231242	NA	0.00393731	NA	0.00142331	NA	0.00416441	NA
Rat197_bin.11	NA	NA	NA	NA	NA	NA	NA	NA	NA	NA	NA	NA	NA	NA	NA	NA	NA	NA	NA	NA	NA	NA	NA	NA	NA	NA	NA	NA	NA	NA	NA	NA	NA	NA	NA	NA	NA	NA	NA	NA	0.00271960	NA	0.00192379	NA	NA	0.00064869	NA	NA	NA	NA	NA	NA	NA
Rat197_bin.13	NA	NA	NA	NA	NA	NA	NA	NA	NA	NA	NA	NA	NA	NA	NA	NA	NA	NA	NA	NA	NA	NA	NA	NA	NA	NA	NA	NA	NA	NA	NA	NA	NA	NA	NA	NA	NA	NA	0.00234165	0.00126957	NA	NA	0.00062732	NA	NA	NA	NA	NA	NA	NA	NA	NA	0.00156330
Rat197_bin.14	NA	NA	NA	NA	0.00246610	NA	NA	NA	NA	NA	NA	0.00240162	NA	NA	0.00122643	NA	0.00128773	0.00370443	NA	0.00146156	NA	NA	NA	NA	NA	NA	NA	NA	NA	NA	NA	0.00159383	NA	0.00147560	NA	NA	NA	NA	NA	NA	NA	NA	0.00082171	NA	NA	NA	NA	NA	NA	NA	NA	NA	NA
Rat197_bin.15	NA	NA	NA	NA	NA	NA	NA	NA	NA	NA	NA	0.00449545	NA	NA	NA	NA	0.00390145	NA	NA	NA	NA	NA	NA	NA	NA	NA	NA	0.00316458	NA	NA	NA	NA	0.00189325	0.00387248	NA	NA	NA	NA	0.00192867	NA	NA	NA	0.00075930	NA	NA	NA	NA	0.00095793	NA	NA	NA	NA	NA
Rat197_bin.17	NA	NA	0.00235414	NA	NA	NA	NA	NA	NA	NA	NA	NA	NA	NA	NA	NA	0.00055875	NA	NA	0.00058654	NA	NA	NA	NA	NA	NA	NA	NA	0.00120095	NA	0.00077446	NA	0.00065040	NA	NA	NA	NA	NA	NA	NA	NA	0.00129619	0.00056891	NA	NA	0.00539653	0.00195287	0.00115532	NA	0.00093129	NA	NA	NA
Rat197_bin.19	NA	NA	NA	NA	NA	NA	NA	NA	NA	NA	NA	NA	NA	NA	NA	NA	NA	NA	NA	NA	NA	NA	NA	NA	NA	NA	NA	NA	NA	NA	NA	NA	NA	NA	NA	NA	NA	NA	NA	NA	NA	NA	0.00067849	NA	NA	0.00116606	NA	0.00114329	NA	NA	NA	0.00087551	NA
Rat197_bin.2	NA	NA	NA	NA	NA	NA	NA	NA	0.00267400	NA	0.00536822	0.00530327	0.00761264	NA	NA	NA	NA	NA	NA	NA	NA	NA	NA	NA	NA	NA	NA	NA	NA	NA	NA	NA	NA	NA	NA	NA	NA	NA	NA	NA	NA	0.00211215	0.00069294	NA	NA	0.00735193	NA	0.00484310	0.00351150	0.00183766	NA	0.00750489	NA
Rat197_bin.20	NA	NA	0.00103410	NA	NA	NA	NA	NA	NA	NA	NA	0.00205383	NA	NA	NA	NA	NA	NA	NA	NA	NA	NA	NA	NA	NA	NA	NA	0.00044364	NA	0.00052937	NA	NA	NA	0.00088806	NA	NA	NA	NA	NA	NA	NA	NA	0.00072707	NA	NA	NA	NA	NA	NA	NA	NA	NA	NA
Rat197_bin.21	NA	NA	NA	NA	NA	NA	NA	NA	NA	NA	0.00103990	NA	NA	NA	NA	NA	NA	NA	NA	0.00079322	NA	NA	NA	NA	NA	NA	NA	NA	NA	NA	NA	NA	NA	NA	NA	NA	NA	NA	NA	NA	NA	NA	0.00139555	NA	NA	0.00729035	NA	0.00295922	0.00165811	NA	NA	NA	NA
Rat197_bin.22	NA	0.00270788	0.00110302	NA	0.00062581	NA	NA	NA	NA	NA	NA	0.00050726	NA	NA	NA	NA	NA	NA	NA	0.00067750	NA	NA	NA	0.00089928	NA	NA	0.00148748	0.00083334	0.00124742	0.00163881	NA	0.00064978	NA	NA	NA	NA	NA	NA	NA	0.00069531	NA	0.00061620	0.00094660	NA	NA	0.00310145	NA	NA	NA	0.00082772	NA	NA	0.00057249
Rat197_bin.23	NA	NA	NA	NA	NA	NA	NA	NA	NA	NA	NA	NA	0.00095578	NA	NA	NA	NA	NA	NA	0.00212710	NA	NA	NA	NA	NA	NA	NA	0.00081589	NA	NA	0.00084105	0.00160100	0.00125020	NA	NA	NA	NA	NA	NA	NA	NA	NA	0.00068351	NA	NA	0.00189052	0.00114502	0.00229081	0.00128783	NA	0.00470917	0.00092077	NA
Rat197_bin.24	NA	NA	NA	NA	NA	NA	NA	NA	0.00940061	NA	NA	NA	NA	NA	NA	NA	NA	NA	NA	0.00440276	NA	NA	NA	NA	NA	NA	NA	NA	0.00262157	NA	NA	NA	NA	NA	NA	NA	NA	NA	NA	NA	NA	NA	0.00563796	NA	NA	0.00645653	NA	NA	NA	0.00901628	0.00139158	0.00326340	NA
Rat197_bin.26	NA	NA	NA	NA	NA	NA	NA	NA	NA	NA	NA	NA	NA	NA	NA	NA	NA	NA	NA	NA	NA	NA	NA	NA	NA	NA	NA	NA	NA	NA	NA	NA	NA	NA	NA	NA	NA	NA	NA	NA	NA	NA	0.00348963	NA	NA	NA	NA	0.00688099	0.00943452	0.00127831	NA	NA	NA
Rat197_bin.27	NA	NA	0.00140021	NA	NA	NA	NA	NA	NA	NA	0.00218105	NA	NA	NA	NA	NA	NA	NA	NA	NA	NA	NA	NA	NA	NA	NA	NA	NA	NA	NA	NA	NA	NA	NA	NA	NA	NA	NA	NA	NA	NA	NA	0.00198369	NA	NA	NA	NA	NA	NA	NA	NA	NA	NA
Rat197_bin.28	NA	NA	0.00441236	0.00139970	NA	NA	NA	NA	0.00466185	NA	NA	NA	NA	NA	NA	NA	0.00160704	NA	NA	NA	NA	NA	NA	NA	NA	NA	NA	NA	NA	NA	NA	NA	NA	NA	NA	NA	NA	NA	0.00767286	NA	NA	NA	0.00180624	NA	NA	NA	0.00906324	NA	0.00379460	0.00158452	NA	NA	NA
Rat197_bin.3	NA	NA	NA	NA	NA	NA	NA	NA	NA	NA	0.01336842	NA	NA	NA	NA	NA	NA	NA	NA	NA	NA	NA	NA	NA	NA	NA	NA	NA	NA	NA	NA	NA	NA	NA	NA	NA	NA	NA	NA	NA	NA	NA	0.00116463	NA	NA	NA	NA	NA	NA	NA	NA	NA	NA
Rat197_bin.30	NA	NA	NA	NA	NA	NA	NA	NA	NA	NA	0.00065191	NA	NA	NA	NA	NA	NA	NA	NA	0.00314871	NA	NA	NA	NA	NA	NA	NA	NA	NA	NA	NA	0.00277984	NA	NA	NA	NA	NA	NA	NA	NA	NA	NA	0.00070703	NA	NA	NA	NA	NA	NA	NA	NA	NA	NA
Rat197_bin.31	NA	NA	0.00097695	NA	NA	NA	NA	NA	NA	NA	NA	NA	NA	NA	NA	NA	NA	NA	NA	NA	NA	NA	NA	NA	NA	NA	NA	NA	NA	NA	NA	NA	0.00092033	NA	NA	NA	NA	NA	NA	NA	NA	NA	0.00155140	NA	0.00041758	0.00233452	NA	NA	0.00144313	NA	NA	NA	NA
Rat197_bin.33	NA	0.01124227	0.00316400	0.00246813	NA	0.00494515	0.00234797	NA	0.00202107	NA	NA	0.00226520	0.00214955	NA	NA	NA	NA	NA	NA	0.00187919	NA	NA	0.00092290	NA	NA	NA	NA	NA	NA	0.00074494	0.00172683	0.00079796	NA	NA	NA	NA	NA	NA	0.00167166	0.00150964	NA	0.00776809	0.00042209	0.01627641	NA	0.00065999	0.00136328	0.00192912	0.00294744	0.00210783	0.00140963	NA	0.00713716
Rat197_bin.34	NA	NA	NA	NA	NA	NA	NA	NA	NA	NA	NA	0.00837923	NA	NA	NA	NA	NA	NA	NA	NA	NA	NA	NA	NA	NA	NA	NA	NA	NA	NA	NA	NA	NA	0.01692919	NA	NA	NA	NA	NA	NA	0.01318683	NA	0.00163850	NA	NA	NA	NA	NA	NA	NA	NA	NA	NA
Rat197_bin.36	NA	NA	0.01064598	0.01023776	NA	NA	NA	NA	0.01349287	NA	0.01559478	0.01213477	0.00708424	NA	0.01358117	NA	NA	NA	NA	0.00820618	NA	NA	NA	NA	NA	NA	NA	0.01371947	NA	NA	0.01068525	NA	NA	NA	0.01307043	0.01183100	NA	0.01026444	NA	NA	0.01278996	NA	0.00495160	NA	NA	NA	NA	0.01596107	0.01245967	NA	NA	0.01154583	NA
Rat197_bin.38	NA	NA	NA	NA	NA	NA	NA	NA	NA	NA	NA	NA	NA	NA	NA	NA	NA	NA	NA	0.00266772	NA	NA	NA	NA	NA	NA	NA	NA	NA	NA	NA	NA	NA	NA	NA	NA	NA	NA	NA	NA	NA	NA	0.00305776	NA	NA	NA	NA	NA	NA	NA	NA	NA	NA
Rat197_bin.39	NA	NA	NA	NA	NA	NA	NA	NA	NA	NA	NA	NA	NA	NA	NA	NA	NA	NA	NA	NA	NA	NA	NA	NA	NA	NA	NA	NA	NA	NA	NA	NA	NA	NA	NA	NA	NA	NA	NA	NA	NA	NA	0.00169648	NA	NA	NA	NA	NA	NA	NA	NA	NA	NA
Rat197_bin.4	NA	NA	NA	NA	NA	NA	NA	NA	NA	NA	NA	NA	NA	NA	NA	NA	NA	NA	NA	NA	NA	NA	NA	NA	0.00088017	NA	NA	NA	NA	NA	NA	NA	NA	NA	NA	NA	NA	NA	NA	NA	NA	0.00100748	0.00052322	NA	NA	NA	NA	NA	NA	NA	NA	NA	NA
Rat197_bin.41	NA	NA	NA	NA	NA	NA	NA	NA	NA	NA	NA	NA	NA	NA	NA	NA	NA	NA	NA	NA	NA	NA	NA	NA	NA	NA	NA	NA	NA	NA	NA	NA	NA	NA	NA	NA	NA	NA	NA	NA	NA	NA	0.00075493	NA	NA	NA	NA	0.00806748	NA	NA	NA	0.00297677	NA
Rat197_bin.42	NA	NA	NA	0.01096843	NA	NA	NA	NA	NA	NA	0.01230405	0.01107281	NA	NA	0.00200411	NA	NA	NA	NA	NA	NA	NA	NA	NA	NA	NA	NA	0.00906092	NA	NA	0.00771158	NA	NA	NA	0.00844159	0.00525031	NA	NA	NA	NA	0.00515119	NA	0.00244927	NA	NA	NA	NA	0.01168569	NA	NA	NA	0.00829430	NA
Rat197_bin.43	NA	NA	NA	NA	NA	NA	NA	NA	NA	NA	NA	NA	NA	NA	NA	NA	NA	NA	NA	NA	NA	NA	NA	NA	NA	NA	NA	NA	NA	NA	NA	NA	NA	NA	NA	NA	NA	NA	NA	NA	NA	NA	0.00103185	NA	NA	NA	NA	NA	NA	NA	0.00126737	NA	NA
Rat197_bin.44	NA	NA	NA	NA	NA	NA	NA	NA	NA	NA	0.01421900	NA	NA	NA	NA	NA	NA	NA	NA	NA	NA	NA	NA	NA	NA	NA	NA	NA	NA	NA	NA	NA	NA	NA	NA	NA	NA	NA	NA	NA	NA	NA	0.00433355	NA	NA	NA	NA	0.00422168	0.00116787	NA	NA	NA	NA
Rat197_bin.45	NA	NA	0.00528123	0.00976811	NA	NA	NA	NA	0.00941288	NA	0.01123952	NA	NA	NA	NA	NA	NA	NA	NA	0.00320009	NA	NA	NA	NA	NA	NA	NA	NA	NA	NA	NA	NA	NA	NA	NA	NA	NA	NA	NA	NA	0.01005468	NA	0.00971125	NA	NA	NA	NA	0.00672388	NA	NA	NA	NA	NA
Rat197_bin.46	NA	0.00237770	0.00406949	0.00541352	NA	0.00468824	0.00149462	NA	0.00418312	0.00296595	NA	0.00176947	0.00401748	NA	NA	0.00320031	NA	NA	NA	0.00184428	NA	NA	NA	NA	NA	NA	0.00382188	NA	NA	NA	NA	NA	NA	NA	NA	NA	NA	NA	0.00452138	0.00470287	NA	0.00076724	0.00074354	NA	NA	0.00198214	0.00177687	0.00382409	0.00506674	0.00084683	0.00221348	0.00396362	NA
Rat197_bin.6	NA	NA	NA	NA	NA	NA	NA	NA	NA	NA	NA	NA	NA	NA	NA	NA	0.00046692	NA	NA	NA	NA	NA	NA	NA	NA	NA	NA	NA	NA	NA	NA	NA	0.00196044	0.00129452	NA	NA	NA	NA	NA	NA	NA	NA	0.00076446	NA	NA	NA	NA	NA	0.00146041	NA	NA	NA	NA
Rat197_bin.7	NA	NA	NA	NA	NA	NA	NA	NA	NA	NA	NA	NA	NA	NA	NA	NA	NA	NA	NA	NA	NA	NA	NA	NA	NA	NA	NA	NA	NA	NA	NA	NA	NA	NA	NA	NA	NA	NA	NA	NA	NA	NA	0.00125488	NA	NA	NA	NA	0.00324725	0.00230530	0.00128735	NA	0.00174591	NA
Rat197_bin.8	NA	NA	NA	0.00545201	NA	NA	NA	NA	NA	NA	NA	NA	NA	NA	0.00304302	NA	NA	NA	NA	NA	NA	NA	NA	NA	NA	NA	NA	NA	NA	NA	0.00100292	NA	NA	NA	NA	NA	NA	NA	NA	NA	NA	NA	0.00067289	NA	NA	NA	NA	NA	0.00128113	NA	NA	NA	NA
Rat197_bin.9	NA	NA	NA	NA	NA	NA	NA	NA	NA	NA	NA	NA	NA	NA	NA	NA	NA	NA	NA	NA	NA	NA	NA	NA	NA	NA	NA	NA	NA	NA	NA	0.00514724	NA	NA	NA	NA	NA	NA	NA	NA	NA	NA	0.00117689	NA	NA	0.00367006	NA	NA	NA	NA	NA	NA	NA
Rat198_bin.11	NA	NA	NA	NA	NA	NA	NA	NA	NA	NA	NA	NA	NA	NA	NA	NA	NA	NA	NA	NA	NA	NA	NA	NA	NA	NA	NA	NA	NA	NA	NA	NA	NA	NA	NA	NA	NA	NA	NA	NA	NA	NA	NA	0.01506728	NA	NA	NA	NA	NA	NA	NA	NA	NA
Rat198_bin.13	NA	NA	NA	NA	NA	NA	NA	NA	NA	NA	NA	NA	NA	NA	NA	NA	NA	NA	NA	NA	NA	NA	NA	NA	NA	NA	NA	NA	NA	NA	NA	NA	NA	NA	NA	NA	NA	NA	NA	NA	NA	NA	NA	0.00676006	NA	NA	NA	NA	NA	NA	NA	NA	NA
Rat198_bin.16	NA	NA	NA	NA	NA	NA	NA	NA	NA	NA	NA	NA	NA	NA	NA	NA	NA	NA	NA	NA	NA	NA	NA	NA	NA	NA	NA	NA	NA	NA	NA	NA	NA	NA	NA	NA	NA	NA	NA	NA	NA	NA	NA	0.00283227	NA	NA	NA	NA	NA	NA	NA	NA	NA
Rat198_bin.17	NA	0.00498048	0.00713026	NA	NA	0.00456468	NA	NA	0.00807319	0.00629352	NA	0.00611169	0.00780866	NA	NA	0.00562199	NA	NA	NA	NA	NA	NA	NA	0.00356319	NA	NA	0.00465044	NA	NA	NA	NA	NA	NA	NA	NA	NA	NA	NA	NA	0.00333548	NA	NA	NA	0.00270580	NA	0.00615995	NA	0.00567648	0.00636764	NA	0.00326945	NA	NA
Rat198_bin.19	NA	NA	NA	NA	NA	NA	NA	NA	NA	NA	NA	NA	NA	NA	NA	NA	NA	NA	NA	NA	NA	NA	NA	NA	NA	NA	NA	NA	NA	NA	NA	NA	NA	NA	NA	NA	NA	NA	NA	NA	NA	NA	NA	0.01219349	NA	NA	NA	NA	NA	NA	NA	NA	NA
Rat198_bin.2	NA	NA	NA	NA	NA	NA	NA	NA	NA	0.00854359	NA	NA	NA	NA	NA	NA	NA	NA	NA	NA	NA	NA	NA	NA	NA	NA	NA	NA	NA	NA	NA	NA	NA	NA	NA	NA	NA	NA	NA	NA	NA	NA	NA	0.00983457	NA	NA	NA	NA	NA	NA	NA	NA	NA
Rat198_bin.22	NA	NA	NA	NA	NA	NA	NA	NA	NA	NA	NA	NA	NA	NA	NA	NA	NA	NA	NA	NA	0.00101750	NA	NA	NA	NA	NA	NA	NA	NA	NA	NA	NA	NA	NA	NA	NA	NA	NA	NA	NA	NA	NA	NA	0.00148254	NA	NA	NA	NA	NA	NA	NA	NA	NA
Rat198_bin.26	NA	NA	NA	NA	NA	NA	NA	NA	NA	NA	NA	NA	NA	NA	NA	NA	NA	NA	NA	NA	NA	NA	NA	NA	NA	NA	NA	NA	NA	NA	NA	NA	NA	NA	NA	NA	NA	NA	NA	NA	NA	NA	NA	0.01125768	NA	NA	NA	NA	NA	NA	NA	NA	NA
Rat198_bin.3	0.00357430	0.00603866	NA	NA	0.00252732	0.00224548	0.00306110	0.00283862	NA	0.00369393	NA	NA	NA	0.00651069	NA	0.00714052	NA	NA	0.00447735	NA	0.00176238	0.00311484	0.00263057	0.00215433	0.00093704	0.00374390	0.00221016	NA	NA	NA	NA	NA	NA	NA	NA	NA	NA	NA	NA	0.00221603	NA	NA	NA	0.00246719	NA	NA	0.00197191	NA	NA	NA	NA	NA	0.00178762
Rat198_bin.30	0.00329646	0.00357990	NA	NA	0.00249885	0.00327960	0.00364497	0.00298547	NA	0.00371386	NA	NA	NA	0.00266147	NA	0.00351386	NA	NA	0.00239251	NA	0.00257501	0.00368472	0.00327164	0.00280249	0.00204209	0.00269770	0.00137096	NA	NA	NA	NA	NA	NA	NA	NA	NA	NA	NA	NA	0.00077091	NA	NA	NA	0.00349282	NA	NA	NA	NA	NA	NA	NA	NA	NA
Rat198_bin.31	NA	0.00051801	NA	0.00031339	NA	0.00303273	NA	NA	NA	0.00143843	NA	NA	0.00075061	NA	NA	NA	NA	NA	0.00199704	NA	NA	NA	NA	NA	NA	NA	NA	NA	NA	NA	NA	NA	NA	NA	NA	NA	NA	NA	NA	NA	NA	NA	NA	0.00822783	NA	NA	0.00086098	NA	NA	NA	NA	NA	NA
Rat198_bin.35	NA	NA	NA	NA	NA	NA	NA	NA	NA	NA	NA	NA	NA	NA	NA	NA	NA	NA	NA	NA	NA	NA	NA	NA	NA	NA	NA	NA	NA	NA	NA	NA	NA	NA	NA	NA	NA	NA	NA	NA	NA	NA	NA	0.01218879	NA	NA	NA	NA	NA	NA	NA	NA	NA
Rat198_bin.37	NA	NA	NA	NA	NA	NA	NA	NA	NA	NA	NA	NA	NA	NA	NA	0.00913648	NA	NA	NA	NA	NA	NA	NA	NA	0.00976663	NA	NA	NA	NA	NA	NA	NA	NA	NA	NA	NA	NA	NA	0.00856121	NA	NA	NA	NA	0.01340714	NA	NA	NA	NA	NA	NA	NA	NA	NA
Rat198_bin.38	NA	NA	NA	NA	NA	NA	NA	NA	NA	NA	NA	NA	NA	NA	NA	NA	NA	NA	NA	NA	NA	NA	NA	NA	NA	NA	NA	NA	NA	NA	NA	NA	NA	NA	NA	NA	NA	NA	NA	NA	NA	NA	NA	0.00891107	NA	NA	NA	NA	NA	NA	NA	NA	NA
Rat198_bin.4	NA	NA	NA	NA	NA	NA	NA	NA	NA	NA	NA	NA	NA	NA	NA	NA	NA	NA	NA	NA	NA	NA	NA	NA	NA	NA	NA	NA	NA	NA	NA	NA	NA	NA	NA	NA	NA	NA	NA	NA	NA	NA	NA	0.00877654	NA	NA	NA	NA	NA	NA	NA	NA	NA
Rat198_bin.40	NA	NA	NA	NA	NA	NA	NA	NA	NA	NA	NA	0.01049906	NA	NA	NA	NA	NA	NA	NA	NA	NA	NA	NA	NA	NA	NA	NA	NA	NA	NA	NA	NA	NA	NA	NA	NA	NA	NA	NA	NA	NA	NA	NA	0.01274210	NA	NA	NA	NA	NA	NA	NA	NA	NA
Rat198_bin.44	NA	NA	NA	NA	NA	NA	NA	NA	NA	NA	NA	NA	NA	NA	NA	NA	NA	NA	NA	NA	NA	NA	NA	NA	NA	NA	NA	NA	NA	NA	NA	NA	NA	NA	NA	NA	NA	NA	NA	NA	NA	NA	NA	0.00657931	NA	NA	NA	NA	NA	NA	NA	NA	NA
Rat198_bin.45	NA	NA	NA	NA	NA	NA	NA	NA	NA	NA	NA	NA	NA	NA	NA	NA	NA	NA	NA	NA	NA	NA	NA	NA	NA	NA	NA	NA	NA	NA	NA	NA	NA	NA	NA	NA	NA	NA	NA	NA	NA	NA	NA	0.00340832	NA	0.00326942	NA	NA	NA	NA	NA	NA	NA
Rat198_bin.46	NA	NA	NA	NA	NA	NA	NA	NA	NA	NA	NA	NA	NA	NA	NA	NA	NA	NA	NA	NA	NA	NA	NA	NA	NA	NA	NA	NA	NA	NA	NA	NA	NA	NA	NA	NA	NA	NA	NA	NA	NA	NA	NA	0.01336805	NA	NA	NA	NA	NA	NA	NA	NA	NA
Rat198_bin.47	NA	NA	NA	NA	NA	NA	NA	NA	NA	0.01415060	NA	NA	NA	0.01176240	NA	NA	NA	NA	NA	NA	NA	NA	NA	NA	NA	NA	NA	NA	NA	NA	NA	NA	NA	NA	NA	NA	NA	NA	NA	NA	NA	NA	NA	0.00856194	NA	NA	NA	NA	NA	NA	NA	NA	0.00671408
Rat198_bin.49	NA	NA	NA	NA	NA	NA	NA	NA	NA	NA	NA	NA	NA	NA	NA	NA	NA	NA	NA	NA	NA	NA	NA	NA	NA	NA	NA	NA	NA	NA	NA	NA	NA	NA	NA	NA	NA	NA	NA	NA	NA	NA	NA	0.00613054	NA	NA	NA	NA	NA	NA	NA	NA	NA
Rat198_bin.5	0.00684440	0.00339435	NA	NA	0.00202740	0.00421736	0.00359926	0.00321037	NA	0.00470086	NA	NA	NA	0.00632514	NA	0.00615523	NA	NA	0.00231985	NA	0.00147593	0.00205240	0.00206911	0.00147485	0.00040690	0.00108382	0.00057672	NA	NA	NA	NA	NA	NA	NA	NA	NA	NA	NA	NA	NA	NA	NA	NA	0.00263518	NA	NA	NA	NA	NA	NA	NA	NA	NA
Rat198_bin.51	NA	NA	NA	NA	NA	NA	NA	NA	NA	NA	NA	NA	NA	NA	NA	NA	NA	NA	NA	NA	NA	NA	NA	NA	NA	NA	NA	NA	NA	NA	NA	NA	NA	NA	NA	NA	NA	NA	NA	NA	NA	NA	NA	0.00774293	NA	NA	NA	NA	NA	NA	NA	NA	NA
Rat198_bin.52	NA	NA	NA	NA	NA	NA	NA	NA	NA	NA	NA	NA	NA	0.00597823	NA	NA	NA	NA	NA	NA	NA	NA	NA	NA	NA	NA	NA	NA	NA	NA	NA	NA	NA	NA	NA	NA	NA	NA	0.00509347	NA	NA	NA	NA	0.00388060	NA	NA	NA	NA	NA	NA	NA	NA	NA
Rat198_bin.56	NA	NA	NA	NA	NA	NA	NA	NA	NA	NA	NA	NA	NA	NA	NA	NA	NA	NA	NA	NA	NA	NA	NA	NA	NA	NA	NA	NA	NA	NA	NA	NA	NA	NA	NA	NA	NA	NA	NA	NA	NA	NA	NA	0.00572859	NA	NA	NA	NA	NA	NA	NA	NA	NA
Rat198_bin.6	NA	NA	NA	NA	NA	NA	NA	NA	NA	NA	NA	NA	NA	NA	NA	NA	NA	NA	NA	NA	NA	NA	NA	NA	NA	NA	NA	NA	NA	NA	NA	NA	NA	NA	NA	NA	NA	NA	NA	NA	NA	NA	NA	0.01360633	NA	NA	NA	NA	NA	NA	NA	NA	NA
Rat198_bin.62	NA	NA	NA	NA	0.00623248	NA	NA	NA	NA	0.00756182	NA	NA	NA	NA	NA	NA	NA	NA	NA	NA	NA	NA	NA	NA	NA	NA	NA	NA	NA	NA	NA	NA	NA	NA	NA	NA	NA	NA	NA	NA	NA	NA	NA	0.00549345	NA	NA	NA	NA	NA	NA	NA	NA	NA
Rat198_bin.63	NA	NA	NA	NA	NA	NA	NA	NA	NA	NA	NA	NA	NA	NA	NA	NA	NA	NA	NA	NA	NA	NA	NA	NA	NA	NA	NA	NA	NA	NA	NA	NA	NA	NA	NA	NA	NA	NA	NA	NA	NA	NA	NA	0.00684822	NA	NA	NA	NA	NA	NA	NA	0.01228447	NA
Rat198_bin.8	NA	NA	NA	NA	NA	NA	NA	NA	NA	0.00511319	NA	NA	NA	NA	NA	NA	NA	NA	NA	NA	NA	NA	NA	NA	NA	NA	NA	NA	NA	NA	NA	NA	NA	NA	NA	NA	NA	NA	NA	NA	NA	NA	NA	0.00693607	NA	NA	NA	NA	NA	NA	NA	NA	NA
Rat201_bin.1	NA	NA	NA	NA	NA	0.00244294	NA	NA	NA	0.00130094	NA	NA	NA	NA	NA	NA	NA	NA	NA	NA	NA	NA	NA	NA	0.00224641	0.00123616	NA	NA	NA	NA	NA	NA	NA	NA	NA	NA	NA	NA	NA	NA	0.00084964	NA	NA	NA	0.00037237	NA	NA	NA	NA	NA	NA	NA	NA
Rat21_bin.11	0.01025458	0.00393573	NA	NA	NA	0.00270273	0.00281761	0.00260868	NA	0.00202427	NA	NA	NA	NA	NA	0.00665611	NA	NA	0.00308075	NA	0.00701515	0.00543850	0.00397702	0.00899869	0.00416881	0.00783360	0.00796088	NA	NA	NA	NA	NA	NA	NA	NA	NA	NA	NA	NA	NA	NA	NA	NA	0.00563802	NA	NA	NA	NA	NA	NA	NA	NA	NA
Rat21_bin.12	NA	NA	NA	NA	NA	0.00157593	NA	NA	NA	0.00053233	NA	NA	NA	NA	NA	NA	NA	NA	NA	NA	NA	NA	NA	NA	0.00212526	0.00103804	NA	NA	NA	NA	NA	NA	NA	NA	NA	NA	NA	NA	NA	NA	NA	NA	NA	NA	NA	NA	NA	NA	NA	0.00151396	NA	NA	NA
Rat21_bin.14	NA	NA	NA	NA	NA	NA	NA	NA	NA	0.00695180	NA	0.00713236	NA	NA	NA	NA	NA	NA	NA	NA	NA	NA	NA	NA	NA	NA	NA	NA	NA	NA	NA	NA	NA	NA	NA	NA	NA	NA	NA	NA	NA	NA	NA	NA	NA	NA	NA	NA	NA	NA	NA	NA	NA
Rat21_bin.17	NA	0.00888267	NA	NA	NA	NA	NA	0.00489125	NA	0.00222438	NA	NA	NA	0.00404831	NA	0.00407827	NA	NA	0.00460771	NA	NA	0.00295595	NA	NA	NA	NA	NA	NA	NA	NA	NA	NA	NA	NA	NA	NA	NA	NA	NA	NA	NA	NA	NA	NA	NA	NA	NA	NA	NA	NA	NA	NA	NA
Rat21_bin.19	0.00243936	0.00078269	NA	NA	NA	0.00549940	0.00101254	NA	NA	0.00113487	NA	NA	NA	NA	NA	0.00513059	NA	NA	NA	NA	NA	NA	NA	NA	NA	NA	NA	NA	NA	NA	NA	NA	NA	NA	NA	NA	NA	NA	NA	0.00413375	NA	NA	NA	NA	NA	0.00525656	NA	NA	NA	NA	NA	NA	NA
Rat21_bin.2	NA	NA	NA	NA	NA	NA	NA	NA	NA	0.00143348	NA	NA	NA	NA	NA	NA	NA	NA	NA	NA	NA	NA	NA	NA	NA	NA	NA	NA	NA	NA	NA	NA	NA	NA	NA	NA	NA	NA	NA	NA	NA	NA	NA	NA	NA	NA	NA	NA	NA	NA	NA	NA	NA
Rat21_bin.20	0.00632591	0.00518825	NA	NA	NA	0.00618139	0.00119769	0.00466608	NA	0.00300135	NA	NA	NA	0.00750054	NA	0.00704812	NA	NA	0.00513552	NA	NA	NA	0.00514651	NA	NA	NA	NA	NA	NA	NA	NA	NA	NA	NA	NA	NA	NA	NA	NA	NA	NA	NA	NA	NA	NA	NA	NA	NA	NA	NA	NA	NA	NA
Rat21_bin.22	NA	NA	NA	NA	NA	0.00207083	NA	0.00394433	NA	0.00124788	NA	NA	NA	0.00339132	NA	0.00202830	NA	NA	0.00299320	NA	NA	NA	NA	NA	0.00444308	0.00119640	NA	NA	NA	NA	NA	NA	NA	NA	NA	NA	NA	NA	NA	NA	NA	NA	NA	NA	NA	NA	NA	NA	NA	NA	NA	NA	NA
Rat21_bin.23	NA	NA	NA	NA	NA	0.00074008	NA	NA	NA	0.00074800	NA	NA	NA	NA	NA	NA	NA	NA	NA	NA	NA	NA	NA	NA	NA	NA	NA	NA	NA	NA	NA	NA	NA	NA	NA	NA	NA	NA	NA	NA	NA	NA	NA	NA	NA	NA	NA	NA	NA	NA	NA	NA	NA
Rat21_bin.28	0.00331767	0.00546358	NA	NA	0.00564924	NA	0.00380833	NA	NA	0.00208073	NA	NA	NA	NA	NA	NA	NA	NA	0.00458376	NA	NA	0.00226890	NA	NA	0.00124913	0.00082743	NA	NA	NA	NA	NA	NA	NA	NA	NA	NA	NA	NA	NA	0.00043575	NA	NA	NA	NA	NA	NA	NA	NA	NA	NA	NA	NA	NA
Rat21_bin.29	0.00303173	NA	NA	0.00338648	NA	NA	0.00366978	NA	NA	0.00328130	NA	0.00346289	0.00354999	NA	0.00394024	NA	0.00267416	NA	NA	NA	NA	NA	NA	NA	NA	NA	NA	NA	NA	NA	NA	NA	NA	NA	NA	NA	NA	NA	NA	NA	NA	NA	NA	NA	NA	NA	NA	NA	NA	NA	NA	NA	NA
Rat21_bin.32	NA	NA	NA	NA	NA	NA	NA	NA	NA	0.00636669	NA	NA	NA	NA	NA	NA	NA	NA	NA	NA	NA	NA	NA	NA	NA	NA	NA	NA	NA	NA	NA	NA	NA	NA	NA	NA	NA	NA	NA	NA	NA	NA	NA	NA	NA	NA	NA	NA	NA	NA	NA	NA	NA
Rat21_bin.33	NA	NA	NA	NA	NA	NA	NA	NA	NA	0.00525958	NA	NA	NA	NA	NA	NA	NA	NA	NA	NA	NA	NA	NA	NA	NA	NA	NA	NA	NA	NA	NA	NA	NA	NA	NA	NA	NA	NA	NA	NA	NA	NA	NA	0.00844721	NA	NA	NA	NA	NA	NA	NA	NA	NA
Rat21_bin.37	NA	NA	NA	NA	NA	0.01054013	NA	NA	NA	0.00086008	NA	0.01276813	NA	NA	NA	0.01538782	NA	NA	NA	NA	NA	NA	NA	NA	NA	NA	NA	NA	NA	NA	NA	NA	NA	NA	NA	NA	NA	NA	NA	NA	NA	NA	NA	NA	NA	NA	NA	NA	NA	NA	NA	NA	NA
Rat21_bin.38	0.00381345	NA	NA	NA	0.00406068	NA	NA	NA	NA	0.00286077	NA	0.00404788	NA	NA	NA	NA	0.00420860	NA	NA	NA	NA	NA	NA	NA	NA	NA	NA	NA	NA	NA	NA	NA	NA	NA	NA	NA	NA	NA	NA	NA	NA	NA	NA	NA	NA	NA	NA	NA	NA	NA	NA	NA	NA
Rat21_bin.39	NA	NA	NA	NA	NA	NA	NA	NA	NA	0.00126714	NA	NA	NA	0.00179794	NA	NA	NA	NA	NA	NA	NA	NA	NA	NA	NA	NA	NA	NA	NA	NA	NA	NA	NA	NA	NA	NA	NA	NA	NA	NA	NA	NA	NA	NA	NA	NA	NA	NA	NA	NA	NA	NA	0.00072105
Rat21_bin.4	NA	NA	NA	NA	NA	NA	NA	NA	NA	0.00069094	NA	NA	NA	NA	NA	NA	NA	NA	0.00067473	NA	NA	NA	NA	NA	NA	NA	NA	NA	NA	NA	NA	NA	NA	NA	NA	NA	NA	NA	NA	NA	NA	NA	NA	NA	NA	NA	NA	NA	NA	NA	NA	NA	NA
Rat21_bin.40	NA	0.00435079	NA	NA	NA	NA	NA	NA	NA	0.00074325	NA	NA	NA	0.00315103	NA	0.00347119	NA	NA	NA	NA	NA	0.00312403	NA	NA	NA	NA	0.00332354	NA	NA	NA	NA	NA	NA	NA	NA	NA	NA	NA	NA	NA	NA	NA	NA	NA	NA	NA	NA	NA	NA	NA	NA	NA	NA
Rat21_bin.41	NA	NA	NA	NA	0.00206900	NA	0.00114989	NA	NA	0.00053087	NA	NA	NA	NA	NA	NA	NA	NA	NA	NA	NA	NA	NA	NA	NA	NA	NA	NA	NA	NA	NA	NA	NA	0.00144056	NA	NA	NA	NA	NA	NA	NA	NA	NA	NA	NA	NA	NA	NA	NA	NA	NA	NA	0.00077205
Rat21_bin.42	0.00209877	0.00250906	0.00453815	0.00608359	0.00189055	0.00250740	0.00270452	0.00224652	0.00554380	0.00167281	NA	0.00753109	0.00549704	0.00258776	NA	0.00279411	NA	NA	NA	NA	NA	NA	NA	0.00399206	NA	NA	0.00444822	NA	NA	NA	NA	NA	NA	NA	NA	NA	NA	NA	0.00257271	0.00406495	NA	NA	NA	NA	NA	0.00591459	0.00303345	0.00549833	0.00688515	NA	0.00285488	NA	NA
Rat21_bin.43	0.00398380	0.00301514	NA	NA	NA	NA	0.00377117	0.00349442	NA	0.00210881	NA	0.00095031	NA	NA	NA	NA	NA	NA	0.00377681	NA	NA	NA	NA	NA	NA	0.00283666	NA	NA	NA	NA	NA	NA	NA	NA	NA	NA	NA	NA	0.00154533	NA	NA	NA	NA	NA	NA	NA	NA	NA	NA	NA	NA	NA	NA
Rat21_bin.44	0.01167960	0.00988100	NA	NA	NA	0.00935322	0.00620487	0.00819689	NA	0.00547944	NA	NA	NA	0.01451618	NA	0.01535379	NA	NA	0.01107901	NA	0.01126734	0.01271362	0.01584720	NA	0.01049179	0.01166444	0.00757401	NA	NA	NA	NA	NA	NA	NA	NA	NA	NA	NA	0.00070102	NA	NA	NA	NA	0.01392997	NA	NA	NA	NA	NA	NA	NA	NA	NA
Rat21_bin.46	NA	NA	NA	NA	NA	NA	NA	NA	NA	0.00337838	NA	NA	NA	NA	NA	NA	NA	NA	NA	NA	NA	0.00290197	NA	NA	NA	NA	NA	NA	NA	NA	NA	NA	NA	NA	NA	NA	NA	NA	NA	NA	NA	NA	NA	NA	NA	NA	NA	NA	NA	NA	NA	NA	NA
Rat21_bin.47	0.00125970	NA	NA	NA	NA	NA	NA	NA	NA	0.00313545	NA	NA	NA	NA	NA	NA	NA	NA	0.00599889	NA	0.00104541	0.00192361	NA	NA	NA	NA	NA	NA	NA	NA	NA	NA	NA	NA	NA	NA	NA	NA	NA	NA	NA	NA	NA	NA	NA	NA	NA	NA	NA	NA	NA	NA	NA
Rat21_bin.48	NA	NA	NA	NA	NA	NA	NA	NA	NA	0.00934148	NA	NA	NA	0.01072126	NA	NA	0.00698802	NA	NA	NA	NA	NA	NA	NA	NA	NA	NA	NA	NA	NA	NA	NA	NA	NA	NA	NA	NA	NA	NA	NA	NA	NA	NA	0.01299073	NA	NA	0.00562483	NA	NA	NA	NA	NA	0.00550694
Rat21_bin.49	NA	NA	NA	NA	NA	0.00099655	NA	NA	NA	0.00255810	NA	NA	NA	NA	NA	0.00104720	NA	NA	NA	NA	NA	NA	NA	NA	NA	NA	NA	NA	NA	NA	NA	NA	NA	NA	NA	NA	NA	NA	NA	NA	NA	NA	NA	NA	NA	NA	NA	NA	NA	NA	NA	NA	NA
Rat21_bin.50	NA	0.00600172	NA	NA	NA	0.00825778	0.00773896	NA	NA	0.00969972	NA	NA	NA	NA	NA	NA	NA	NA	NA	NA	NA	NA	NA	NA	NA	NA	NA	NA	NA	NA	NA	NA	NA	NA	NA	NA	NA	NA	NA	NA	NA	NA	NA	0.00739845	NA	NA	NA	NA	NA	0.00522729	NA	NA	NA
Rat21_bin.51	NA	0.00315081	NA	NA	NA	0.00069426	NA	0.00517056	NA	0.00180129	NA	NA	NA	NA	NA	0.00225037	NA	NA	0.00323841	NA	NA	NA	NA	0.00152290	NA	0.00047666	NA	NA	NA	NA	NA	NA	NA	NA	NA	NA	NA	NA	NA	NA	NA	NA	NA	NA	NA	NA	NA	NA	NA	NA	NA	NA	NA
Rat21_bin.52	0.00155787	0.00211113	NA	NA	NA	0.00146038	0.00171572	0.00180081	NA	0.00089306	NA	NA	NA	0.00231736	NA	0.00158289	NA	NA	0.00189558	NA	NA	0.00120422	0.00095652	NA	0.00092074	NA	NA	NA	NA	NA	NA	NA	NA	NA	NA	NA	NA	NA	NA	NA	NA	NA	NA	NA	NA	NA	0.00048670	NA	NA	NA	NA	NA	NA
Rat21_bin.53	NA	0.00155407	NA	NA	NA	0.00349050	NA	NA	NA	0.00179874	NA	NA	NA	0.00203678	NA	0.00173138	NA	NA	0.00254275	NA	NA	0.00116159	0.00090195	NA	0.00058281	NA	NA	NA	NA	NA	NA	NA	NA	NA	NA	NA	NA	NA	NA	NA	NA	NA	NA	0.00152390	NA	NA	NA	NA	NA	NA	NA	NA	NA
Rat21_bin.54	0.00218298	0.00188039	NA	NA	NA	0.00187183	0.00321916	0.00204625	NA	0.00108540	NA	NA	NA	0.00462752	NA	0.00442193	NA	NA	0.00230749	NA	NA	0.00281288	0.00132660	NA	NA	NA	NA	NA	NA	NA	NA	NA	NA	NA	NA	NA	NA	NA	NA	NA	NA	NA	NA	NA	NA	NA	NA	NA	NA	NA	NA	NA	NA
Rat21_bin.55	NA	NA	NA	NA	NA	NA	NA	NA	NA	0.00712436	NA	NA	NA	NA	NA	NA	NA	NA	NA	NA	NA	NA	NA	NA	NA	NA	NA	NA	NA	NA	NA	NA	NA	NA	NA	NA	NA	NA	NA	NA	NA	NA	NA	0.00540376	NA	NA	NA	NA	NA	NA	NA	NA	NA
Rat21_bin.56	0.00700916	0.00281733	NA	0.00826025	0.00236573	0.00187179	0.00179534	0.00695509	0.01398223	0.00157037	NA	0.00513376	0.00961556	0.00716626	NA	0.00688300	NA	NA	0.00816879	0.00179703	0.00917275	0.00721371	NA	0.00846715	0.00265676	0.00760761	0.00391769	0.00760956	NA	NA	0.00662760	0.00691794	NA	0.00470302	NA	NA	NA	NA	NA	NA	NA	NA	NA	NA	NA	NA	NA	NA	NA	NA	NA	NA	NA
Rat21_bin.6	0.00346167	0.00528484	NA	NA	0.00221020	0.00223478	0.00282320	0.00262745	NA	0.00283954	NA	NA	NA	0.00595452	NA	0.00620928	NA	NA	0.00412110	NA	0.00158206	0.00272647	0.00228128	0.00168133	0.00085638	0.00296312	0.00210862	NA	NA	NA	NA	NA	NA	NA	NA	NA	NA	NA	NA	0.00185611	NA	NA	NA	0.00307770	NA	NA	0.00200285	NA	NA	NA	NA	NA	0.00138050
Rat21_bin.60	NA	NA	NA	NA	NA	NA	NA	NA	NA	0.00095920	NA	NA	NA	NA	NA	NA	NA	NA	NA	NA	NA	NA	NA	NA	NA	NA	NA	NA	NA	NA	NA	NA	NA	NA	NA	NA	NA	NA	NA	NA	NA	NA	NA	NA	NA	NA	NA	NA	NA	NA	NA	NA	NA
Rat21_bin.61	NA	NA	NA	NA	NA	NA	NA	NA	NA	0.01112252	NA	NA	NA	0.00868385	NA	NA	NA	NA	NA	NA	NA	NA	NA	NA	NA	NA	NA	NA	NA	NA	NA	NA	NA	NA	NA	NA	NA	NA	NA	NA	NA	NA	NA	0.01052238	NA	NA	NA	NA	NA	NA	NA	NA	0.00560946
Rat21_bin.62	NA	0.00061161	0.00164834	0.00235569	NA	0.00244917	0.00104640	0.00160394	0.00183336	0.00190686	NA	0.00317959	0.00224222	0.00212540	NA	0.00212187	NA	NA	0.00106890	NA	NA	NA	0.00122466	NA	NA	NA	0.00105417	NA	NA	0.00150598	NA	NA	NA	NA	NA	NA	NA	NA	NA	0.00377710	NA	NA	NA	NA	NA	0.00299617	0.00070430	0.00299578	0.00284852	NA	0.00142730	0.00267806	NA
Rat21_bin.63	0.00418800	NA	NA	NA	NA	0.00335361	0.00250138	0.00135460	NA	0.00113778	NA	NA	NA	NA	NA	NA	NA	NA	0.00231257	NA	0.00267948	0.00226136	0.00313151	NA	NA	NA	0.00235859	NA	NA	NA	NA	NA	NA	NA	NA	NA	NA	NA	NA	NA	NA	NA	NA	NA	NA	NA	NA	NA	NA	NA	NA	NA	NA
Rat21_bin.65	0.00495179	0.00301194	NA	NA	0.00324888	0.00321831	0.00343952	0.00223565	NA	0.00342299	NA	NA	NA	0.00421939	NA	0.00408762	NA	NA	0.00246309	NA	0.00183048	0.00204012	0.00296160	NA	0.00090689	0.00272632	NA	NA	NA	NA	NA	NA	NA	NA	NA	NA	NA	NA	NA	0.00228055	NA	NA	NA	NA	NA	NA	0.00203081	NA	NA	NA	NA	NA	NA
Rat21_bin.67	NA	NA	NA	NA	NA	NA	NA	NA	NA	0.00151294	NA	NA	NA	0.01285082	NA	0.01312971	NA	NA	NA	NA	NA	NA	NA	NA	NA	NA	NA	NA	NA	NA	NA	NA	NA	NA	NA	NA	NA	NA	NA	NA	NA	NA	NA	NA	NA	NA	NA	NA	NA	NA	NA	NA	NA
Rat21_bin.71	0.00097203	NA	NA	NA	0.00167625	0.00082934	NA	0.00084243	0.00068784	0.00108815	NA	NA	NA	0.00168053	NA	NA	NA	NA	0.00169979	0.00046984	NA	NA	NA	NA	NA	NA	NA	NA	NA	NA	NA	0.00137825	NA	NA	NA	NA	NA	NA	NA	NA	NA	NA	NA	NA	NA	NA	NA	NA	NA	NA	NA	NA	NA
Rat21_bin.73	0.00525091	0.00587949	NA	NA	NA	NA	NA	0.00540235	NA	0.00420626	NA	NA	NA	NA	NA	NA	NA	NA	NA	NA	NA	NA	0.00303951	NA	NA	NA	NA	NA	NA	NA	NA	NA	NA	NA	NA	NA	NA	NA	NA	NA	NA	NA	NA	NA	NA	NA	NA	NA	NA	NA	NA	NA	NA
Rat222_bin.1	NA	NA	NA	0.00182347	NA	NA	NA	NA	NA	NA	NA	0.00308034	NA	NA	NA	NA	NA	NA	NA	NA	NA	NA	NA	NA	NA	NA	NA	NA	NA	NA	NA	NA	NA	NA	NA	NA	NA	NA	NA	NA	NA	NA	0.00102967	NA	NA	0.00276536	NA	NA	0.00146210	NA	NA	NA	NA
Rat222_bin.10	NA	NA	NA	NA	NA	NA	NA	NA	NA	NA	NA	NA	NA	NA	NA	NA	NA	NA	NA	0.00060701	NA	NA	NA	NA	NA	NA	NA	NA	NA	NA	NA	NA	NA	NA	NA	NA	NA	NA	NA	NA	NA	NA	NA	NA	NA	0.00133081	0.00087344	NA	NA	NA	NA	NA	NA
Rat222_bin.11	0.00276052	0.00241302	0.00338752	0.00418729	NA	0.00238420	NA	NA	0.00404892	0.00207117	0.00187338	0.00551412	0.00389682	NA	NA	0.00288841	NA	NA	NA	NA	NA	NA	0.00210803	0.00256601	NA	NA	0.00308817	NA	NA	NA	NA	NA	NA	NA	NA	NA	NA	NA	NA	0.00380442	NA	NA	0.00139445	NA	NA	0.00390920	0.00181373	0.00316282	0.00363902	NA	0.00182481	NA	NA
Rat222_bin.13	NA	0.00102807	0.00204805	0.00231661	NA	0.00386109	NA	0.00304248	0.00194906	0.00278179	0.00131539	0.00318018	0.00235203	NA	NA	0.00277951	NA	NA	NA	NA	NA	NA	0.00301141	NA	NA	NA	0.00166424	NA	0.00078498	0.00191302	NA	0.00191552	NA	NA	NA	NA	NA	NA	NA	0.00507824	NA	NA	NA	NA	NA	0.00145037	0.00089492	0.00388192	0.00380227	NA	0.00198440	0.00367440	NA
Rat222_bin.14	NA	NA	NA	NA	NA	NA	NA	NA	NA	NA	NA	0.00077727	NA	NA	NA	NA	NA	NA	0.00789349	NA	NA	NA	NA	NA	NA	NA	NA	NA	NA	NA	NA	0.00108558	NA	NA	NA	NA	NA	NA	0.00063429	NA	NA	NA	NA	NA	NA	0.00131510	0.00062634	NA	NA	NA	NA	NA	NA
Rat222_bin.17	NA	0.01734393	0.01066760	0.01932489	0.01760163	NA	NA	0.01895326	0.01968814	NA	NA	0.02288175	0.02107911	NA	NA	NA	NA	0.01852422	0.01653190	0.00962900	NA	NA	NA	NA	NA	NA	0.01805224	0.02057370	NA	NA	0.01432612	0.01513579	0.02026320	NA	NA	NA	NA	NA	0.00504059	0.02032709	0.02494738	0.01016938	0.00268002	NA	NA	0.00203592	0.00317811	0.00957568	0.02038912	0.01807684	0.02211429	0.02080171	0.01633975
Rat222_bin.18	NA	NA	NA	NA	NA	NA	NA	NA	NA	NA	NA	NA	NA	NA	NA	NA	NA	NA	NA	0.00055737	NA	NA	NA	NA	NA	NA	NA	NA	NA	NA	NA	NA	NA	NA	NA	NA	NA	NA	NA	NA	NA	NA	0.00191279	NA	NA	0.00170503	NA	NA	0.00129289	NA	NA	NA	NA
Rat222_bin.2	NA	NA	NA	0.00081163	NA	NA	NA	NA	NA	NA	NA	NA	NA	NA	NA	NA	NA	NA	NA	NA	NA	NA	NA	NA	NA	NA	NA	NA	NA	NA	NA	NA	NA	NA	NA	NA	NA	NA	0.00148870	NA	NA	NA	NA	NA	NA	0.00217836	NA	NA	NA	NA	NA	NA	NA
Rat222_bin.21	NA	NA	NA	NA	NA	NA	NA	NA	NA	NA	NA	NA	0.00326535	NA	NA	NA	NA	NA	NA	NA	NA	NA	NA	NA	NA	NA	NA	NA	NA	NA	NA	NA	NA	NA	NA	NA	NA	NA	NA	NA	NA	NA	NA	0.00709727	NA	0.00181865	NA	NA	NA	NA	NA	NA	NA
Rat222_bin.22	NA	NA	NA	NA	NA	NA	NA	NA	NA	NA	NA	NA	NA	NA	NA	NA	NA	NA	NA	NA	NA	NA	NA	NA	NA	NA	NA	NA	NA	NA	NA	NA	NA	NA	NA	NA	NA	NA	NA	NA	NA	NA	NA	NA	NA	0.00161435	NA	NA	NA	NA	NA	0.00558200	NA
Rat222_bin.23	NA	NA	NA	NA	NA	NA	NA	NA	NA	NA	NA	NA	NA	NA	NA	NA	NA	NA	NA	0.00223257	NA	NA	NA	NA	NA	NA	NA	NA	NA	NA	NA	0.00238564	NA	NA	NA	NA	NA	NA	0.00336105	NA	NA	NA	NA	NA	NA	0.00120141	0.00198035	0.00152055	0.00305487	0.00343567	0.00393421	0.00185433	0.00294326
Rat222_bin.24	NA	NA	NA	NA	NA	NA	NA	NA	NA	NA	NA	NA	0.00119815	NA	NA	NA	0.00098161	NA	NA	NA	NA	NA	NA	NA	NA	NA	NA	NA	NA	NA	NA	NA	NA	NA	NA	NA	NA	NA	NA	NA	NA	NA	NA	NA	NA	0.00168634	NA	NA	NA	NA	NA	NA	NA
Rat222_bin.25	NA	NA	NA	NA	NA	NA	NA	NA	NA	NA	NA	NA	NA	NA	NA	NA	NA	NA	NA	NA	NA	NA	NA	NA	NA	NA	NA	NA	NA	NA	NA	NA	NA	NA	NA	NA	NA	NA	NA	NA	NA	NA	NA	NA	NA	0.00099365	NA	0.00072598	NA	NA	NA	NA	NA
Rat222_bin.3	NA	NA	NA	0.00055576	NA	NA	NA	NA	NA	NA	NA	NA	NA	NA	NA	NA	NA	NA	NA	NA	NA	NA	NA	NA	NA	NA	NA	NA	NA	NA	NA	NA	NA	NA	NA	NA	0.00073611	NA	0.00104260	NA	NA	NA	NA	NA	NA	0.00109796	NA	NA	0.00090352	0.00090306	0.00581062	NA	0.00379154
Rat222_bin.4	NA	NA	0.00039161	NA	NA	NA	NA	NA	NA	NA	0.00021022	NA	NA	NA	NA	NA	NA	NA	NA	NA	NA	NA	NA	NA	NA	NA	NA	NA	NA	NA	NA	0.00053548	NA	NA	NA	NA	NA	NA	NA	NA	NA	NA	NA	NA	NA	0.00112982	0.00074529	NA	NA	NA	NA	NA	NA
Rat222_bin.5	NA	NA	0.00103724	0.00138229	NA	NA	NA	NA	0.00241139	NA	NA	0.00321340	0.00100921	NA	NA	NA	NA	NA	NA	NA	NA	NA	NA	NA	NA	NA	NA	NA	NA	NA	0.00194198	NA	NA	NA	NA	NA	NA	NA	NA	NA	NA	NA	NA	NA	NA	0.00200495	0.00267458	NA	NA	NA	0.00150914	NA	NA
Rat222_bin.7	NA	NA	NA	NA	NA	NA	NA	NA	NA	NA	NA	NA	NA	NA	NA	NA	0.00176373	NA	NA	NA	NA	NA	NA	NA	NA	NA	NA	NA	NA	NA	NA	NA	NA	NA	NA	NA	NA	NA	0.00188909	0.00369781	NA	NA	NA	NA	NA	0.00185034	NA	NA	NA	NA	NA	NA	NA
Rat222_bin.8	NA	NA	NA	NA	NA	NA	NA	NA	NA	NA	NA	NA	NA	NA	NA	NA	NA	NA	NA	NA	NA	NA	NA	NA	NA	NA	NA	NA	NA	NA	NA	NA	NA	NA	NA	NA	NA	NA	NA	NA	NA	NA	NA	NA	NA	0.00163512	NA	NA	NA	NA	NA	0.00097887	NA
Rat222_bin.9	NA	NA	NA	NA	NA	NA	NA	NA	NA	NA	NA	NA	NA	NA	NA	NA	NA	NA	NA	NA	NA	NA	NA	NA	NA	NA	NA	NA	NA	NA	NA	NA	NA	NA	NA	NA	NA	NA	0.00136973	NA	NA	NA	NA	0.01629949	NA	0.00076647	NA	NA	NA	NA	NA	NA	NA
Rat225_bin.1	NA	NA	NA	NA	NA	NA	NA	NA	0.00068254	NA	NA	NA	NA	NA	NA	NA	NA	NA	NA	0.00118638	NA	NA	NA	NA	NA	NA	NA	NA	NA	NA	NA	0.00224777	0.00078498	NA	NA	NA	NA	NA	NA	NA	NA	NA	NA	NA	NA	NA	0.00344056	NA	NA	NA	NA	NA	NA
Rat225_bin.10	NA	NA	0.00038094	NA	NA	NA	NA	NA	NA	NA	NA	0.00065473	0.00052333	NA	NA	NA	NA	NA	NA	0.00043998	NA	NA	NA	NA	NA	NA	NA	NA	NA	NA	NA	NA	NA	NA	NA	NA	NA	NA	NA	NA	NA	NA	0.00041360	NA	NA	NA	0.00111516	NA	NA	0.00071115	NA	NA	0.00075764
Rat225_bin.11	NA	NA	NA	0.00145185	NA	NA	NA	NA	NA	NA	NA	NA	NA	NA	NA	NA	NA	NA	NA	0.00218584	NA	NA	NA	NA	NA	NA	NA	NA	NA	NA	NA	0.00244870	NA	NA	NA	NA	NA	NA	NA	NA	NA	0.00180763	NA	NA	NA	NA	0.00092520	NA	NA	NA	NA	NA	NA
Rat225_bin.12	NA	NA	0.00063736	NA	NA	NA	NA	NA	NA	NA	NA	NA	NA	NA	NA	NA	NA	NA	NA	0.00053435	NA	NA	NA	NA	NA	NA	NA	NA	NA	NA	NA	0.00110356	NA	NA	NA	NA	NA	NA	NA	NA	NA	NA	NA	NA	NA	0.00072255	0.00187788	0.00104331	0.00127256	NA	0.00089018	0.00084264	0.00094330
Rat225_bin.13	NA	NA	NA	NA	NA	NA	NA	NA	NA	NA	NA	NA	NA	NA	NA	NA	NA	NA	NA	NA	NA	NA	NA	NA	NA	NA	NA	NA	NA	NA	NA	NA	NA	NA	NA	NA	0.00052881	NA	NA	NA	NA	NA	NA	NA	NA	NA	0.00190485	NA	NA	NA	NA	NA	NA
Rat225_bin.14	NA	NA	NA	NA	NA	NA	NA	NA	NA	NA	NA	0.00062230	NA	0.00056277	NA	NA	NA	NA	NA	NA	NA	NA	NA	NA	NA	NA	NA	NA	NA	NA	NA	0.00087294	NA	NA	NA	NA	NA	NA	NA	NA	NA	NA	NA	NA	NA	NA	0.00078777	NA	NA	NA	NA	NA	NA
Rat225_bin.15	NA	NA	NA	NA	NA	NA	NA	NA	NA	NA	NA	NA	NA	NA	NA	NA	NA	NA	NA	NA	NA	NA	NA	NA	NA	NA	NA	0.00053710	NA	NA	NA	NA	NA	NA	NA	NA	NA	NA	NA	NA	NA	NA	NA	NA	NA	NA	0.00094263	NA	NA	NA	NA	NA	NA
Rat225_bin.16	NA	NA	NA	0.00037768	NA	NA	NA	NA	NA	NA	NA	NA	NA	NA	NA	NA	0.00053160	NA	NA	NA	NA	NA	NA	NA	NA	NA	NA	NA	NA	NA	NA	NA	NA	NA	NA	NA	NA	NA	NA	NA	NA	NA	NA	NA	NA	NA	0.00076362	NA	NA	NA	NA	NA	NA
Rat225_bin.17	0.00415620	0.00410230	NA	NA	0.00563228	0.00257251	0.00450636	0.00521014	NA	0.00345700	NA	NA	NA	0.00236662	NA	0.00418015	NA	NA	0.00423150	NA	0.00282110	0.00484715	0.00511288	0.00376836	0.00473000	0.00244539	0.00440790	NA	NA	NA	NA	NA	NA	NA	NA	NA	NA	NA	NA	0.00786682	NA	NA	NA	NA	NA	NA	0.00068736	NA	NA	NA	NA	NA	NA
Rat225_bin.18	0.01033782	0.00381037	NA	NA	NA	0.00745446	0.00172378	0.00378607	NA	0.00360040	NA	NA	NA	NA	NA	0.00541892	NA	NA	0.00419637	NA	0.00458784	0.00326792	0.00467338	0.00415933	0.00879380	0.00271095	0.00096710	NA	NA	NA	NA	NA	NA	NA	NA	NA	NA	NA	NA	NA	NA	NA	NA	NA	NA	NA	0.00140428	NA	NA	NA	NA	NA	NA
Rat225_bin.19	NA	NA	NA	NA	NA	NA	NA	NA	NA	NA	NA	NA	NA	NA	0.00348453	NA	0.00596055	0.00496378	NA	NA	NA	NA	NA	NA	NA	NA	NA	NA	NA	NA	NA	NA	NA	0.00679693	NA	NA	NA	NA	0.00680232	NA	NA	NA	0.02186738	NA	NA	NA	0.00933392	NA	NA	NA	NA	NA	NA
Rat225_bin.20	NA	NA	NA	NA	NA	NA	NA	NA	0.00248579	NA	NA	NA	0.00263147	NA	0.00308715	NA	NA	NA	NA	0.00108724	NA	NA	NA	NA	NA	NA	NA	NA	0.00074386	NA	NA	NA	NA	NA	NA	NA	NA	NA	NA	NA	NA	NA	NA	NA	NA	NA	0.00077414	NA	NA	NA	NA	NA	NA
Rat225_bin.21	NA	NA	NA	NA	NA	NA	NA	NA	0.00080585	NA	0.00046353	0.00069086	NA	NA	NA	NA	NA	NA	NA	0.00049512	NA	NA	NA	0.00067979	NA	NA	NA	NA	NA	NA	NA	NA	NA	NA	NA	NA	NA	NA	NA	NA	NA	0.00151232	NA	NA	NA	0.00108058	0.00096667	0.00198568	NA	NA	NA	NA	NA
Rat225_bin.23	NA	NA	NA	0.01520852	0.00858898	NA	NA	0.01409431	NA	NA	NA	NA	NA	NA	NA	NA	NA	NA	0.01939363	NA	0.00388868	0.01253427	NA	0.00557353	NA	NA	NA	NA	NA	NA	0.00940939	NA	NA	NA	NA	NA	NA	NA	0.00391269	NA	NA	NA	NA	NA	NA	NA	0.00178223	NA	NA	NA	NA	NA	NA
Rat225_bin.24	NA	NA	NA	NA	NA	NA	NA	NA	NA	NA	NA	NA	NA	NA	NA	NA	NA	NA	NA	NA	NA	0.00335082	NA	NA	0.00391948	NA	NA	NA	NA	NA	NA	NA	NA	0.00310819	NA	NA	NA	NA	NA	NA	NA	NA	NA	0.00933145	NA	NA	0.00437588	NA	NA	NA	NA	NA	NA
Rat225_bin.26	NA	NA	NA	0.00338693	NA	NA	NA	NA	0.00291789	NA	0.00329834	0.00074040	0.00389934	NA	NA	NA	NA	NA	NA	0.00348956	NA	NA	NA	NA	NA	NA	NA	NA	NA	NA	NA	NA	NA	NA	NA	NA	NA	NA	NA	NA	NA	0.00335847	NA	NA	NA	0.00264395	0.00114855	NA	NA	NA	NA	NA	NA
Rat225_bin.27	NA	NA	NA	NA	NA	NA	NA	NA	NA	NA	NA	NA	NA	NA	NA	NA	NA	NA	NA	NA	NA	NA	NA	NA	NA	NA	NA	NA	NA	NA	NA	NA	NA	NA	NA	NA	NA	NA	NA	NA	NA	NA	NA	NA	NA	NA	0.00135945	NA	NA	NA	NA	NA	NA
Rat225_bin.28	NA	NA	NA	NA	NA	NA	NA	NA	NA	NA	NA	NA	NA	NA	NA	NA	NA	NA	NA	NA	NA	NA	NA	NA	NA	NA	NA	NA	NA	NA	NA	NA	NA	NA	NA	NA	NA	NA	NA	NA	NA	NA	NA	0.00534565	NA	NA	0.00102355	NA	NA	NA	NA	NA	NA
Rat225_bin.3	NA	NA	NA	NA	NA	NA	NA	NA	0.00093922	NA	NA	NA	NA	NA	NA	NA	NA	NA	NA	0.00461094	NA	NA	NA	NA	NA	NA	NA	NA	NA	NA	NA	NA	NA	NA	NA	NA	NA	NA	NA	NA	NA	NA	NA	NA	NA	NA	0.00103168	NA	NA	NA	0.00161755	NA	NA
Rat225_bin.31	NA	NA	0.00548160	NA	0.00486961	NA	NA	NA	NA	NA	NA	NA	NA	NA	NA	NA	NA	NA	NA	0.00289939	NA	NA	NA	NA	NA	NA	NA	NA	0.00279419	NA	NA	NA	NA	NA	NA	NA	NA	NA	NA	NA	NA	NA	NA	0.01110759	NA	0.00654166	0.00095296	0.00181703	NA	NA	NA	NA	NA
Rat225_bin.32	NA	NA	0.00085654	0.00140936	NA	NA	NA	NA	0.00435837	NA	NA	0.00105881	0.00253405	NA	0.00072617	NA	0.00129005	NA	NA	0.00082962	NA	NA	NA	NA	NA	NA	NA	NA	0.00134970	NA	NA	NA	0.00103294	NA	NA	NA	NA	NA	NA	NA	NA	0.00145903	0.00067212	NA	NA	NA	0.00149102	0.00370740	0.00346146	NA	NA	0.00455337	NA
Rat225_bin.33	NA	NA	NA	NA	NA	NA	NA	NA	NA	NA	NA	NA	0.00091782	0.00150600	0.00084810	NA	0.00108154	NA	NA	0.00075920	NA	NA	NA	NA	NA	NA	NA	NA	NA	NA	0.00134194	0.00221292	NA	NA	NA	NA	NA	NA	NA	NA	NA	NA	NA	NA	NA	0.00187900	0.00088117	NA	0.00143910	NA	NA	NA	NA
Rat225_bin.35	NA	NA	NA	0.00344533	NA	NA	NA	NA	NA	NA	NA	0.00149012	NA	NA	NA	NA	NA	NA	NA	NA	NA	NA	NA	NA	NA	NA	NA	NA	0.00224455	NA	NA	NA	0.00147770	NA	NA	NA	NA	NA	NA	NA	NA	NA	NA	NA	NA	NA	0.00174536	NA	NA	NA	NA	NA	NA
Rat225_bin.37	NA	NA	NA	NA	NA	NA	NA	NA	NA	NA	NA	NA	NA	NA	NA	NA	NA	NA	NA	NA	NA	NA	NA	NA	NA	NA	NA	NA	NA	NA	0.00074829	0.00225922	NA	NA	NA	NA	NA	NA	0.00077036	NA	NA	NA	NA	NA	NA	0.00121993	0.00073028	0.00115522	NA	NA	NA	NA	NA
Rat225_bin.38	NA	NA	NA	NA	NA	NA	NA	NA	NA	NA	NA	NA	NA	NA	NA	NA	NA	NA	NA	NA	NA	NA	NA	NA	NA	NA	NA	NA	NA	NA	NA	NA	NA	NA	NA	NA	NA	NA	NA	NA	NA	0.00103853	NA	NA	NA	NA	0.00102709	NA	NA	NA	0.00103035	NA	NA
Rat225_bin.39	0.00378771	0.00346445	0.00419697	0.00500106	NA	0.00340575	0.00481486	0.00431138	0.00479400	0.00255453	0.00383399	0.00757760	0.00482252	NA	NA	0.00385184	NA	NA	NA	NA	NA	NA	0.00366830	0.00339088	NA	NA	0.00428232	NA	NA	NA	NA	0.00170929	NA	NA	NA	NA	NA	NA	NA	0.00527196	NA	NA	NA	NA	NA	0.00444672	0.00186340	0.00521824	0.00528694	NA	0.00242324	NA	NA
Rat225_bin.4	0.00748997	0.00747736	NA	0.00972585	0.00795237	0.00801181	0.00663576	0.00710860	0.00854063	0.00931523	0.00907782	0.00882390	0.00818270	0.00869738	0.00856578	0.00868837	0.00664393	0.00565314	0.00738463	0.00812535	0.00263842	0.00840189	0.01041748	0.00293467	0.00660584	0.00940995	0.00209873	0.01016813	0.00889710	NA	0.01096653	0.00855985	0.00920626	0.00899772	NA	NA	NA	NA	NA	0.00848230	NA	NA	NA	0.01461471	NA	NA	0.00121452	NA	NA	NA	NA	NA	0.00550503
Rat225_bin.40	NA	NA	NA	NA	NA	NA	NA	NA	NA	NA	NA	NA	NA	NA	NA	NA	NA	NA	NA	NA	NA	NA	NA	NA	NA	NA	NA	0.00611917	NA	NA	0.00294211	NA	NA	NA	NA	NA	NA	NA	NA	NA	NA	0.00379784	NA	NA	NA	NA	0.00211284	NA	NA	0.00438457	NA	NA	0.00494418
Rat225_bin.42	NA	NA	0.00070749	0.00072740	NA	NA	NA	NA	0.00147357	NA	NA	0.00116472	0.00080926	NA	NA	NA	NA	NA	NA	NA	NA	NA	NA	NA	NA	NA	NA	NA	NA	NA	0.00083438	NA	NA	NA	NA	NA	NA	NA	NA	NA	NA	NA	NA	NA	NA	0.00165372	0.00174404	NA	NA	NA	0.00102429	NA	NA
Rat225_bin.43	NA	NA	NA	NA	0.01786137	NA	NA	NA	0.00137073	NA	NA	NA	NA	NA	0.01671512	NA	0.01455648	NA	NA	NA	NA	NA	NA	NA	NA	NA	NA	NA	NA	NA	NA	NA	NA	NA	NA	NA	NA	NA	NA	NA	NA	NA	NA	NA	NA	NA	0.00152601	NA	NA	NA	NA	NA	NA
Rat225_bin.45	0.00176146	0.00270567	0.00342159	0.00300968	0.00245962	0.00249855	0.00200148	NA	NA	NA	NA	0.00128608	0.00177107	NA	NA	0.00281543	NA	0.00085904	0.00251071	0.00099394	0.00192800	NA	0.00131712	0.00169571	NA	0.00127698	0.00095158	NA	NA	NA	NA	NA	NA	NA	NA	NA	NA	NA	0.00157000	0.00214691	0.00115402	0.00113742	NA	NA	NA	NA	0.00061657	NA	NA	NA	NA	NA	0.00243222
Rat225_bin.46	NA	NA	NA	0.00865759	NA	NA	NA	NA	NA	NA	NA	NA	NA	NA	0.00271834	NA	0.00170116	0.00171614	NA	NA	NA	NA	NA	NA	NA	NA	NA	0.00399059	NA	NA	NA	0.00323944	NA	0.00555634	NA	NA	NA	NA	NA	NA	NA	NA	NA	NA	NA	NA	0.00082147	NA	NA	NA	NA	NA	0.00140657
Rat225_bin.47	NA	NA	NA	NA	NA	NA	NA	NA	0.00095310	NA	NA	NA	NA	NA	0.00114311	NA	NA	NA	NA	NA	NA	NA	NA	NA	NA	NA	NA	NA	NA	NA	NA	NA	NA	NA	NA	NA	NA	NA	NA	NA	NA	NA	NA	NA	NA	NA	0.00104655	NA	NA	NA	NA	NA	NA
Rat225_bin.48	NA	NA	NA	NA	NA	NA	NA	NA	NA	NA	NA	0.00241101	0.00752353	NA	NA	NA	NA	NA	NA	0.00303230	NA	NA	NA	NA	NA	NA	NA	0.00038056	NA	NA	NA	NA	NA	NA	NA	NA	NA	NA	NA	NA	NA	NA	NA	NA	NA	NA	0.00516425	NA	NA	0.00077961	NA	0.00115881	NA
Rat225_bin.49	NA	NA	NA	0.00110692	NA	NA	NA	NA	NA	NA	NA	NA	NA	NA	NA	NA	NA	0.00060139	NA	0.00076945	NA	NA	NA	NA	NA	NA	NA	NA	NA	NA	NA	NA	NA	NA	NA	NA	NA	NA	NA	NA	NA	NA	0.00066738	NA	NA	0.00149947	0.00419092	NA	0.00238346	NA	NA	0.00504353	NA
Rat225_bin.5	NA	0.00139647	0.00160986	0.00149915	NA	0.00305789	0.00072505	0.00350133	0.00141364	0.00380043	0.00121969	0.00220673	0.00172499	NA	NA	0.00315361	NA	NA	NA	0.00041312	NA	NA	0.00113456	NA	NA	NA	0.00240787	NA	NA	0.00215265	NA	NA	NA	NA	NA	NA	NA	NA	NA	0.00166772	NA	NA	NA	NA	NA	0.00334907	0.00057731	0.00312899	NA	NA	0.00260872	NA	NA
Rat225_bin.50	NA	NA	NA	0.00218520	NA	NA	0.00355401	0.00367616	NA	NA	NA	NA	NA	NA	NA	NA	NA	NA	0.00343202	NA	0.00123824	0.00379469	NA	0.00248366	NA	0.00256221	0.00209802	NA	NA	NA	0.00089194	NA	NA	NA	NA	NA	NA	NA	NA	NA	NA	0.00257672	NA	NA	NA	NA	0.00113337	NA	NA	NA	NA	NA	NA
Rat225_bin.52	NA	NA	NA	NA	NA	NA	NA	NA	0.00078335	NA	NA	0.00109775	0.00309291	NA	NA	NA	NA	NA	NA	NA	NA	NA	NA	NA	NA	NA	NA	NA	NA	NA	0.00052596	NA	NA	NA	NA	NA	NA	NA	NA	NA	NA	NA	NA	NA	NA	NA	0.00273981	NA	NA	NA	NA	NA	NA
Rat225_bin.53	NA	NA	0.00346057	NA	NA	NA	NA	NA	NA	NA	NA	NA	0.00149325	NA	NA	NA	NA	0.00069352	NA	0.00094830	NA	NA	NA	NA	NA	NA	NA	NA	NA	NA	0.00150366	0.00238294	NA	NA	NA	NA	NA	NA	0.00112868	NA	0.00087945	NA	NA	NA	NA	NA	0.00195966	NA	0.00297676	0.00104910	0.00085635	0.00254455	NA
Rat225_bin.55	NA	NA	NA	0.00137644	NA	NA	NA	NA	NA	NA	NA	NA	0.00111888	NA	NA	NA	NA	NA	NA	0.00060656	NA	NA	NA	NA	NA	NA	NA	NA	NA	NA	NA	NA	NA	NA	NA	NA	NA	NA	NA	NA	NA	NA	NA	NA	NA	NA	0.00086363	NA	NA	NA	NA	NA	NA
Rat225_bin.56	NA	NA	NA	NA	NA	NA	NA	NA	NA	NA	NA	NA	NA	NA	NA	NA	NA	NA	NA	NA	NA	NA	NA	NA	NA	NA	NA	NA	NA	NA	NA	NA	NA	NA	NA	NA	NA	NA	NA	NA	NA	NA	NA	NA	NA	NA	0.00166651	NA	NA	NA	NA	NA	NA
Rat225_bin.57	NA	0.00244827	NA	0.00149754	NA	NA	NA	0.00176219	0.00103413	NA	NA	0.00132656	NA	0.00285639	NA	NA	NA	NA	NA	0.00066721	NA	NA	NA	NA	NA	NA	NA	NA	NA	NA	NA	NA	NA	NA	NA	NA	NA	NA	NA	NA	NA	NA	NA	NA	NA	NA	0.00158645	NA	NA	NA	NA	NA	NA
Rat225_bin.58	NA	NA	NA	NA	NA	NA	NA	NA	NA	NA	NA	NA	NA	NA	NA	NA	NA	NA	NA	NA	NA	NA	NA	NA	NA	NA	NA	NA	NA	NA	NA	NA	NA	0.00132600	NA	NA	NA	NA	NA	NA	NA	NA	NA	NA	NA	NA	0.00073447	NA	NA	NA	NA	NA	NA
Rat225_bin.6	NA	NA	NA	NA	NA	NA	NA	NA	NA	NA	NA	0.00083571	0.00087056	NA	NA	NA	NA	NA	NA	0.00078557	NA	NA	NA	NA	NA	NA	NA	NA	NA	NA	0.00081174	0.00169914	NA	NA	NA	NA	NA	NA	NA	NA	NA	NA	0.00082378	NA	NA	NA	0.00094160	0.00103023	0.00148318	NA	0.00084607	0.00111108	NA
Rat225_bin.60	NA	NA	NA	NA	NA	NA	NA	NA	NA	NA	NA	NA	NA	NA	NA	NA	NA	NA	NA	0.00236100	NA	NA	NA	NA	NA	NA	NA	NA	NA	NA	NA	NA	NA	NA	NA	NA	NA	NA	NA	NA	NA	NA	NA	0.01138566	NA	0.00586687	0.00080892	NA	NA	NA	NA	NA	NA
Rat225_bin.61	NA	NA	NA	NA	NA	NA	NA	NA	NA	NA	NA	NA	NA	NA	NA	NA	NA	NA	NA	0.00599415	NA	NA	NA	NA	NA	NA	NA	NA	NA	NA	NA	NA	NA	NA	NA	NA	NA	NA	NA	NA	NA	NA	NA	NA	NA	NA	0.00171136	NA	NA	NA	NA	NA	NA
Rat225_bin.62	NA	NA	NA	NA	NA	NA	NA	NA	NA	NA	NA	NA	NA	NA	NA	NA	NA	NA	NA	0.00073173	NA	NA	NA	NA	NA	NA	NA	NA	NA	NA	NA	NA	NA	NA	NA	NA	NA	NA	NA	NA	NA	NA	NA	NA	NA	0.00172397	0.00086260	NA	NA	NA	NA	NA	NA
Rat225_bin.63	NA	NA	NA	0.03516182	NA	NA	0.00029083	NA	NA	NA	NA	NA	NA	NA	NA	NA	NA	NA	NA	NA	NA	NA	NA	NA	NA	NA	NA	NA	NA	NA	NA	0.03922326	NA	NA	NA	NA	NA	NA	NA	NA	NA	NA	NA	NA	NA	NA	0.00061896	NA	NA	NA	NA	NA	NA
Rat225_bin.64	NA	NA	NA	0.00196811	NA	NA	NA	NA	0.00259323	NA	NA	NA	0.00304196	NA	NA	NA	NA	NA	NA	NA	NA	NA	NA	NA	NA	NA	NA	NA	NA	NA	NA	0.00286494	NA	NA	NA	NA	NA	NA	NA	NA	NA	NA	NA	NA	NA	NA	0.00136371	NA	NA	NA	NA	NA	NA
Rat225_bin.8	0.00559475	0.00590685	NA	NA	NA	NA	0.00514042	NA	NA	NA	NA	NA	NA	NA	NA	NA	NA	NA	0.00552569	NA	0.00766113	NA	0.00664543	0.00568025	0.00046937	0.00634667	0.00333753	NA	NA	NA	NA	NA	NA	NA	NA	NA	NA	NA	NA	0.00105734	NA	NA	NA	0.01579560	NA	NA	0.00261643	NA	NA	NA	NA	NA	NA
Rat225_bin.9	NA	NA	NA	NA	NA	0.00093689	NA	0.00062634	NA	NA	NA	NA	NA	NA	NA	NA	NA	NA	NA	NA	NA	NA	NA	NA	NA	NA	NA	0.00054661	0.00150623	NA	0.00074305	0.00104093	NA	NA	NA	NA	NA	NA	0.00087889	NA	NA	NA	NA	NA	NA	NA	0.00319178	0.00101938	0.00138441	0.00101541	NA	NA	NA
Rat226_bin.1	NA	NA	NA	NA	NA	NA	NA	NA	NA	NA	NA	NA	NA	NA	NA	NA	NA	NA	NA	NA	NA	NA	NA	NA	NA	NA	NA	NA	NA	NA	NA	NA	NA	NA	NA	NA	NA	NA	NA	NA	NA	NA	NA	NA	NA	NA	NA	0.00103855	NA	NA	NA	0.00088995	NA
Rat226_bin.10	NA	NA	NA	NA	NA	NA	NA	NA	NA	NA	NA	NA	NA	NA	NA	NA	NA	NA	NA	NA	NA	NA	NA	NA	NA	NA	NA	NA	NA	NA	NA	NA	NA	NA	NA	NA	NA	NA	NA	NA	NA	NA	NA	NA	NA	NA	NA	0.00098389	NA	NA	NA	NA	NA
Rat226_bin.12	NA	NA	NA	NA	NA	NA	NA	NA	NA	NA	NA	NA	NA	NA	NA	NA	NA	NA	NA	NA	NA	NA	NA	NA	NA	NA	NA	NA	NA	NA	NA	NA	NA	NA	NA	NA	NA	NA	NA	NA	NA	NA	NA	NA	NA	NA	NA	0.00083770	0.00445592	NA	NA	0.00311417	NA
Rat226_bin.13	NA	NA	NA	NA	NA	NA	0.00269357	NA	NA	NA	0.00088663	NA	NA	NA	NA	NA	NA	NA	NA	NA	NA	NA	NA	0.00144509	NA	NA	NA	NA	NA	NA	NA	NA	NA	NA	NA	NA	NA	NA	NA	NA	NA	NA	NA	NA	NA	NA	NA	0.00137404	NA	NA	NA	NA	NA
Rat226_bin.14	NA	NA	NA	NA	NA	NA	NA	NA	NA	NA	NA	NA	NA	NA	NA	NA	NA	NA	NA	NA	NA	NA	NA	NA	NA	NA	NA	NA	NA	NA	NA	NA	NA	NA	NA	NA	NA	NA	NA	NA	NA	NA	NA	NA	NA	0.00305824	NA	0.00081751	NA	0.00207360	NA	0.00927232	0.00122874
Rat226_bin.15	NA	NA	NA	NA	NA	NA	NA	NA	0.00221856	NA	NA	NA	NA	NA	NA	NA	NA	NA	NA	NA	NA	NA	NA	NA	NA	NA	NA	NA	NA	NA	NA	NA	NA	NA	0.00058255	0.00036935	NA	0.00049199	NA	NA	NA	NA	NA	NA	NA	NA	NA	0.00204977	0.00152631	NA	0.00082301	0.00201201	NA
Rat226_bin.16	NA	NA	NA	NA	NA	NA	NA	NA	NA	NA	NA	NA	NA	NA	NA	NA	0.00052966	NA	NA	0.00041245	NA	NA	NA	NA	NA	NA	NA	NA	NA	NA	NA	NA	NA	NA	NA	NA	NA	NA	NA	NA	NA	NA	0.00075865	NA	NA	NA	NA	0.00107257	0.00182521	0.00094975	NA	0.00047592	NA
Rat226_bin.17	NA	NA	NA	NA	NA	NA	NA	NA	NA	NA	NA	NA	NA	NA	NA	NA	NA	NA	NA	NA	NA	NA	NA	NA	NA	NA	NA	NA	NA	NA	NA	NA	NA	NA	NA	NA	NA	NA	NA	NA	NA	NA	NA	NA	NA	NA	NA	0.00138487	0.00155621	NA	NA	0.00128579	NA
Rat226_bin.18	NA	NA	NA	NA	NA	NA	NA	NA	NA	NA	NA	NA	NA	NA	NA	NA	NA	NA	NA	NA	NA	NA	NA	NA	NA	NA	NA	NA	NA	NA	NA	NA	NA	NA	NA	NA	NA	NA	NA	NA	NA	NA	NA	NA	NA	NA	NA	0.00146938	0.01586289	0.01075698	NA	0.01896128	NA
Rat226_bin.19	NA	NA	NA	NA	NA	NA	NA	NA	NA	NA	NA	NA	NA	NA	NA	NA	NA	NA	NA	NA	NA	NA	NA	NA	NA	NA	NA	NA	NA	NA	NA	NA	NA	NA	NA	NA	NA	NA	NA	NA	NA	NA	NA	NA	NA	0.00699383	NA	0.00117248	NA	NA	NA	0.01292962	NA
Rat226_bin.20	NA	NA	NA	NA	NA	NA	NA	NA	NA	NA	NA	NA	NA	NA	NA	NA	0.00119541	0.00051506	NA	NA	NA	NA	NA	NA	NA	NA	NA	NA	0.00112466	NA	NA	NA	NA	NA	NA	NA	NA	NA	NA	NA	NA	NA	0.00062856	NA	NA	NA	0.00108482	0.00075999	NA	NA	NA	NA	NA
Rat226_bin.21	NA	NA	NA	NA	NA	NA	NA	NA	0.00167651	NA	NA	NA	NA	NA	NA	NA	NA	NA	NA	NA	NA	NA	NA	NA	NA	NA	NA	NA	NA	NA	NA	NA	NA	NA	NA	NA	NA	NA	NA	NA	NA	NA	NA	NA	NA	0.00275989	NA	0.00127819	0.00180059	NA	NA	NA	NA
Rat226_bin.22	NA	NA	NA	NA	NA	NA	NA	NA	NA	NA	NA	NA	NA	NA	NA	NA	NA	0.00101346	NA	0.00083609	NA	NA	NA	NA	NA	NA	NA	NA	0.00197804	NA	0.00119484	NA	NA	NA	NA	NA	NA	NA	NA	NA	NA	NA	NA	NA	NA	NA	NA	0.00118071	NA	0.00149690	NA	0.00209147	NA
Rat226_bin.23	NA	NA	NA	NA	NA	NA	NA	NA	NA	NA	NA	NA	NA	NA	NA	NA	NA	NA	NA	NA	NA	NA	NA	NA	NA	NA	NA	NA	NA	NA	NA	NA	NA	NA	NA	NA	NA	NA	NA	NA	NA	NA	NA	NA	NA	NA	NA	0.00343435	0.00158212	NA	NA	NA	NA
Rat226_bin.24	NA	NA	NA	NA	NA	NA	NA	NA	NA	NA	NA	NA	0.00097866	NA	NA	NA	NA	NA	NA	NA	NA	NA	NA	NA	NA	0.00190581	NA	NA	NA	NA	NA	NA	NA	NA	NA	NA	NA	NA	NA	NA	NA	NA	NA	NA	NA	NA	NA	0.00106709	NA	NA	0.00110237	NA	NA
Rat226_bin.25	NA	NA	NA	NA	NA	NA	NA	NA	NA	NA	NA	NA	NA	NA	NA	NA	NA	NA	NA	NA	NA	NA	NA	NA	NA	NA	NA	NA	NA	NA	NA	NA	0.00313255	NA	NA	NA	NA	NA	0.00247475	NA	NA	NA	0.00089490	NA	NA	NA	NA	0.00151640	NA	NA	NA	NA	NA
Rat226_bin.26	NA	NA	NA	NA	NA	NA	NA	NA	NA	NA	NA	NA	NA	NA	NA	NA	NA	NA	NA	NA	NA	NA	NA	NA	NA	NA	NA	NA	NA	NA	NA	NA	NA	NA	NA	NA	NA	NA	NA	NA	NA	NA	NA	NA	NA	NA	NA	0.00101033	NA	NA	NA	NA	NA
Rat226_bin.28	NA	NA	NA	NA	NA	NA	NA	NA	NA	NA	NA	NA	NA	NA	NA	NA	NA	NA	NA	NA	NA	NA	NA	NA	NA	NA	NA	NA	NA	NA	NA	NA	NA	NA	0.00047551	0.00043135	NA	0.00025189	NA	NA	0.00098534	NA	NA	NA	NA	NA	NA	0.00117004	NA	NA	NA	0.00272035	NA
Rat226_bin.29	NA	NA	0.00050083	NA	NA	NA	NA	NA	NA	NA	NA	NA	NA	NA	NA	NA	NA	NA	NA	0.00101997	NA	NA	NA	NA	NA	NA	NA	NA	NA	NA	0.00122879	NA	NA	NA	NA	NA	NA	NA	NA	NA	NA	NA	NA	NA	NA	NA	NA	0.00160171	0.00407111	NA	NA	NA	NA
Rat226_bin.3	NA	NA	NA	NA	NA	NA	NA	NA	NA	NA	NA	NA	NA	NA	NA	NA	NA	NA	NA	NA	NA	NA	NA	NA	NA	NA	NA	NA	NA	NA	NA	NA	NA	NA	NA	NA	NA	NA	NA	NA	NA	NA	NA	NA	NA	NA	NA	0.00101793	0.00107063	NA	0.00605132	0.00520200	NA
Rat226_bin.30	NA	NA	NA	NA	NA	NA	NA	NA	NA	NA	NA	NA	NA	NA	NA	NA	NA	NA	NA	NA	NA	NA	NA	NA	NA	NA	NA	NA	NA	NA	NA	NA	NA	NA	NA	NA	NA	NA	NA	NA	NA	NA	NA	NA	NA	NA	NA	0.00299476	0.00264172	NA	0.00071975	0.00645323	NA
Rat226_bin.31	NA	NA	NA	NA	NA	NA	NA	NA	NA	NA	NA	NA	NA	NA	NA	NA	NA	NA	NA	NA	NA	NA	NA	NA	NA	NA	NA	NA	NA	NA	0.00095090	NA	NA	NA	NA	NA	NA	NA	NA	NA	NA	NA	NA	NA	NA	0.00101205	NA	0.00071566	NA	NA	NA	NA	NA
Rat226_bin.32	NA	NA	NA	0.00102891	NA	NA	NA	NA	NA	NA	NA	NA	NA	NA	NA	NA	NA	NA	NA	0.00632228	NA	NA	NA	NA	NA	NA	NA	NA	NA	NA	NA	NA	NA	NA	NA	NA	NA	NA	NA	NA	NA	NA	0.00065754	NA	NA	0.00611763	NA	0.00107262	0.00952696	0.00075870	NA	NA	NA
Rat226_bin.33	NA	NA	NA	NA	NA	NA	NA	NA	NA	NA	NA	NA	NA	NA	NA	NA	NA	NA	NA	NA	NA	NA	NA	NA	NA	NA	NA	NA	NA	NA	NA	NA	NA	NA	NA	NA	NA	NA	NA	NA	NA	NA	NA	NA	NA	0.00184060	NA	0.00412220	0.01093652	NA	NA	NA	NA
Rat226_bin.34	NA	NA	NA	NA	NA	NA	NA	NA	NA	NA	NA	NA	NA	NA	NA	NA	NA	NA	NA	NA	NA	NA	NA	NA	NA	NA	NA	NA	NA	NA	NA	NA	NA	NA	NA	NA	NA	NA	NA	NA	NA	NA	NA	NA	NA	NA	NA	0.00069022	NA	NA	0.00103964	NA	NA
Rat226_bin.36	NA	NA	NA	NA	NA	NA	NA	NA	NA	NA	NA	NA	NA	NA	NA	NA	NA	NA	NA	NA	NA	NA	NA	NA	NA	NA	NA	NA	NA	NA	0.00099796	NA	NA	NA	NA	NA	NA	NA	NA	NA	NA	NA	0.00102502	NA	NA	0.00160029	0.00223947	0.00128067	0.00310198	NA	NA	0.00131887	NA
Rat226_bin.38	NA	NA	NA	NA	NA	NA	NA	NA	NA	NA	NA	NA	NA	NA	NA	NA	NA	NA	NA	NA	NA	NA	NA	NA	NA	NA	NA	NA	NA	NA	NA	NA	NA	NA	NA	NA	NA	NA	NA	NA	NA	NA	NA	NA	NA	NA	NA	0.00132075	NA	NA	NA	0.00661186	NA
Rat226_bin.4	NA	NA	0.00039570	NA	NA	NA	NA	NA	NA	NA	NA	NA	NA	NA	NA	NA	NA	NA	NA	NA	NA	NA	NA	NA	NA	NA	NA	NA	NA	NA	NA	NA	NA	NA	NA	NA	NA	NA	NA	NA	NA	NA	NA	NA	NA	NA	NA	0.00350059	0.00152533	0.00086033	NA	0.00548719	NA
Rat226_bin.40	NA	NA	NA	NA	NA	NA	NA	NA	0.00067700	NA	0.00035215	0.00063620	0.00049681	NA	NA	NA	NA	NA	NA	0.00042629	NA	NA	NA	0.00062173	NA	NA	NA	NA	NA	NA	NA	NA	NA	NA	NA	NA	NA	NA	NA	NA	NA	0.00105329	NA	NA	NA	NA	0.00077105	0.00129604	NA	NA	NA	NA	NA
Rat226_bin.41	NA	NA	NA	NA	NA	NA	NA	NA	NA	NA	NA	NA	NA	NA	NA	NA	NA	NA	NA	0.00162804	NA	NA	NA	NA	NA	NA	NA	NA	NA	NA	NA	0.00192866	NA	NA	NA	NA	NA	NA	NA	NA	NA	NA	NA	NA	NA	0.00105491	0.00255312	0.00123039	0.00252923	NA	0.00273274	0.00123799	0.00114466
Rat226_bin.42	NA	NA	NA	NA	NA	NA	NA	NA	NA	NA	NA	NA	NA	NA	NA	NA	NA	NA	NA	0.00292606	NA	NA	NA	NA	NA	NA	NA	NA	NA	NA	NA	NA	NA	NA	NA	NA	0.00083056	0.00141953	NA	NA	NA	NA	NA	NA	NA	NA	NA	0.00310552	0.00243759	NA	0.00305016	0.00332524	NA
Rat226_bin.43	NA	NA	NA	NA	NA	NA	NA	NA	NA	NA	NA	NA	0.00311729	NA	NA	NA	NA	NA	NA	NA	NA	NA	NA	NA	NA	0.00092832	NA	NA	NA	NA	0.00144224	NA	NA	NA	NA	NA	NA	NA	NA	NA	NA	NA	NA	NA	NA	NA	NA	0.00105303	0.00159830	NA	0.00159613	NA	0.00129328
Rat226_bin.46	NA	NA	0.00361918	0.00123287	NA	NA	NA	NA	0.00193816	NA	0.00389019	NA	NA	NA	NA	NA	NA	NA	NA	NA	NA	NA	NA	NA	NA	NA	NA	NA	NA	NA	NA	NA	NA	NA	NA	0.00065265	NA	NA	0.00628821	NA	NA	NA	NA	NA	NA	0.00348620	0.00541884	0.00233358	NA	NA	0.00173750	NA	NA
Rat226_bin.47	NA	NA	NA	NA	NA	NA	NA	NA	NA	NA	NA	NA	NA	NA	NA	NA	NA	NA	NA	NA	NA	NA	NA	NA	NA	NA	NA	NA	NA	NA	NA	NA	NA	NA	NA	NA	NA	NA	NA	NA	NA	NA	NA	NA	NA	NA	NA	0.00087965	0.00095885	NA	0.00194101	NA	NA
Rat226_bin.49	NA	NA	NA	NA	NA	NA	NA	NA	NA	NA	NA	NA	0.00086037	NA	NA	NA	NA	NA	NA	0.00273603	NA	NA	NA	NA	NA	NA	NA	NA	NA	NA	NA	NA	NA	NA	NA	NA	NA	NA	NA	NA	NA	NA	NA	NA	NA	NA	NA	0.00087409	NA	NA	0.00093613	0.00175527	NA
Rat226_bin.5	NA	NA	NA	0.00360420	NA	NA	NA	NA	NA	NA	0.01176083	NA	NA	NA	NA	NA	NA	NA	NA	NA	NA	NA	NA	NA	NA	NA	NA	0.00983343	NA	NA	NA	NA	NA	NA	NA	NA	0.00675022	0.00345832	NA	NA	0.01379533	NA	0.00790514	NA	NA	NA	NA	0.00830896	0.00380667	NA	NA	0.00275118	NA
Rat226_bin.50	NA	NA	NA	NA	NA	NA	NA	NA	NA	NA	NA	NA	0.00375120	NA	NA	NA	NA	NA	NA	0.00228996	NA	NA	NA	NA	NA	NA	NA	NA	NA	NA	NA	0.00149224	NA	NA	NA	NA	NA	NA	NA	NA	NA	NA	NA	NA	NA	NA	NA	0.00086601	NA	NA	0.00246408	NA	NA
Rat226_bin.52	NA	NA	NA	NA	NA	NA	NA	NA	NA	NA	0.00430614	NA	NA	NA	0.00462329	NA	NA	NA	NA	NA	NA	NA	NA	NA	NA	NA	NA	0.00314073	NA	NA	NA	NA	NA	NA	NA	NA	NA	NA	NA	NA	NA	NA	NA	NA	NA	NA	NA	0.00190743	NA	NA	NA	NA	NA
Rat226_bin.53	NA	NA	NA	NA	NA	NA	NA	NA	NA	NA	0.00096254	NA	NA	NA	NA	NA	NA	NA	NA	0.00047699	NA	NA	NA	NA	NA	NA	NA	NA	NA	NA	NA	NA	NA	NA	NA	NA	NA	NA	NA	NA	NA	NA	0.00130425	NA	NA	0.00640640	NA	0.00281213	0.00149225	NA	NA	NA	NA
Rat226_bin.6	NA	NA	NA	NA	NA	NA	NA	NA	NA	NA	0.01521067	NA	NA	NA	NA	NA	NA	NA	NA	NA	NA	NA	NA	NA	NA	NA	NA	NA	NA	NA	NA	NA	NA	NA	NA	NA	NA	NA	NA	NA	NA	NA	0.00421548	NA	NA	0.00647111	NA	0.00425896	0.00192396	NA	NA	NA	NA
Rat226_bin.7	NA	NA	NA	NA	NA	NA	NA	NA	NA	NA	NA	NA	NA	0.00062625	NA	NA	NA	NA	NA	NA	NA	NA	0.00350036	NA	NA	NA	NA	0.00046386	0.00094295	NA	NA	NA	0.00083579	0.00092560	NA	NA	NA	NA	NA	NA	NA	NA	0.00108007	NA	NA	NA	NA	0.00110534	0.00627659	NA	NA	0.00069152	0.00095041
Rat226_bin.8	NA	NA	NA	NA	NA	NA	NA	NA	NA	NA	NA	NA	NA	NA	NA	NA	NA	NA	NA	NA	NA	NA	NA	NA	NA	NA	NA	NA	NA	NA	NA	NA	NA	NA	NA	NA	NA	NA	NA	NA	NA	NA	0.00125750	NA	NA	0.00647660	NA	0.00471599	NA	0.00136919	0.00166964	0.00264402	NA
Rat226_bin.9	NA	NA	NA	NA	NA	NA	NA	NA	NA	NA	NA	NA	NA	NA	NA	NA	NA	NA	NA	NA	NA	NA	NA	NA	NA	NA	NA	NA	NA	NA	NA	NA	NA	NA	0.00672815	0.00694628	NA	NA	NA	NA	NA	NA	0.00710294	NA	NA	NA	NA	0.00266255	0.00793593	0.01040926	0.00579495	0.00426101	NA
Rat230_bin.1	NA	NA	NA	NA	NA	NA	NA	NA	NA	NA	0.00084669	NA	NA	NA	NA	NA	NA	NA	NA	0.00071955	NA	NA	NA	NA	NA	NA	NA	NA	NA	NA	NA	NA	NA	NA	NA	NA	NA	NA	NA	NA	NA	NA	0.00151961	NA	NA	0.00600685	NA	NA	0.00174730	NA	NA	NA	NA
Rat230_bin.10	NA	NA	0.00068624	NA	NA	NA	NA	NA	NA	NA	NA	NA	NA	NA	NA	NA	NA	NA	NA	NA	NA	NA	NA	NA	NA	NA	NA	NA	NA	NA	NA	NA	NA	NA	NA	NA	NA	NA	NA	NA	NA	NA	NA	NA	NA	0.00146945	NA	0.00605966	0.00157666	0.00118588	NA	0.00661956	NA
Rat230_bin.12	NA	NA	NA	NA	NA	NA	NA	NA	NA	NA	NA	NA	NA	NA	NA	NA	NA	NA	NA	NA	NA	NA	NA	NA	NA	NA	NA	NA	NA	NA	NA	NA	NA	NA	NA	NA	NA	NA	NA	NA	NA	NA	NA	NA	NA	NA	NA	NA	0.00191095	NA	0.00132301	NA	NA
Rat230_bin.14	NA	NA	NA	NA	NA	NA	NA	NA	NA	NA	NA	NA	NA	NA	NA	NA	NA	NA	NA	NA	NA	NA	NA	NA	NA	NA	NA	NA	NA	NA	NA	NA	NA	NA	NA	NA	NA	NA	NA	NA	NA	NA	NA	NA	NA	NA	NA	0.00501008	0.00168380	NA	0.00102839	0.00654897	NA
Rat230_bin.15	NA	NA	NA	0.01376756	NA	NA	NA	NA	NA	NA	NA	NA	NA	NA	0.00826807	NA	NA	NA	NA	NA	NA	NA	NA	NA	NA	NA	NA	NA	NA	NA	0.00237844	NA	NA	NA	NA	NA	0.00532778	NA	NA	NA	NA	NA	0.00142493	NA	NA	NA	NA	NA	0.00133245	NA	NA	NA	NA
Rat230_bin.17	NA	NA	NA	NA	NA	NA	NA	NA	NA	NA	NA	NA	NA	NA	NA	NA	NA	NA	NA	NA	NA	NA	NA	NA	NA	NA	NA	NA	NA	NA	NA	NA	NA	NA	NA	NA	0.00247125	NA	NA	NA	0.00736400	NA	NA	NA	NA	NA	NA	0.00899457	0.00761455	NA	0.00970900	0.01312756	NA
Rat230_bin.18	NA	NA	NA	NA	NA	NA	NA	NA	NA	NA	NA	NA	NA	NA	NA	NA	NA	NA	NA	NA	NA	NA	NA	NA	NA	NA	NA	NA	NA	NA	NA	NA	NA	NA	0.00040553	0.00021496	NA	NA	NA	NA	NA	NA	NA	NA	NA	NA	NA	0.00093357	0.00109745	NA	NA	0.00249441	NA
Rat230_bin.19	NA	NA	NA	NA	NA	NA	NA	NA	NA	NA	NA	NA	NA	NA	NA	NA	NA	NA	NA	0.00096806	NA	NA	NA	NA	NA	NA	NA	NA	NA	NA	NA	NA	NA	NA	NA	NA	NA	NA	NA	NA	0.00153101	NA	NA	NA	NA	NA	NA	NA	0.00145130	NA	NA	NA	NA
Rat230_bin.20	NA	NA	NA	NA	NA	NA	NA	NA	NA	NA	NA	NA	0.00144258	NA	NA	NA	NA	NA	NA	NA	NA	NA	NA	NA	NA	NA	NA	NA	NA	NA	NA	NA	NA	NA	NA	NA	NA	NA	NA	NA	NA	NA	0.00233996	NA	NA	0.00343219	NA	0.00398115	0.00160086	0.00129649	NA	0.01028123	NA
Rat230_bin.21	NA	NA	NA	NA	NA	NA	NA	NA	NA	NA	NA	NA	NA	NA	NA	NA	NA	NA	NA	0.00360058	NA	NA	NA	NA	NA	NA	NA	NA	NA	NA	NA	NA	NA	NA	NA	NA	NA	NA	NA	NA	NA	NA	NA	NA	NA	NA	NA	0.00151915	0.00331793	NA	0.00653076	0.01077037	NA
Rat230_bin.22	NA	NA	NA	NA	NA	NA	NA	NA	NA	NA	NA	NA	NA	NA	NA	NA	NA	NA	NA	NA	NA	NA	NA	NA	NA	NA	NA	NA	NA	NA	NA	NA	NA	NA	NA	NA	NA	NA	NA	NA	NA	NA	NA	NA	NA	NA	NA	0.00180258	0.00085361	NA	0.00130788	0.00193632	NA
Rat230_bin.23	NA	NA	NA	NA	NA	NA	NA	NA	NA	NA	NA	NA	NA	NA	NA	NA	NA	NA	NA	NA	NA	NA	NA	NA	NA	NA	NA	NA	NA	NA	NA	NA	NA	NA	0.00151742	NA	0.00124537	NA	0.00149847	0.00716875	0.00180663	NA	NA	NA	NA	NA	NA	NA	0.00186754	NA	NA	NA	NA
Rat230_bin.24	NA	NA	NA	NA	NA	NA	NA	NA	NA	NA	NA	NA	NA	NA	NA	NA	NA	NA	NA	NA	NA	NA	NA	NA	NA	NA	NA	NA	0.01108499	NA	NA	NA	NA	NA	NA	NA	NA	NA	NA	NA	0.00128802	NA	NA	NA	NA	NA	NA	NA	0.00101330	NA	0.00257641	NA	NA
Rat230_bin.25	NA	NA	NA	NA	NA	NA	NA	NA	NA	NA	NA	NA	NA	NA	NA	NA	NA	NA	NA	NA	NA	NA	NA	NA	NA	NA	NA	NA	NA	NA	NA	NA	NA	NA	NA	NA	NA	NA	NA	NA	NA	NA	NA	NA	NA	NA	NA	NA	0.00410493	NA	NA	0.00386661	NA
Rat230_bin.26	NA	NA	NA	NA	NA	NA	NA	NA	0.00305978	NA	NA	NA	0.00543722	NA	NA	NA	NA	NA	NA	NA	NA	NA	NA	NA	NA	NA	NA	NA	NA	NA	NA	NA	NA	NA	NA	NA	NA	NA	NA	NA	NA	NA	0.00081368	NA	NA	NA	NA	0.00403080	0.00253031	0.00132202	NA	0.00650530	NA
Rat230_bin.27	0.00510973	0.00866973	NA	NA	NA	0.00632110	NA	NA	NA	NA	NA	0.00527758	NA	NA	NA	NA	NA	NA	NA	NA	NA	NA	NA	NA	NA	NA	NA	NA	NA	NA	NA	NA	NA	NA	NA	NA	NA	NA	NA	NA	NA	NA	0.00061384	NA	NA	NA	NA	NA	0.00166936	0.00565408	NA	NA	NA
Rat230_bin.28	NA	NA	NA	NA	NA	NA	NA	NA	NA	NA	NA	NA	NA	NA	NA	NA	NA	NA	NA	NA	NA	NA	NA	NA	NA	NA	NA	NA	NA	NA	NA	NA	NA	NA	NA	NA	NA	NA	NA	NA	NA	NA	NA	NA	NA	NA	NA	NA	0.00088335	NA	NA	NA	NA
Rat230_bin.29	NA	NA	NA	NA	NA	NA	NA	NA	NA	NA	NA	NA	NA	NA	NA	NA	NA	NA	NA	NA	NA	NA	NA	NA	NA	NA	NA	NA	NA	NA	NA	NA	NA	NA	NA	NA	0.00066421	NA	0.00144221	NA	NA	NA	NA	NA	NA	0.00116269	NA	0.00147935	0.00123062	0.00094858	0.00659843	NA	0.00409524
Rat230_bin.3	NA	NA	0.00417761	NA	NA	0.00576352	NA	NA	NA	NA	NA	0.00198198	NA	NA	NA	NA	NA	NA	NA	NA	NA	NA	NA	NA	NA	NA	NA	NA	NA	NA	NA	NA	NA	NA	NA	NA	NA	NA	NA	0.00303160	0.00052239	NA	NA	NA	NA	0.00212553	0.00073120	0.00134890	0.00217046	NA	0.00083493	0.00157297	NA
Rat230_bin.31	NA	NA	NA	NA	NA	NA	NA	NA	NA	NA	NA	NA	NA	NA	NA	NA	NA	NA	NA	NA	NA	NA	NA	NA	NA	NA	NA	NA	NA	NA	NA	NA	NA	NA	NA	NA	NA	NA	NA	NA	NA	NA	NA	NA	NA	NA	NA	NA	0.00510736	0.00122217	NA	0.01137071	NA
Rat230_bin.32	NA	NA	NA	NA	NA	NA	NA	NA	NA	NA	NA	NA	NA	NA	NA	NA	NA	NA	NA	NA	NA	NA	NA	NA	NA	NA	NA	NA	NA	NA	NA	NA	NA	NA	0.00513245	0.00516322	NA	NA	NA	NA	NA	NA	NA	NA	NA	NA	NA	0.00370866	0.00261869	NA	0.00485320	0.00453810	NA
Rat230_bin.33	NA	NA	NA	NA	NA	NA	NA	NA	NA	NA	NA	NA	NA	NA	NA	NA	NA	0.00070714	NA	NA	NA	NA	NA	NA	NA	NA	NA	0.00070491	NA	NA	NA	NA	NA	NA	0.00084555	0.00082547	NA	0.00057303	NA	NA	0.00132568	0.00111228	NA	NA	NA	NA	0.00127118	NA	0.00132630	0.00093330	NA	0.00140150	0.00086797
Rat230_bin.34	NA	NA	NA	NA	NA	NA	NA	NA	0.00157772	NA	NA	NA	NA	NA	0.00131542	NA	NA	NA	NA	0.00086448	NA	NA	NA	NA	NA	NA	NA	NA	NA	NA	NA	NA	NA	NA	0.00071651	NA	NA	NA	NA	NA	NA	NA	NA	NA	NA	NA	NA	NA	0.00078624	NA	NA	0.00059344	NA
Rat230_bin.35	0.00410269	NA	NA	NA	NA	NA	NA	NA	0.00076406	NA	NA	0.00092577	NA	NA	NA	NA	NA	NA	NA	NA	NA	NA	NA	NA	NA	NA	NA	NA	NA	NA	NA	NA	NA	NA	NA	NA	NA	NA	NA	NA	NA	NA	NA	0.01160956	NA	NA	NA	NA	0.00069024	NA	NA	0.00067094	NA
Rat230_bin.36	NA	NA	NA	0.00105474	NA	NA	NA	NA	NA	NA	NA	NA	NA	NA	NA	NA	NA	NA	NA	0.00384698	NA	NA	NA	NA	NA	NA	NA	NA	NA	NA	NA	NA	NA	NA	NA	NA	NA	NA	NA	NA	NA	NA	NA	NA	NA	0.00385152	NA	NA	0.00490445	0.00067002	NA	NA	NA
Rat230_bin.37	NA	NA	NA	NA	NA	NA	NA	NA	NA	NA	NA	NA	NA	NA	NA	NA	NA	NA	NA	NA	NA	NA	NA	NA	NA	NA	NA	0.00166928	NA	NA	NA	NA	NA	NA	NA	NA	NA	NA	NA	NA	NA	NA	0.00121552	NA	NA	NA	NA	NA	0.00187016	NA	NA	NA	NA
Rat230_bin.38	NA	NA	NA	NA	NA	NA	NA	NA	NA	NA	NA	0.00211603	0.00200003	NA	NA	NA	NA	NA	NA	0.00059356	NA	NA	NA	NA	NA	NA	NA	NA	NA	NA	NA	NA	NA	NA	NA	NA	NA	NA	NA	NA	NA	NA	NA	NA	NA	NA	NA	0.00357402	0.00085340	0.00099306	NA	0.00197412	NA
Rat230_bin.39	NA	NA	NA	NA	NA	NA	NA	NA	NA	NA	NA	NA	NA	0.00093822	NA	NA	NA	NA	NA	0.00064956	NA	NA	NA	NA	NA	NA	NA	NA	NA	NA	NA	NA	NA	NA	0.00057823	NA	NA	NA	NA	NA	NA	NA	NA	NA	NA	NA	NA	NA	0.00134008	NA	NA	NA	NA
Rat230_bin.4	NA	NA	NA	NA	NA	NA	NA	NA	NA	NA	NA	NA	NA	NA	NA	NA	NA	NA	NA	NA	NA	NA	NA	NA	NA	NA	NA	NA	NA	NA	NA	NA	NA	NA	NA	NA	NA	NA	NA	NA	NA	NA	NA	NA	NA	NA	NA	0.00476268	0.00171210	NA	NA	NA	NA
Rat230_bin.40	NA	NA	NA	NA	NA	NA	NA	NA	NA	NA	NA	NA	NA	NA	NA	NA	NA	NA	NA	NA	NA	NA	NA	NA	NA	NA	NA	NA	NA	NA	NA	NA	NA	NA	NA	NA	NA	NA	NA	NA	NA	NA	NA	NA	NA	NA	NA	NA	0.00070504	NA	0.00142034	NA	NA
Rat230_bin.41	NA	NA	NA	NA	NA	NA	NA	NA	NA	NA	NA	NA	NA	NA	NA	NA	NA	NA	NA	NA	NA	NA	NA	NA	NA	NA	NA	NA	0.00449845	NA	NA	NA	NA	NA	NA	NA	NA	NA	NA	NA	NA	NA	NA	NA	NA	NA	NA	NA	0.00346188	NA	NA	0.00742621	0.01092169
Rat230_bin.42	NA	NA	NA	NA	NA	NA	NA	NA	0.00042114	NA	NA	NA	NA	NA	NA	NA	0.00046696	NA	NA	NA	NA	NA	NA	NA	NA	NA	NA	NA	NA	NA	NA	NA	NA	NA	NA	NA	NA	NA	NA	NA	NA	NA	0.00073638	NA	NA	NA	NA	NA	0.00141393	NA	NA	0.00139723	NA
Rat230_bin.43	NA	0.00150799	0.00461898	0.00523847	NA	0.00582702	NA	NA	0.00497957	0.00351137	NA	0.00326575	0.00508977	NA	NA	0.00503552	NA	NA	NA	NA	NA	NA	NA	NA	NA	NA	0.00257414	NA	NA	0.00291499	NA	NA	NA	NA	NA	NA	NA	NA	NA	0.00553559	NA	NA	NA	NA	NA	0.00509640	0.00146134	0.00359216	0.00313134	NA	0.00228990	0.00327897	NA
Rat230_bin.45	NA	NA	NA	NA	NA	NA	NA	NA	NA	NA	NA	NA	NA	NA	NA	NA	NA	NA	NA	NA	NA	NA	NA	NA	NA	NA	NA	NA	NA	NA	NA	NA	NA	NA	NA	NA	NA	NA	NA	NA	NA	NA	NA	NA	NA	NA	NA	0.00057269	0.00306260	NA	NA	NA	NA
Rat230_bin.46	NA	NA	NA	NA	NA	NA	NA	NA	NA	NA	NA	NA	NA	NA	NA	NA	NA	NA	NA	0.00124501	NA	NA	NA	NA	NA	NA	NA	NA	0.00329190	NA	0.00145936	NA	0.02405472	0.02339283	NA	NA	NA	NA	NA	NA	NA	NA	NA	NA	NA	NA	NA	NA	0.00225229	NA	NA	NA	NA
Rat230_bin.47	NA	NA	NA	0.00323899	NA	NA	NA	NA	0.00417444	NA	0.00796293	NA	NA	NA	NA	NA	NA	NA	NA	NA	NA	NA	NA	NA	NA	NA	NA	0.00094275	NA	NA	NA	NA	NA	NA	NA	NA	NA	NA	NA	NA	NA	NA	0.00049128	NA	NA	0.00167209	NA	NA	0.00197197	NA	NA	NA	NA
Rat230_bin.49	NA	NA	NA	NA	NA	NA	NA	NA	NA	NA	NA	NA	NA	NA	NA	NA	NA	NA	NA	NA	NA	NA	NA	NA	NA	NA	NA	NA	NA	NA	NA	NA	NA	NA	NA	NA	NA	NA	0.00441410	NA	0.01558889	NA	0.00074519	NA	NA	0.01702755	0.00054968	NA	0.00082432	NA	NA	0.00142871	NA
Rat230_bin.5	NA	NA	NA	NA	NA	NA	NA	NA	NA	NA	NA	NA	NA	NA	NA	NA	NA	NA	NA	0.00516229	NA	NA	NA	NA	NA	NA	NA	NA	NA	NA	NA	NA	NA	NA	NA	NA	NA	NA	NA	NA	NA	NA	NA	NA	NA	NA	NA	NA	0.00153135	NA	0.00261441	NA	NA
Rat230_bin.50	NA	NA	NA	NA	NA	NA	NA	NA	NA	NA	NA	NA	NA	NA	NA	NA	NA	NA	NA	NA	NA	NA	NA	NA	NA	NA	NA	NA	NA	NA	NA	NA	NA	NA	NA	NA	NA	NA	NA	NA	0.00131545	NA	0.00092095	NA	NA	NA	NA	NA	0.00171116	NA	NA	NA	NA
Rat230_bin.51	NA	NA	NA	NA	NA	NA	NA	NA	NA	NA	NA	NA	NA	NA	NA	NA	NA	NA	NA	NA	NA	NA	NA	NA	NA	NA	NA	NA	NA	NA	NA	NA	NA	NA	NA	NA	NA	NA	NA	NA	NA	NA	0.00225103	NA	NA	NA	NA	NA	0.00163283	0.00142450	NA	0.00177581	NA
Rat230_bin.52	NA	0.00379859	0.00575773	0.00729156	NA	0.00366481	NA	NA	0.00756449	0.00293675	NA	0.00768918	0.00634266	NA	NA	0.00434789	NA	NA	NA	NA	NA	NA	NA	0.00269096	NA	NA	0.00424942	NA	NA	NA	NA	NA	NA	NA	NA	NA	NA	NA	NA	0.00525828	NA	NA	NA	NA	NA	0.00605289	NA	0.00650550	0.00598342	NA	0.00306855	0.00485663	NA
Rat230_bin.53	NA	NA	0.00073419	NA	NA	NA	NA	NA	NA	NA	NA	NA	NA	NA	NA	NA	NA	NA	NA	NA	NA	NA	NA	NA	NA	NA	NA	NA	NA	NA	NA	NA	0.00071103	NA	NA	NA	NA	NA	NA	NA	NA	NA	0.00117171	NA	NA	NA	NA	NA	0.00177813	NA	NA	NA	NA
Rat230_bin.55	NA	NA	0.02427580	0.02422835	0.01340003	NA	NA	NA	0.02394989	NA	0.00750227	0.00441294	0.01889380	NA	0.02165879	NA	0.01085444	0.01749035	NA	0.01885285	NA	NA	NA	NA	NA	NA	NA	0.02392645	0.02254234	0.02035117	0.00672190	0.01311000	0.02201671	0.02272320	0.02019598	NA	NA	NA	0.00207377	0.01025947	0.00646231	NA	0.00381788	NA	NA	NA	0.01810933	0.01301682	0.00108009	NA	NA	0.02004326	NA
Rat230_bin.57	NA	NA	NA	0.00187629	NA	NA	NA	NA	NA	NA	NA	NA	NA	NA	NA	NA	NA	NA	NA	NA	NA	NA	NA	NA	NA	NA	NA	NA	NA	NA	NA	NA	NA	NA	NA	NA	NA	NA	NA	NA	NA	NA	NA	NA	NA	0.00343119	NA	0.00153294	0.00159792	NA	0.00094059	NA	NA
Rat230_bin.58	NA	NA	NA	NA	NA	NA	NA	NA	NA	NA	NA	NA	NA	NA	0.00078725	NA	NA	NA	NA	NA	NA	NA	NA	NA	NA	NA	NA	NA	NA	NA	NA	NA	NA	NA	0.00072364	0.00055662	0.00061588	0.00044631	NA	NA	NA	NA	NA	NA	NA	NA	NA	NA	0.00108572	NA	NA	NA	NA
Rat230_bin.59	NA	NA	0.00434295	NA	NA	NA	NA	NA	0.00421016	NA	NA	NA	0.00199598	NA	NA	NA	NA	NA	NA	0.00172722	NA	NA	NA	0.00410126	NA	NA	NA	0.00078915	NA	NA	NA	NA	NA	NA	NA	NA	NA	NA	NA	NA	NA	NA	0.00152595	NA	NA	NA	0.00197191	NA	0.00160240	NA	NA	NA	NA
Rat230_bin.6	NA	NA	NA	NA	NA	NA	NA	NA	NA	NA	NA	NA	NA	NA	NA	NA	NA	NA	NA	NA	NA	NA	NA	NA	NA	NA	NA	NA	NA	NA	NA	NA	NA	NA	NA	NA	NA	NA	NA	NA	NA	NA	NA	NA	NA	0.00143534	NA	NA	0.00157185	NA	NA	NA	NA
Rat230_bin.60	NA	NA	NA	NA	NA	NA	NA	NA	NA	NA	NA	NA	NA	NA	NA	NA	NA	NA	NA	NA	NA	0.00325900	NA	NA	NA	NA	NA	NA	NA	NA	NA	NA	NA	NA	NA	NA	NA	NA	NA	NA	NA	NA	NA	NA	NA	NA	NA	NA	0.00224514	NA	0.00193651	NA	NA
Rat230_bin.61	NA	NA	NA	NA	NA	NA	NA	NA	NA	NA	NA	NA	NA	NA	NA	NA	NA	NA	NA	NA	NA	NA	NA	NA	NA	NA	NA	NA	NA	NA	NA	NA	NA	NA	NA	NA	NA	NA	NA	NA	0.00197375	NA	NA	NA	NA	NA	NA	NA	0.00307007	NA	NA	0.00392670	NA
Rat230_bin.62	NA	NA	NA	NA	NA	NA	NA	NA	NA	NA	NA	NA	NA	NA	NA	NA	NA	NA	NA	NA	NA	NA	NA	NA	NA	NA	NA	NA	NA	NA	NA	NA	NA	NA	NA	NA	NA	NA	NA	NA	NA	NA	NA	NA	NA	NA	NA	NA	0.00085800	NA	NA	0.00383509	NA
Rat230_bin.63	NA	NA	NA	NA	NA	NA	NA	NA	NA	NA	NA	NA	NA	NA	NA	NA	NA	NA	NA	NA	NA	NA	NA	NA	NA	NA	NA	NA	NA	NA	NA	NA	NA	NA	NA	NA	NA	NA	NA	NA	NA	NA	NA	NA	NA	NA	NA	NA	0.00099544	NA	0.00072113	0.00050500	NA
Rat230_bin.64	NA	NA	NA	NA	NA	NA	NA	NA	NA	NA	NA	NA	NA	NA	NA	NA	NA	NA	NA	NA	NA	NA	NA	NA	NA	NA	NA	NA	NA	NA	NA	NA	NA	0.00099009	NA	NA	NA	NA	NA	NA	NA	NA	NA	NA	NA	NA	NA	NA	0.00492900	NA	NA	0.00061559	NA
Rat230_bin.66	NA	NA	NA	NA	NA	NA	NA	NA	NA	NA	NA	NA	NA	NA	NA	NA	NA	NA	NA	NA	NA	NA	NA	NA	NA	NA	NA	NA	NA	NA	NA	NA	NA	NA	NA	NA	NA	NA	NA	NA	NA	NA	NA	NA	NA	NA	NA	NA	0.00219832	NA	0.00413862	0.00231357	NA
Rat230_bin.67	NA	NA	NA	NA	NA	NA	NA	NA	NA	NA	NA	NA	NA	NA	NA	NA	NA	NA	NA	NA	NA	NA	NA	NA	NA	NA	NA	NA	NA	NA	NA	NA	NA	NA	NA	NA	NA	NA	NA	NA	NA	NA	NA	NA	NA	NA	NA	NA	0.00163430	NA	0.00123683	NA	NA
Rat230_bin.7	NA	NA	NA	NA	NA	NA	NA	NA	NA	NA	NA	0.00104128	NA	NA	NA	NA	NA	NA	NA	NA	NA	NA	NA	NA	NA	NA	NA	NA	NA	NA	NA	NA	0.00118847	0.00317530	NA	NA	NA	NA	NA	NA	NA	NA	0.00111380	NA	NA	NA	NA	NA	0.00125988	NA	NA	NA	NA
Rat230_bin.8	NA	NA	NA	NA	NA	NA	NA	NA	NA	NA	0.01598002	NA	NA	NA	NA	NA	NA	NA	NA	NA	NA	NA	NA	NA	NA	NA	NA	NA	NA	NA	NA	NA	NA	NA	NA	NA	NA	NA	NA	NA	NA	NA	0.00584963	NA	NA	NA	NA	0.00651127	0.00147772	NA	NA	NA	NA
Rat231_bin.1	NA	NA	NA	NA	NA	NA	NA	NA	NA	NA	NA	0.00943336	NA	NA	NA	NA	0.00876710	NA	NA	NA	NA	NA	0.00762970	NA	NA	NA	NA	NA	0.00682241	NA	NA	NA	NA	NA	NA	NA	NA	NA	0.01115379	NA	0.00521002	NA	NA	0.01576587	NA	NA	NA	NA	NA	0.00502970	NA	NA	NA
Rat231_bin.10	NA	NA	NA	NA	NA	NA	NA	NA	NA	NA	NA	NA	NA	NA	NA	NA	NA	NA	NA	NA	NA	NA	NA	NA	NA	NA	NA	NA	NA	NA	NA	NA	NA	NA	NA	NA	NA	NA	NA	NA	NA	NA	NA	NA	NA	NA	NA	NA	NA	0.00759260	NA	0.01204980	0.00600515
Rat231_bin.12	NA	NA	0.00076215	NA	NA	NA	NA	NA	NA	NA	NA	NA	NA	NA	NA	NA	NA	NA	NA	0.00106491	NA	NA	NA	NA	NA	NA	NA	NA	NA	NA	NA	NA	NA	NA	NA	NA	NA	NA	NA	NA	NA	NA	NA	NA	NA	NA	NA	0.00416071	0.00326132	0.00143380	NA	0.00472529	NA
Rat231_bin.13	NA	NA	NA	NA	NA	NA	NA	NA	NA	NA	NA	NA	NA	NA	NA	NA	NA	NA	NA	NA	NA	NA	NA	NA	NA	NA	NA	NA	NA	NA	NA	NA	NA	NA	NA	NA	NA	NA	0.00050586	NA	NA	NA	NA	0.00402928	NA	0.00047018	NA	NA	NA	0.00051229	NA	NA	NA
Rat231_bin.14	NA	NA	NA	NA	NA	NA	NA	NA	NA	NA	NA	NA	0.00317654	NA	NA	NA	NA	NA	NA	NA	NA	NA	NA	NA	NA	NA	NA	NA	NA	NA	NA	NA	NA	NA	NA	NA	NA	NA	NA	NA	NA	NA	NA	NA	NA	0.00194922	NA	0.01031138	0.00532281	0.00146655	NA	0.01633487	NA
Rat231_bin.15	NA	NA	NA	NA	NA	NA	NA	NA	NA	NA	NA	NA	NA	NA	NA	NA	NA	NA	NA	NA	NA	NA	NA	NA	NA	NA	NA	NA	NA	NA	NA	NA	NA	NA	NA	NA	NA	NA	NA	NA	NA	NA	0.00247245	NA	NA	NA	NA	0.00722119	NA	0.00130308	NA	0.00257456	NA
Rat231_bin.16	NA	NA	NA	NA	NA	NA	NA	NA	NA	NA	NA	NA	0.01358434	NA	NA	NA	NA	NA	NA	NA	NA	NA	NA	NA	NA	NA	NA	NA	0.00414852	NA	NA	NA	NA	NA	NA	NA	NA	NA	NA	NA	NA	0.00404266	NA	NA	NA	NA	NA	NA	NA	0.00625777	NA	NA	0.01025359
Rat231_bin.17	NA	NA	NA	NA	NA	NA	NA	NA	NA	NA	NA	NA	NA	NA	NA	NA	NA	NA	NA	NA	NA	NA	NA	NA	NA	NA	NA	NA	NA	NA	NA	NA	NA	NA	NA	NA	NA	NA	NA	NA	NA	NA	NA	NA	NA	NA	NA	NA	NA	0.00251906	NA	NA	NA
Rat231_bin.18	NA	NA	NA	NA	NA	0.01229869	NA	NA	NA	NA	NA	NA	NA	0.00992273	NA	NA	NA	NA	NA	NA	NA	NA	NA	NA	NA	NA	NA	NA	NA	NA	NA	NA	NA	NA	NA	NA	NA	NA	NA	NA	NA	NA	NA	NA	NA	NA	NA	NA	NA	0.01385398	NA	NA	NA
Rat231_bin.20	NA	NA	NA	NA	NA	NA	NA	NA	0.00236971	NA	NA	0.00247111	NA	NA	0.00219329	NA	NA	0.00169895	NA	0.00421195	NA	NA	NA	NA	NA	NA	NA	0.00188464	NA	NA	NA	0.00413326	NA	NA	NA	NA	NA	NA	NA	NA	NA	0.00266980	0.00128820	NA	NA	NA	NA	0.00470142	0.01360805	0.00121113	0.00514148	0.00495762	NA
Rat231_bin.21	NA	NA	NA	NA	NA	NA	NA	NA	NA	NA	NA	NA	0.00165434	NA	NA	NA	NA	NA	NA	NA	NA	NA	NA	NA	NA	NA	NA	NA	NA	NA	NA	NA	NA	NA	NA	0.00247183	NA	NA	NA	NA	NA	NA	NA	NA	NA	0.00080559	NA	NA	0.00792579	0.00089056	NA	0.01531103	NA
Rat231_bin.22	NA	NA	NA	NA	NA	NA	NA	NA	0.00882707	NA	NA	NA	NA	NA	NA	NA	NA	NA	NA	0.00340986	NA	NA	NA	NA	NA	NA	NA	NA	0.00227859	NA	NA	NA	NA	NA	NA	NA	NA	NA	NA	NA	NA	NA	0.00754341	NA	NA	0.00295076	NA	NA	NA	0.00686576	NA	NA	NA
Rat231_bin.23	NA	NA	NA	NA	NA	NA	NA	NA	0.00315432	NA	0.00754403	0.00724989	0.01068084	NA	0.00869718	NA	0.00682383	0.00634520	NA	NA	NA	NA	NA	NA	NA	NA	NA	NA	NA	NA	NA	NA	NA	NA	NA	NA	NA	NA	NA	NA	NA	NA	0.00126471	NA	NA	0.00830899	NA	0.00742042	0.00528660	0.00170499	NA	0.01504200	NA
Rat231_bin.24	NA	NA	NA	NA	NA	NA	NA	NA	NA	NA	NA	NA	NA	NA	NA	NA	NA	NA	NA	NA	NA	NA	NA	NA	NA	NA	NA	NA	NA	NA	NA	NA	NA	NA	NA	NA	NA	NA	NA	NA	NA	NA	NA	NA	NA	NA	NA	NA	NA	0.00108061	NA	0.00123094	NA
Rat231_bin.25	NA	NA	NA	NA	NA	NA	NA	NA	NA	NA	NA	NA	NA	NA	NA	NA	NA	NA	NA	NA	NA	NA	NA	NA	NA	NA	NA	NA	NA	NA	NA	NA	NA	NA	0.00090520	NA	NA	NA	NA	NA	NA	NA	NA	NA	NA	NA	NA	NA	NA	0.00160765	NA	NA	NA
Rat231_bin.26	NA	NA	NA	NA	NA	NA	NA	NA	NA	NA	NA	NA	NA	NA	NA	NA	NA	NA	NA	NA	NA	NA	NA	NA	NA	NA	NA	NA	NA	NA	NA	NA	NA	NA	NA	NA	NA	NA	NA	NA	NA	NA	NA	NA	NA	NA	NA	NA	NA	0.00072609	NA	NA	NA
Rat231_bin.27	NA	NA	NA	0.00077832	NA	NA	NA	NA	0.00425931	NA	NA	0.00649569	0.00154083	NA	0.00078481	NA	NA	NA	NA	0.00067667	NA	NA	NA	NA	NA	NA	NA	NA	NA	NA	NA	NA	NA	NA	NA	NA	0.00066249	NA	NA	0.00055845	0.00111934	0.00280815	NA	NA	NA	0.00100166	NA	0.00370377	NA	0.00111225	NA	NA	0.00148545
Rat231_bin.28	0.00470103	0.00673612	NA	NA	NA	0.00670174	NA	NA	NA	NA	NA	0.00577540	NA	NA	NA	NA	NA	NA	NA	NA	NA	NA	NA	NA	NA	NA	NA	NA	NA	NA	NA	NA	NA	NA	NA	NA	NA	NA	NA	NA	NA	NA	NA	0.00393081	NA	NA	NA	NA	0.00259418	0.00201765	NA	NA	NA
Rat231_bin.29	NA	NA	0.00057340	NA	NA	NA	NA	NA	NA	NA	NA	NA	NA	NA	NA	NA	NA	NA	NA	0.00071649	NA	NA	NA	NA	NA	NA	NA	NA	NA	NA	NA	NA	NA	NA	NA	NA	NA	NA	NA	NA	NA	NA	NA	NA	NA	NA	NA	NA	NA	0.00130064	0.00097914	NA	NA
Rat231_bin.3	NA	NA	NA	NA	NA	NA	NA	NA	NA	NA	NA	NA	NA	NA	NA	NA	NA	0.00063540	NA	0.00113243	NA	NA	NA	NA	NA	NA	NA	NA	NA	NA	NA	0.00191178	NA	NA	NA	NA	NA	NA	NA	NA	NA	NA	NA	NA	NA	0.00114604	NA	NA	NA	0.00154183	NA	0.00148054	NA
Rat231_bin.30	NA	NA	NA	NA	NA	NA	NA	NA	0.00111316	NA	NA	NA	0.00104431	NA	NA	NA	0.00066467	0.00055739	NA	NA	NA	NA	NA	NA	NA	NA	NA	NA	NA	NA	0.00068561	NA	0.00086517	NA	NA	NA	NA	NA	NA	NA	NA	NA	NA	NA	NA	NA	NA	NA	NA	0.00106059	NA	NA	NA
Rat231_bin.31	NA	NA	NA	NA	NA	NA	NA	NA	NA	NA	0.00355776	NA	NA	NA	NA	NA	NA	NA	NA	NA	NA	NA	NA	NA	NA	NA	NA	NA	NA	NA	0.00206494	NA	NA	NA	NA	NA	NA	NA	NA	NA	0.00280148	NA	NA	NA	NA	NA	NA	NA	NA	0.00142314	NA	NA	NA
Rat231_bin.32	NA	NA	NA	NA	NA	NA	NA	NA	NA	NA	NA	NA	NA	NA	NA	NA	NA	NA	NA	NA	NA	NA	NA	NA	NA	NA	NA	NA	NA	NA	NA	NA	NA	NA	NA	NA	NA	NA	NA	NA	NA	NA	NA	NA	NA	NA	NA	NA	NA	0.00160035	NA	NA	NA
Rat231_bin.36	NA	NA	NA	NA	NA	NA	NA	NA	0.00321227	NA	NA	NA	0.00489291	NA	NA	NA	NA	NA	NA	0.00921214	NA	NA	NA	NA	NA	NA	NA	NA	NA	NA	0.01172626	NA	NA	NA	NA	NA	NA	NA	NA	NA	NA	NA	0.00154427	NA	NA	0.00208294	0.00391340	0.00848085	0.01804364	0.00141708	0.01260169	0.00512091	NA
Rat231_bin.37	NA	NA	NA	NA	NA	NA	NA	NA	NA	NA	NA	NA	NA	NA	NA	NA	NA	NA	NA	NA	NA	NA	NA	NA	NA	NA	NA	NA	NA	NA	NA	NA	NA	NA	NA	NA	NA	NA	NA	NA	NA	NA	NA	NA	NA	NA	NA	NA	0.00138387	0.00180965	NA	NA	NA
Rat231_bin.38	NA	NA	NA	NA	NA	NA	NA	NA	0.00187905	NA	NA	NA	0.00442756	NA	NA	NA	NA	0.00148750	NA	0.00282710	NA	NA	NA	NA	NA	NA	NA	0.00466232	0.00192599	0.00111929	0.00172086	NA	NA	NA	NA	NA	NA	NA	NA	NA	NA	NA	NA	NA	NA	NA	0.00230333	NA	0.00232004	0.00113033	0.00218292	0.00379834	NA
Rat231_bin.39	NA	NA	NA	NA	NA	NA	NA	NA	NA	NA	NA	NA	NA	NA	NA	NA	NA	NA	NA	NA	NA	NA	NA	NA	NA	NA	NA	NA	NA	NA	NA	NA	NA	NA	NA	NA	NA	NA	NA	NA	NA	NA	NA	NA	NA	NA	NA	NA	NA	0.00182753	NA	NA	NA
Rat231_bin.4	NA	NA	NA	NA	NA	NA	NA	NA	NA	NA	NA	NA	NA	NA	NA	NA	NA	NA	NA	NA	NA	NA	NA	NA	NA	NA	NA	NA	NA	NA	NA	NA	NA	NA	NA	NA	NA	NA	NA	NA	NA	NA	NA	NA	NA	0.00168887	NA	NA	NA	0.00177077	NA	NA	NA
Rat231_bin.40	NA	NA	0.00700204	0.00526761	NA	NA	NA	NA	0.01058577	NA	NA	NA	0.01346928	NA	NA	NA	NA	0.00212044	NA	0.00376170	NA	NA	NA	NA	NA	NA	NA	0.01138311	NA	NA	0.01265409	0.01288426	NA	NA	NA	NA	NA	NA	0.00220111	NA	NA	NA	0.00717963	NA	NA	0.00978465	0.00208187	0.00769154	0.00469562	0.00176584	0.00820571	0.00809639	0.00169073
Rat231_bin.41	NA	NA	NA	NA	NA	NA	NA	NA	NA	NA	NA	NA	NA	NA	NA	NA	NA	NA	NA	NA	NA	NA	NA	NA	NA	NA	NA	NA	0.01238303	NA	0.00914872	NA	NA	NA	NA	NA	NA	NA	NA	NA	NA	NA	NA	NA	NA	NA	NA	NA	NA	0.00375814	NA	NA	NA
Rat231_bin.42	NA	NA	NA	NA	NA	NA	NA	NA	NA	NA	NA	0.00216733	0.00200123	NA	NA	NA	NA	NA	NA	0.00058987	NA	NA	NA	NA	NA	NA	NA	NA	NA	NA	NA	NA	NA	NA	NA	NA	NA	NA	NA	NA	NA	NA	NA	NA	NA	NA	NA	0.01192127	0.00289352	0.00094385	NA	0.00905072	NA
Rat231_bin.43	NA	NA	NA	NA	NA	NA	NA	NA	NA	NA	NA	NA	NA	NA	NA	NA	NA	NA	NA	NA	NA	NA	NA	NA	NA	NA	NA	NA	NA	NA	NA	NA	NA	NA	NA	NA	NA	NA	NA	NA	NA	NA	NA	NA	NA	NA	NA	NA	NA	0.00184078	NA	NA	NA
Rat231_bin.44	NA	NA	NA	NA	NA	NA	NA	NA	NA	NA	NA	NA	NA	NA	NA	NA	NA	NA	NA	NA	NA	NA	NA	NA	NA	NA	NA	NA	NA	NA	NA	NA	NA	NA	NA	NA	NA	NA	NA	NA	NA	NA	NA	NA	NA	NA	NA	NA	NA	0.00091362	NA	NA	0.00233694
Rat231_bin.45	NA	NA	0.00373028	0.00200585	NA	NA	NA	NA	NA	NA	NA	NA	0.00230672	NA	NA	NA	0.00248851	0.00093559	NA	0.00160180	NA	NA	NA	NA	NA	NA	NA	NA	NA	NA	0.00178281	0.00296559	NA	NA	NA	NA	0.00085233	NA	0.00130098	NA	0.00109217	NA	NA	NA	NA	NA	0.00400496	NA	0.00401465	0.00124331	0.00143259	0.00478754	NA
Rat231_bin.46	NA	NA	NA	NA	NA	NA	NA	NA	NA	NA	NA	NA	NA	NA	NA	NA	NA	NA	NA	NA	NA	NA	NA	NA	NA	NA	NA	NA	NA	NA	NA	NA	NA	NA	NA	NA	NA	NA	NA	NA	NA	NA	NA	NA	NA	NA	NA	NA	NA	0.00149797	NA	NA	NA
Rat231_bin.47	NA	0.00267381	0.00138116	NA	0.00059309	NA	NA	NA	NA	NA	NA	0.00048656	NA	NA	NA	NA	NA	NA	NA	0.00075050	NA	NA	NA	0.00092704	NA	NA	0.00245107	0.00080097	0.00100086	0.00114322	NA	0.00087508	NA	NA	NA	NA	NA	NA	NA	0.00089168	NA	0.00067582	0.00071527	NA	NA	0.00199283	NA	NA	NA	0.00098512	NA	NA	0.00072023
Rat231_bin.48	NA	NA	NA	NA	NA	NA	NA	NA	NA	NA	0.00423152	NA	NA	NA	NA	NA	NA	NA	NA	NA	NA	NA	NA	NA	NA	NA	NA	NA	NA	NA	NA	NA	NA	NA	NA	NA	NA	NA	NA	NA	NA	NA	NA	NA	NA	NA	NA	NA	NA	0.00108801	NA	NA	NA
Rat231_bin.5	NA	NA	NA	NA	NA	NA	NA	NA	NA	NA	NA	NA	NA	NA	NA	NA	NA	NA	NA	NA	NA	NA	NA	NA	NA	NA	NA	NA	NA	NA	NA	NA	NA	NA	NA	NA	NA	NA	NA	NA	NA	0.00068931	NA	NA	NA	NA	NA	NA	0.00150072	0.00060066	NA	0.00081171	NA
Rat231_bin.50	NA	NA	NA	NA	NA	NA	NA	NA	NA	NA	NA	NA	NA	NA	NA	NA	NA	NA	NA	NA	NA	NA	NA	NA	NA	NA	NA	NA	NA	NA	NA	NA	NA	NA	NA	NA	NA	NA	NA	NA	NA	NA	NA	NA	NA	NA	NA	NA	NA	0.00112992	NA	NA	NA
Rat231_bin.51	NA	NA	NA	NA	NA	NA	NA	NA	NA	NA	NA	0.00266265	0.00854937	NA	NA	NA	NA	NA	NA	0.00328584	NA	NA	NA	NA	NA	NA	NA	0.00095042	NA	NA	NA	NA	NA	NA	NA	NA	NA	NA	NA	NA	NA	NA	NA	NA	NA	NA	0.00708965	NA	NA	0.00083327	NA	0.00163760	NA
Rat231_bin.52	NA	NA	NA	NA	NA	NA	NA	NA	NA	NA	NA	NA	NA	NA	NA	NA	NA	NA	NA	NA	NA	NA	NA	NA	NA	NA	NA	NA	NA	NA	NA	NA	NA	NA	NA	NA	NA	NA	NA	NA	0.00963419	NA	NA	NA	NA	NA	NA	NA	0.00810349	0.01530328	NA	NA	NA
Rat231_bin.53	NA	NA	NA	NA	NA	NA	NA	NA	NA	NA	NA	NA	NA	NA	NA	NA	NA	NA	NA	NA	NA	NA	NA	NA	NA	NA	NA	0.00053327	NA	NA	NA	NA	NA	NA	NA	0.00022984	NA	NA	NA	NA	NA	NA	NA	NA	NA	NA	NA	0.00087152	0.00096189	0.00090845	NA	0.00153260	NA
Rat231_bin.54	NA	NA	NA	NA	NA	NA	NA	NA	NA	NA	NA	NA	NA	NA	NA	NA	NA	NA	NA	0.00199342	NA	NA	NA	NA	NA	NA	NA	NA	0.00146365	NA	NA	NA	NA	NA	NA	NA	NA	NA	0.00062945	NA	NA	0.00429880	NA	NA	NA	NA	NA	NA	NA	0.00093237	NA	NA	NA
Rat231_bin.55	NA	NA	NA	NA	NA	NA	NA	NA	NA	NA	NA	NA	NA	NA	NA	NA	NA	NA	NA	NA	NA	NA	NA	NA	NA	NA	NA	NA	NA	NA	NA	NA	NA	NA	NA	NA	NA	NA	NA	NA	NA	NA	NA	NA	NA	NA	NA	NA	0.00289611	0.00113942	NA	0.00511104	0.00062526
Rat231_bin.57	NA	NA	0.00178194	NA	0.00126042	NA	NA	0.00113341	NA	NA	NA	NA	NA	NA	NA	NA	NA	NA	NA	NA	NA	NA	NA	NA	NA	NA	NA	NA	0.00148809	NA	NA	NA	NA	NA	NA	NA	NA	NA	NA	NA	0.00131036	NA	NA	NA	NA	NA	NA	NA	NA	0.00111199	NA	NA	NA
Rat231_bin.58	NA	NA	NA	NA	NA	NA	NA	NA	0.00128623	NA	NA	NA	NA	NA	NA	NA	NA	NA	NA	NA	NA	NA	NA	NA	NA	NA	NA	NA	NA	NA	NA	NA	NA	NA	NA	NA	NA	NA	NA	NA	NA	NA	NA	NA	NA	NA	NA	NA	NA	0.00145927	NA	NA	NA
Rat231_bin.59	NA	NA	NA	NA	NA	NA	NA	NA	NA	NA	NA	NA	NA	NA	NA	NA	NA	NA	NA	NA	NA	NA	NA	NA	NA	NA	NA	NA	NA	NA	NA	NA	NA	NA	NA	NA	NA	NA	NA	NA	NA	NA	NA	NA	NA	NA	NA	0.00222601	NA	0.00132364	NA	NA	NA
Rat231_bin.6	NA	NA	NA	NA	NA	0.00165845	NA	NA	NA	0.00084427	NA	NA	NA	NA	NA	NA	NA	NA	NA	NA	NA	NA	NA	NA	0.00202202	0.00093047	NA	NA	NA	NA	NA	NA	NA	NA	NA	NA	NA	NA	NA	NA	NA	NA	NA	NA	NA	NA	NA	NA	NA	0.00145114	NA	0.00046114	NA
Rat231_bin.60	NA	NA	NA	NA	NA	NA	NA	NA	NA	NA	NA	NA	0.00049901	NA	NA	NA	NA	0.00049151	NA	0.00027822	NA	NA	NA	NA	NA	NA	NA	0.00071827	NA	0.00069944	0.00082670	NA	NA	NA	NA	NA	NA	NA	NA	NA	NA	0.00117857	NA	NA	NA	0.00105211	0.00078488	NA	0.00181088	0.00100334	NA	NA	0.00078919
Rat231_bin.61	NA	NA	NA	NA	NA	NA	NA	NA	NA	NA	NA	NA	NA	NA	NA	NA	NA	NA	NA	NA	NA	NA	NA	NA	NA	NA	NA	NA	0.00432260	NA	NA	NA	NA	0.00686727	NA	NA	NA	NA	0.00618902	NA	NA	NA	NA	NA	NA	NA	NA	NA	NA	0.00434668	NA	NA	0.00491786
Rat231_bin.63	NA	NA	0.00034320	NA	NA	NA	NA	NA	NA	NA	0.00054305	0.00071032	0.00043067	NA	NA	NA	NA	NA	NA	0.00046378	NA	NA	NA	NA	NA	NA	NA	NA	NA	NA	NA	NA	NA	0.00066950	NA	NA	NA	NA	NA	NA	NA	NA	0.00042766	NA	NA	NA	0.00131686	NA	NA	0.00090053	NA	NA	0.00072781
Rat231_bin.64	NA	NA	NA	NA	NA	NA	NA	NA	NA	NA	NA	NA	NA	NA	NA	NA	NA	NA	NA	NA	NA	NA	NA	NA	NA	NA	NA	NA	NA	NA	NA	NA	NA	NA	NA	NA	NA	NA	NA	NA	NA	0.00145364	NA	NA	NA	NA	NA	NA	NA	0.00122475	NA	NA	NA
Rat231_bin.7	NA	NA	0.00132784	0.00534578	NA	NA	NA	NA	NA	NA	NA	NA	0.00216606	NA	NA	NA	NA	NA	NA	0.00400956	NA	NA	NA	NA	NA	NA	NA	NA	NA	NA	0.00433526	NA	0.00292286	NA	NA	NA	NA	NA	NA	NA	0.00541642	NA	0.00493256	NA	NA	NA	NA	0.00422091	NA	0.00272432	NA	0.00560285	NA
Rat231_bin.8	NA	NA	0.00079837	NA	NA	NA	NA	NA	NA	NA	NA	NA	NA	NA	NA	NA	NA	NA	NA	NA	NA	NA	NA	NA	NA	NA	NA	NA	NA	NA	NA	NA	0.00076709	NA	NA	NA	NA	NA	NA	NA	NA	NA	0.00101767	NA	NA	NA	0.00138786	NA	0.00129770	0.00195915	NA	NA	NA
Rat231_bin.9	NA	NA	NA	NA	NA	NA	NA	NA	NA	NA	NA	NA	NA	NA	NA	NA	NA	NA	NA	NA	NA	NA	NA	NA	NA	NA	NA	NA	NA	NA	NA	NA	NA	NA	NA	NA	NA	NA	NA	NA	NA	NA	NA	NA	NA	NA	NA	NA	NA	0.00180996	NA	NA	NA
Rat236_bin.1	NA	NA	NA	NA	NA	NA	NA	NA	NA	NA	NA	NA	NA	NA	NA	NA	NA	NA	NA	NA	NA	NA	NA	NA	NA	NA	NA	NA	NA	0.00053462	NA	NA	NA	NA	NA	NA	NA	NA	0.00113625	NA	NA	NA	0.00100998	NA	NA	NA	NA	NA	NA	NA	0.00106666	NA	NA
Rat236_bin.10	NA	NA	NA	NA	NA	NA	NA	NA	NA	NA	NA	NA	0.00049524	NA	NA	NA	NA	NA	NA	0.00132018	NA	NA	NA	NA	NA	NA	NA	NA	NA	NA	NA	NA	NA	NA	NA	NA	NA	NA	NA	NA	NA	NA	NA	NA	NA	0.00103553	NA	NA	0.00100593	NA	0.00086127	0.00113362	NA
Rat236_bin.13	NA	NA	NA	NA	NA	NA	NA	NA	NA	NA	NA	NA	NA	NA	NA	NA	NA	NA	NA	NA	NA	NA	NA	NA	NA	NA	NA	NA	NA	NA	NA	NA	NA	NA	NA	NA	NA	NA	NA	NA	NA	NA	NA	NA	NA	NA	NA	NA	NA	NA	0.00115046	NA	NA
Rat236_bin.14	NA	NA	0.00345101	NA	NA	NA	NA	NA	0.00592591	NA	NA	NA	0.00490886	NA	NA	NA	NA	NA	NA	0.00118527	NA	NA	NA	NA	NA	NA	NA	NA	0.00225524	NA	0.00188031	NA	NA	NA	0.00133997	0.00074363	0.00097912	0.00234642	NA	NA	NA	NA	NA	NA	NA	NA	0.00175187	0.00381278	0.00257499	0.00134765	0.00128370	0.00103976	NA
Rat236_bin.15	NA	0.00550762	0.00716334	NA	NA	0.00543889	NA	NA	0.00769832	0.00368273	NA	0.00911207	0.00710875	NA	NA	0.00602440	NA	NA	NA	NA	NA	NA	NA	0.00271396	NA	NA	0.00467107	NA	NA	NA	NA	NA	NA	NA	NA	NA	NA	NA	NA	0.00563567	NA	NA	NA	NA	NA	0.00671011	NA	0.00643612	0.00633441	NA	0.00220962	0.00147338	NA
Rat236_bin.17	NA	NA	NA	NA	NA	NA	NA	NA	0.00167409	NA	NA	NA	0.00209673	NA	NA	NA	NA	NA	NA	NA	NA	NA	NA	NA	NA	NA	NA	NA	NA	NA	NA	NA	NA	NA	NA	NA	NA	NA	NA	NA	NA	NA	NA	NA	NA	NA	NA	NA	NA	NA	0.00104259	NA	NA
Rat236_bin.19	NA	NA	NA	NA	NA	NA	NA	NA	NA	NA	NA	NA	NA	NA	NA	NA	NA	NA	NA	NA	NA	NA	NA	NA	NA	NA	NA	NA	NA	NA	NA	NA	NA	NA	NA	NA	NA	NA	NA	NA	NA	NA	NA	NA	NA	NA	NA	NA	0.00340299	NA	0.00473160	NA	NA
Rat236_bin.2	NA	0.00412429	NA	0.00559615	NA	0.00619238	NA	NA	0.00447185	0.00557810	NA	0.00268088	0.00453551	NA	NA	0.00550656	NA	NA	NA	NA	NA	NA	NA	NA	NA	NA	0.00303033	NA	NA	NA	NA	NA	NA	NA	NA	NA	NA	NA	NA	0.00375576	NA	NA	NA	NA	NA	0.00437412	0.00173271	0.00223268	0.00303935	NA	0.00097841	0.00239839	NA
Rat236_bin.20	NA	NA	NA	NA	NA	NA	NA	NA	NA	NA	NA	NA	NA	NA	NA	NA	NA	NA	NA	NA	NA	NA	NA	NA	NA	NA	NA	NA	NA	NA	NA	NA	NA	NA	NA	NA	NA	NA	NA	NA	NA	NA	NA	NA	NA	NA	NA	NA	NA	NA	0.00106592	0.00442483	NA
Rat236_bin.21	NA	NA	NA	NA	NA	NA	NA	NA	NA	NA	NA	NA	NA	NA	NA	NA	NA	NA	NA	NA	NA	NA	NA	NA	NA	NA	NA	NA	NA	NA	NA	NA	NA	NA	0.00541782	0.00477794	NA	NA	NA	NA	NA	NA	0.00578437	NA	NA	NA	NA	0.00389652	NA	NA	0.00226388	0.00427876	NA
Rat236_bin.22	NA	NA	NA	NA	NA	NA	NA	NA	NA	NA	NA	NA	NA	NA	NA	NA	NA	NA	NA	NA	NA	NA	NA	NA	NA	NA	NA	NA	NA	NA	NA	NA	NA	NA	NA	NA	NA	NA	NA	NA	NA	NA	NA	NA	NA	NA	NA	0.00050302	0.00385065	NA	0.00074736	NA	NA
Rat236_bin.23	NA	NA	NA	NA	NA	NA	NA	NA	NA	NA	NA	NA	NA	NA	NA	NA	NA	NA	NA	NA	NA	NA	NA	NA	NA	NA	NA	NA	NA	NA	NA	NA	NA	NA	NA	NA	NA	NA	NA	NA	NA	NA	NA	NA	NA	NA	NA	NA	NA	NA	0.00090139	NA	NA
Rat236_bin.24	NA	NA	NA	NA	NA	NA	NA	NA	0.00142011	NA	NA	NA	NA	NA	NA	NA	NA	NA	NA	NA	NA	NA	NA	NA	NA	NA	NA	NA	NA	NA	NA	NA	NA	NA	NA	NA	NA	NA	NA	NA	NA	NA	NA	NA	NA	NA	NA	0.00152731	0.00238118	NA	0.00103392	NA	NA
Rat236_bin.25	NA	NA	NA	NA	NA	NA	NA	NA	NA	NA	NA	NA	NA	NA	NA	NA	NA	NA	NA	NA	NA	NA	NA	NA	NA	NA	NA	NA	NA	NA	NA	NA	NA	NA	NA	NA	NA	NA	NA	NA	NA	0.00205655	NA	NA	NA	NA	NA	NA	NA	NA	0.00173012	NA	NA
Rat236_bin.26	NA	NA	0.00080497	NA	NA	NA	NA	NA	NA	NA	NA	NA	NA	NA	NA	NA	NA	NA	NA	0.00112022	NA	NA	NA	NA	NA	NA	NA	NA	NA	NA	NA	NA	NA	NA	NA	NA	NA	NA	NA	NA	NA	NA	NA	NA	NA	NA	NA	NA	NA	0.00147672	0.00100323	NA	NA
Rat236_bin.27	NA	NA	NA	NA	NA	NA	NA	NA	0.00571380	NA	NA	NA	0.00629146	NA	NA	NA	NA	NA	NA	0.00594355	NA	NA	NA	NA	NA	NA	NA	NA	NA	NA	NA	NA	NA	NA	NA	NA	NA	NA	NA	NA	NA	NA	NA	NA	NA	NA	0.00619568	NA	0.00284450	NA	0.00108943	NA	NA
Rat236_bin.28	NA	NA	NA	NA	NA	NA	NA	NA	NA	NA	NA	NA	NA	NA	NA	NA	NA	NA	NA	NA	NA	NA	NA	NA	NA	NA	NA	NA	NA	NA	NA	NA	NA	NA	NA	NA	NA	NA	NA	NA	NA	NA	NA	NA	NA	NA	NA	0.00783632	0.01972232	NA	0.00288870	0.00182974	NA
Rat236_bin.29	NA	NA	0.00431951	0.00147810	NA	NA	NA	NA	0.00238921	NA	0.00440645	NA	NA	NA	NA	NA	NA	NA	NA	NA	NA	NA	NA	NA	NA	NA	NA	NA	NA	NA	NA	NA	NA	NA	NA	0.00079371	NA	NA	0.00709365	0.00723391	NA	NA	NA	NA	NA	0.00383690	0.00764826	0.00355896	0.00201998	NA	0.00164651	NA	NA
Rat236_bin.30	NA	NA	NA	NA	NA	NA	NA	NA	0.00368124	NA	NA	NA	NA	NA	NA	NA	NA	NA	NA	NA	NA	NA	NA	NA	NA	NA	NA	NA	NA	NA	NA	NA	NA	NA	NA	NA	NA	NA	NA	NA	NA	NA	NA	NA	NA	NA	0.00207302	NA	NA	NA	0.00116531	NA	NA
Rat236_bin.31	NA	NA	NA	NA	NA	NA	NA	NA	NA	NA	NA	0.00586222	NA	NA	NA	NA	NA	NA	NA	NA	NA	NA	NA	NA	NA	NA	NA	NA	NA	NA	NA	NA	NA	NA	NA	NA	NA	NA	NA	NA	NA	0.00069796	NA	NA	NA	NA	NA	NA	0.00139489	0.00072681	0.00064211	0.00050692	0.00565648
Rat236_bin.33	NA	NA	NA	NA	NA	NA	NA	NA	NA	NA	NA	NA	NA	NA	NA	NA	NA	NA	NA	NA	NA	NA	NA	NA	NA	NA	NA	NA	NA	NA	NA	NA	NA	NA	NA	NA	NA	NA	NA	NA	NA	NA	NA	NA	NA	NA	NA	NA	NA	NA	0.00153061	NA	NA
Rat236_bin.34	NA	NA	NA	NA	NA	NA	NA	NA	NA	NA	NA	NA	NA	NA	NA	NA	NA	NA	NA	NA	NA	NA	NA	NA	NA	NA	NA	NA	NA	NA	NA	NA	NA	NA	NA	NA	NA	NA	NA	NA	NA	NA	NA	NA	NA	NA	NA	NA	NA	NA	0.00121009	NA	NA
Rat236_bin.35	NA	NA	NA	NA	NA	NA	NA	NA	NA	NA	NA	NA	NA	NA	NA	NA	NA	NA	NA	NA	NA	NA	NA	NA	NA	NA	NA	NA	NA	NA	NA	NA	NA	NA	NA	NA	NA	NA	NA	NA	NA	NA	0.00341529	NA	NA	NA	NA	NA	0.00295636	NA	0.00120666	NA	NA
Rat236_bin.4	NA	NA	NA	NA	NA	NA	NA	NA	NA	NA	NA	NA	NA	NA	NA	NA	NA	NA	NA	NA	NA	NA	NA	NA	NA	NA	NA	NA	NA	NA	NA	NA	NA	NA	NA	NA	NA	NA	NA	NA	NA	NA	0.00199501	NA	NA	NA	NA	NA	NA	NA	0.00167367	NA	NA
Rat236_bin.5	NA	NA	NA	NA	NA	NA	NA	NA	NA	NA	NA	NA	NA	NA	NA	NA	NA	NA	NA	NA	NA	NA	NA	NA	NA	NA	NA	NA	NA	NA	NA	NA	NA	NA	NA	NA	NA	0.00061451	NA	NA	NA	NA	NA	NA	NA	NA	NA	NA	NA	NA	0.00077074	0.00079100	NA
Rat236_bin.6	NA	NA	NA	NA	NA	NA	NA	NA	NA	NA	NA	NA	NA	NA	NA	NA	NA	NA	NA	NA	NA	NA	NA	NA	NA	NA	NA	NA	NA	NA	NA	NA	NA	NA	NA	NA	NA	NA	NA	NA	NA	NA	NA	NA	NA	NA	NA	NA	0.00116209	NA	0.00106013	NA	NA
Rat236_bin.7	NA	NA	NA	NA	NA	NA	NA	NA	NA	NA	NA	NA	NA	NA	NA	NA	NA	NA	NA	NA	NA	NA	NA	NA	NA	NA	NA	NA	NA	NA	NA	NA	NA	NA	NA	NA	NA	NA	NA	NA	NA	NA	NA	NA	NA	NA	NA	NA	NA	NA	0.00083392	NA	NA
Rat236_bin.9	NA	NA	NA	NA	NA	NA	NA	NA	NA	NA	NA	NA	NA	NA	NA	NA	NA	NA	NA	NA	NA	NA	NA	NA	NA	NA	NA	NA	NA	NA	NA	NA	NA	NA	NA	NA	NA	NA	NA	NA	NA	NA	NA	NA	NA	NA	NA	NA	NA	NA	0.00137183	0.00084437	NA
Rat237_bin.1	NA	NA	NA	NA	NA	NA	NA	NA	NA	NA	NA	NA	NA	NA	NA	NA	NA	NA	NA	NA	NA	NA	NA	NA	NA	NA	NA	0.00133497	NA	NA	NA	NA	NA	NA	NA	NA	NA	NA	NA	NA	NA	NA	0.00419681	NA	NA	NA	NA	NA	NA	NA	NA	0.00091188	NA
Rat237_bin.10	NA	NA	NA	NA	NA	NA	NA	NA	NA	NA	NA	NA	NA	NA	NA	NA	NA	NA	NA	NA	NA	NA	NA	NA	NA	NA	NA	NA	NA	NA	NA	NA	NA	NA	NA	NA	0.00070506	NA	NA	NA	NA	NA	NA	NA	NA	NA	NA	0.00266286	0.00120504	NA	NA	0.00080960	NA
Rat237_bin.11	NA	NA	NA	NA	NA	NA	NA	NA	NA	NA	NA	NA	NA	NA	NA	NA	NA	NA	NA	NA	NA	NA	NA	NA	NA	NA	NA	NA	NA	NA	NA	NA	NA	NA	0.00238145	NA	0.00493238	NA	NA	NA	0.00895539	NA	NA	NA	NA	NA	NA	0.00363032	NA	0.00078146	0.01076373	0.00663565	NA
Rat237_bin.12	NA	NA	0.00831840	NA	NA	NA	NA	NA	0.00548846	NA	0.00620887	0.00451717	NA	NA	NA	NA	NA	NA	NA	NA	NA	NA	NA	NA	NA	NA	NA	NA	NA	NA	NA	NA	NA	NA	NA	NA	NA	0.00159499	NA	NA	NA	NA	0.00805172	NA	NA	NA	NA	0.00651776	NA	0.00569356	NA	0.00318543	NA
Rat237_bin.13	NA	NA	NA	0.00435524	NA	0.00589953	0.00158027	NA	0.00459012	NA	NA	0.00491069	NA	NA	NA	NA	NA	NA	NA	NA	NA	NA	NA	NA	NA	NA	NA	NA	NA	NA	NA	NA	NA	NA	NA	NA	NA	NA	NA	0.00402167	0.00108146	NA	NA	NA	NA	0.00282580	0.00160890	0.00177234	0.00438750	NA	0.00141971	0.00128065	0.00188223
Rat237_bin.14	NA	NA	NA	NA	NA	NA	NA	NA	NA	NA	NA	NA	NA	NA	NA	NA	NA	NA	NA	NA	NA	NA	NA	NA	NA	NA	NA	NA	NA	NA	NA	NA	NA	NA	NA	NA	NA	NA	NA	NA	NA	NA	NA	NA	NA	NA	NA	NA	NA	NA	NA	0.00087791	NA
Rat237_bin.15	NA	NA	NA	NA	NA	NA	NA	NA	NA	NA	NA	NA	NA	NA	NA	NA	NA	NA	NA	NA	NA	NA	NA	NA	NA	NA	NA	NA	NA	NA	NA	NA	NA	NA	NA	NA	NA	NA	NA	NA	NA	NA	NA	NA	NA	NA	NA	NA	NA	NA	0.00378191	0.00442755	NA
Rat237_bin.16	NA	NA	NA	NA	NA	NA	NA	NA	NA	NA	NA	NA	NA	NA	NA	NA	NA	NA	NA	NA	NA	NA	NA	NA	NA	NA	NA	NA	NA	NA	NA	NA	NA	NA	NA	NA	NA	NA	NA	NA	NA	NA	NA	NA	NA	NA	NA	NA	NA	0.00088084	NA	0.00086808	NA
Rat237_bin.17	NA	NA	NA	NA	NA	NA	NA	NA	NA	NA	NA	NA	NA	NA	NA	NA	NA	NA	NA	NA	NA	NA	NA	NA	NA	NA	NA	NA	NA	NA	NA	NA	NA	NA	NA	NA	NA	NA	NA	NA	NA	NA	NA	NA	NA	NA	NA	NA	NA	NA	NA	0.00072603	NA
Rat237_bin.18	NA	NA	NA	NA	NA	NA	NA	NA	NA	NA	NA	NA	NA	NA	NA	NA	NA	NA	NA	0.01732639	NA	NA	NA	NA	NA	NA	NA	NA	NA	NA	NA	NA	NA	NA	NA	NA	NA	NA	NA	NA	NA	NA	NA	NA	NA	NA	NA	NA	NA	NA	NA	0.00137216	NA
Rat237_bin.19	NA	NA	NA	NA	NA	NA	NA	NA	NA	NA	NA	NA	NA	NA	NA	NA	NA	NA	NA	NA	NA	NA	NA	NA	NA	NA	NA	NA	NA	NA	NA	NA	NA	NA	NA	NA	NA	NA	NA	NA	NA	NA	NA	NA	NA	NA	NA	NA	NA	NA	NA	0.00055071	NA
Rat237_bin.20	NA	NA	NA	NA	NA	NA	NA	NA	NA	NA	NA	NA	NA	NA	NA	NA	NA	NA	NA	0.00047634	NA	NA	NA	NA	NA	NA	NA	NA	NA	NA	NA	NA	NA	NA	NA	NA	NA	NA	NA	NA	NA	NA	NA	NA	NA	NA	NA	0.00698448	0.01130113	NA	NA	0.00733620	NA
Rat237_bin.21	NA	NA	NA	NA	NA	NA	NA	NA	NA	NA	NA	NA	NA	NA	NA	NA	NA	NA	NA	NA	NA	NA	NA	NA	NA	NA	NA	NA	NA	NA	NA	NA	NA	NA	NA	NA	NA	NA	NA	NA	NA	NA	NA	NA	NA	0.00099313	NA	NA	0.00118729	NA	0.00331521	0.00221701	NA
Rat237_bin.22	NA	NA	NA	NA	NA	NA	NA	NA	NA	NA	NA	NA	NA	NA	NA	NA	NA	NA	NA	NA	NA	NA	NA	NA	NA	NA	NA	NA	NA	NA	NA	NA	NA	NA	NA	NA	NA	NA	NA	NA	NA	NA	NA	NA	NA	NA	NA	NA	NA	NA	0.00373712	0.00450199	NA
Rat237_bin.24	NA	NA	NA	NA	NA	NA	NA	NA	NA	NA	NA	NA	NA	NA	NA	NA	NA	NA	NA	NA	NA	NA	NA	NA	NA	NA	NA	NA	NA	NA	NA	NA	NA	0.00083616	NA	NA	NA	NA	NA	NA	NA	NA	NA	NA	NA	NA	NA	NA	NA	NA	NA	0.00054614	NA
Rat237_bin.25	NA	NA	0.00433489	NA	NA	NA	0.00427704	0.01202545	0.00237524	NA	NA	NA	0.00492217	NA	NA	NA	NA	NA	NA	NA	NA	NA	NA	NA	NA	NA	NA	NA	NA	NA	NA	NA	NA	NA	NA	NA	NA	NA	0.00455957	NA	NA	NA	NA	NA	NA	0.00577125	NA	0.00179623	0.00679352	NA	0.00389472	0.00112622	NA
Rat237_bin.26	NA	NA	NA	NA	NA	NA	NA	NA	NA	NA	NA	NA	NA	NA	NA	NA	NA	NA	NA	NA	NA	NA	NA	NA	NA	NA	NA	NA	NA	NA	NA	NA	NA	NA	NA	NA	NA	NA	NA	NA	NA	NA	NA	NA	NA	NA	NA	NA	NA	NA	0.00165125	0.00181646	NA
Rat237_bin.27	NA	NA	NA	NA	NA	NA	NA	NA	NA	NA	NA	NA	NA	NA	NA	NA	NA	NA	NA	NA	NA	NA	NA	NA	NA	NA	NA	NA	NA	NA	NA	NA	NA	NA	NA	NA	NA	NA	NA	NA	NA	NA	NA	NA	NA	NA	NA	NA	NA	NA	NA	0.00106369	NA
Rat237_bin.28	NA	NA	NA	NA	NA	NA	NA	NA	NA	NA	NA	NA	NA	NA	NA	NA	NA	NA	NA	NA	NA	NA	NA	NA	NA	NA	NA	NA	0.00114462	NA	NA	NA	NA	NA	NA	NA	NA	NA	0.00855223	NA	NA	NA	NA	NA	NA	NA	NA	0.00134115	0.00079188	0.00057490	NA	0.00074150	NA
Rat237_bin.29	NA	NA	NA	NA	NA	NA	NA	NA	NA	NA	NA	NA	NA	NA	NA	NA	NA	NA	NA	NA	NA	NA	NA	NA	NA	NA	NA	NA	NA	NA	NA	NA	NA	NA	NA	NA	NA	NA	NA	NA	NA	NA	NA	NA	NA	NA	NA	0.01146561	NA	0.00700628	0.00958116	0.00967807	NA
Rat237_bin.3	NA	NA	NA	NA	NA	NA	NA	NA	NA	NA	NA	NA	NA	NA	NA	NA	NA	NA	NA	NA	NA	NA	NA	NA	NA	NA	NA	NA	NA	NA	NA	NA	NA	NA	NA	NA	NA	NA	NA	NA	NA	NA	NA	NA	NA	NA	NA	0.01004186	0.01118737	NA	NA	0.00312211	NA
Rat237_bin.30	NA	NA	NA	NA	NA	NA	NA	NA	0.00024256	NA	NA	NA	0.00051212	NA	NA	NA	NA	NA	NA	NA	NA	NA	NA	NA	NA	NA	NA	NA	NA	NA	NA	NA	NA	NA	NA	NA	NA	NA	NA	NA	NA	NA	0.00033046	NA	NA	NA	NA	0.00115679	0.00752629	0.00051994	NA	0.00070194	NA
Rat237_bin.32	NA	NA	NA	NA	NA	NA	NA	NA	NA	NA	NA	NA	NA	NA	NA	NA	NA	NA	NA	NA	NA	NA	NA	NA	NA	NA	NA	NA	NA	NA	NA	NA	NA	NA	NA	NA	NA	NA	NA	NA	NA	NA	NA	NA	NA	NA	NA	0.00261381	0.00069121	NA	NA	0.00133619	NA
Rat237_bin.33	NA	NA	NA	NA	NA	NA	NA	NA	NA	NA	NA	NA	NA	NA	NA	NA	NA	NA	NA	NA	NA	NA	NA	NA	NA	NA	NA	NA	NA	NA	NA	NA	NA	NA	NA	NA	NA	NA	NA	NA	NA	NA	NA	NA	NA	NA	NA	NA	NA	NA	NA	0.00113174	NA
Rat237_bin.34	NA	NA	0.00082572	NA	NA	NA	NA	NA	NA	NA	NA	NA	NA	NA	NA	NA	NA	NA	NA	NA	NA	NA	NA	NA	NA	NA	NA	NA	NA	NA	NA	NA	NA	NA	NA	NA	NA	NA	NA	NA	NA	NA	NA	NA	NA	0.00119120	NA	NA	NA	NA	NA	0.00063099	NA
Rat237_bin.35	NA	NA	NA	NA	NA	NA	NA	NA	NA	NA	NA	NA	NA	NA	NA	NA	NA	NA	NA	NA	NA	NA	NA	NA	NA	NA	NA	NA	NA	NA	NA	NA	NA	NA	NA	NA	NA	NA	NA	NA	NA	NA	NA	NA	NA	NA	NA	NA	NA	NA	NA	0.00081356	NA
Rat237_bin.36	NA	NA	NA	NA	NA	NA	NA	NA	NA	NA	NA	NA	NA	NA	NA	NA	NA	NA	NA	NA	NA	NA	NA	NA	NA	NA	NA	NA	NA	NA	NA	NA	NA	NA	NA	NA	NA	NA	NA	NA	NA	NA	NA	NA	NA	NA	NA	NA	NA	NA	NA	0.00088163	NA
Rat237_bin.37	NA	NA	NA	NA	NA	NA	NA	NA	NA	NA	NA	NA	NA	NA	NA	NA	NA	NA	NA	NA	NA	NA	NA	NA	NA	NA	NA	NA	NA	NA	NA	NA	NA	NA	NA	NA	NA	NA	NA	NA	NA	NA	NA	NA	NA	NA	NA	NA	0.00319764	NA	0.00205108	0.00082427	NA
Rat237_bin.38	NA	NA	NA	NA	NA	0.00182307	NA	NA	NA	0.00096704	NA	NA	NA	NA	NA	NA	NA	NA	NA	NA	NA	NA	NA	NA	0.00217249	0.00107525	NA	NA	NA	NA	NA	NA	NA	NA	NA	NA	NA	NA	NA	NA	NA	NA	NA	NA	NA	NA	NA	NA	NA	0.00136202	NA	0.00059743	NA
Rat237_bin.39	NA	NA	NA	NA	NA	NA	NA	NA	NA	NA	NA	NA	NA	NA	NA	NA	NA	NA	NA	NA	NA	NA	NA	NA	NA	NA	NA	NA	NA	NA	NA	NA	NA	NA	NA	NA	NA	NA	NA	NA	NA	NA	NA	NA	NA	NA	NA	0.00883696	0.01189987	NA	0.01097867	0.00847903	NA
Rat237_bin.4	NA	NA	NA	NA	NA	NA	NA	NA	0.00179709	NA	0.00500053	NA	NA	NA	NA	NA	NA	NA	NA	NA	NA	NA	NA	NA	NA	NA	NA	NA	NA	NA	0.00102395	NA	NA	NA	NA	NA	NA	NA	NA	NA	NA	NA	NA	NA	NA	0.00097326	NA	NA	NA	NA	0.00110177	0.00073433	NA
Rat237_bin.40	NA	NA	NA	NA	NA	NA	NA	NA	0.00912219	NA	0.01059234	0.00620404	0.00857694	NA	NA	NA	NA	NA	NA	NA	NA	NA	NA	NA	NA	NA	NA	NA	NA	NA	NA	NA	NA	NA	NA	NA	NA	0.00221416	NA	NA	NA	NA	0.00186937	NA	NA	NA	NA	0.00747313	NA	NA	0.00650060	0.00359997	NA
Rat237_bin.42	NA	NA	NA	NA	NA	NA	NA	NA	NA	NA	0.02763887	NA	NA	NA	0.02736637	NA	NA	NA	NA	NA	NA	NA	NA	NA	NA	NA	NA	NA	NA	NA	NA	NA	0.03085198	NA	0.02057105	0.02168515	0.02137893	NA	NA	NA	0.02405418	NA	NA	NA	NA	0.00375728	NA	0.00357687	NA	NA	NA	0.00153900	NA
Rat237_bin.43	NA	NA	NA	NA	NA	NA	NA	NA	NA	NA	NA	NA	NA	NA	NA	NA	NA	NA	NA	NA	NA	NA	NA	NA	NA	NA	NA	0.00504994	0.00106758	0.00355489	0.00260737	0.00664808	0.00591173	0.00477582	0.00071383	0.00267231	0.00299113	NA	NA	NA	0.00427785	NA	NA	NA	NA	NA	0.00224709	0.00920479	0.00147662	NA	0.00590958	0.00553087	NA
Rat237_bin.44	NA	NA	NA	NA	NA	NA	NA	NA	NA	NA	NA	NA	NA	NA	NA	NA	NA	NA	NA	NA	NA	NA	NA	NA	NA	NA	NA	NA	NA	NA	NA	NA	NA	NA	NA	NA	NA	NA	NA	NA	NA	NA	NA	NA	NA	NA	NA	NA	NA	NA	NA	0.00119028	NA
Rat237_bin.46	NA	NA	NA	NA	NA	NA	NA	NA	NA	NA	NA	NA	NA	NA	NA	NA	NA	NA	NA	NA	NA	NA	NA	NA	NA	NA	NA	NA	NA	NA	NA	NA	NA	NA	0.00178793	NA	0.00159202	NA	NA	NA	0.00468857	NA	NA	NA	NA	NA	NA	NA	0.00795952	NA	NA	0.00422502	NA
Rat237_bin.47	NA	NA	NA	NA	NA	NA	NA	NA	NA	NA	NA	NA	NA	NA	NA	NA	NA	NA	NA	NA	NA	NA	NA	NA	NA	NA	NA	NA	NA	NA	NA	NA	NA	NA	NA	NA	NA	NA	NA	NA	NA	NA	NA	NA	NA	NA	NA	NA	NA	NA	0.00174920	0.00082083	NA
Rat237_bin.48	NA	NA	NA	NA	NA	NA	NA	0.00388326	NA	NA	NA	NA	NA	NA	NA	NA	NA	NA	0.00279922	NA	NA	NA	NA	0.00112824	NA	NA	NA	NA	0.00917552	NA	NA	NA	NA	NA	NA	NA	NA	NA	NA	NA	NA	NA	NA	NA	NA	NA	NA	NA	NA	NA	NA	0.00122301	NA
Rat237_bin.49	NA	NA	NA	NA	NA	NA	NA	NA	NA	NA	0.00382148	NA	NA	NA	NA	NA	NA	NA	NA	NA	NA	NA	NA	NA	NA	NA	NA	NA	NA	NA	NA	NA	NA	NA	NA	NA	NA	NA	NA	NA	NA	NA	NA	NA	NA	NA	NA	NA	NA	NA	NA	0.00131551	NA
Rat237_bin.5	NA	NA	NA	NA	NA	NA	NA	NA	NA	NA	NA	NA	NA	NA	NA	NA	NA	NA	NA	NA	NA	NA	NA	NA	NA	NA	NA	NA	NA	NA	NA	NA	NA	NA	NA	NA	NA	NA	NA	NA	NA	NA	NA	NA	NA	NA	NA	NA	NA	NA	0.00443040	0.00357466	NA
Rat237_bin.50	NA	NA	NA	NA	NA	NA	NA	NA	NA	NA	NA	NA	NA	NA	NA	NA	NA	NA	NA	NA	NA	NA	NA	NA	NA	NA	NA	NA	NA	NA	NA	NA	NA	NA	NA	NA	NA	NA	NA	NA	NA	NA	0.00328609	NA	NA	NA	NA	0.00731155	NA	0.00185869	NA	0.00152596	NA
Rat237_bin.52	NA	NA	NA	NA	NA	NA	NA	NA	NA	NA	NA	NA	NA	NA	NA	NA	NA	NA	NA	NA	NA	NA	NA	NA	NA	NA	NA	NA	NA	NA	NA	NA	NA	NA	NA	NA	NA	NA	NA	NA	NA	NA	NA	NA	NA	NA	NA	NA	NA	NA	0.00425412	0.00472788	NA
Rat237_bin.53	NA	NA	NA	NA	NA	NA	NA	NA	NA	NA	NA	NA	NA	NA	NA	NA	NA	NA	NA	NA	NA	NA	NA	NA	NA	NA	NA	NA	NA	NA	NA	NA	NA	NA	NA	NA	NA	NA	NA	NA	NA	NA	NA	NA	NA	NA	NA	NA	0.00155640	NA	0.00096782	0.00071404	NA
Rat237_bin.54	NA	NA	NA	0.00108237	NA	NA	NA	0.00115084	NA	NA	NA	NA	NA	NA	NA	NA	NA	NA	NA	NA	NA	NA	NA	NA	NA	NA	NA	NA	NA	NA	NA	NA	NA	NA	NA	NA	NA	NA	NA	NA	NA	NA	NA	NA	NA	NA	NA	NA	NA	NA	0.00063022	0.00090350	NA
Rat237_bin.55	NA	NA	NA	NA	NA	NA	NA	NA	NA	NA	NA	NA	NA	NA	NA	NA	NA	NA	NA	NA	NA	NA	NA	NA	NA	NA	NA	NA	NA	NA	NA	NA	NA	NA	0.00461367	0.00569445	NA	NA	NA	NA	NA	NA	NA	NA	NA	NA	NA	0.00246992	NA	NA	0.00413937	0.00380895	NA
Rat237_bin.56	NA	NA	NA	NA	NA	NA	NA	NA	NA	NA	NA	NA	NA	NA	NA	NA	NA	NA	NA	NA	NA	NA	NA	NA	NA	NA	NA	NA	NA	NA	NA	NA	NA	NA	NA	NA	NA	NA	NA	NA	NA	NA	NA	NA	NA	NA	NA	NA	NA	NA	0.00483126	0.00545168	NA
Rat237_bin.57	NA	NA	NA	NA	NA	NA	NA	NA	NA	NA	NA	NA	NA	NA	NA	NA	NA	NA	NA	NA	NA	NA	NA	NA	NA	NA	NA	NA	NA	NA	NA	NA	NA	NA	NA	NA	NA	NA	NA	NA	NA	NA	NA	NA	NA	NA	NA	NA	NA	NA	NA	0.00315125	NA
Rat237_bin.58	NA	NA	NA	NA	NA	NA	NA	NA	NA	NA	NA	NA	NA	NA	NA	NA	NA	NA	NA	NA	NA	NA	NA	NA	NA	NA	NA	NA	NA	NA	NA	NA	NA	NA	NA	NA	NA	NA	NA	NA	NA	NA	NA	NA	NA	NA	NA	0.00547019	0.01236584	NA	NA	0.00224580	NA
Rat237_bin.6	NA	NA	NA	NA	NA	NA	NA	NA	NA	NA	NA	NA	NA	NA	NA	NA	NA	NA	NA	NA	NA	NA	NA	NA	NA	NA	NA	NA	NA	NA	NA	NA	NA	NA	NA	NA	NA	NA	NA	NA	NA	NA	NA	NA	NA	NA	NA	NA	NA	NA	0.00069726	0.00084791	NA
Rat237_bin.60	NA	NA	NA	NA	NA	NA	NA	NA	NA	NA	NA	NA	NA	NA	NA	NA	NA	NA	NA	NA	NA	NA	NA	NA	NA	NA	NA	NA	NA	NA	NA	NA	NA	NA	NA	NA	NA	NA	NA	NA	NA	NA	NA	NA	NA	NA	NA	NA	NA	NA	NA	0.00073225	NA
Rat237_bin.62	NA	NA	NA	NA	NA	NA	NA	NA	NA	NA	NA	NA	NA	NA	NA	NA	NA	NA	NA	NA	NA	NA	NA	NA	NA	NA	NA	NA	NA	NA	NA	NA	NA	NA	NA	NA	NA	NA	NA	NA	NA	NA	NA	NA	NA	0.00217627	NA	NA	NA	NA	NA	0.00456901	NA
Rat237_bin.63	NA	NA	NA	NA	NA	NA	NA	NA	NA	NA	NA	NA	NA	NA	NA	NA	NA	NA	NA	NA	NA	NA	NA	NA	NA	NA	NA	NA	NA	NA	NA	NA	NA	NA	NA	NA	NA	NA	NA	NA	NA	NA	NA	NA	NA	NA	NA	0.00168553	0.00488457	NA	NA	0.00402873	NA
Rat237_bin.64	NA	NA	NA	NA	NA	NA	NA	NA	NA	NA	NA	NA	NA	NA	NA	NA	NA	NA	NA	NA	NA	NA	NA	NA	NA	NA	NA	NA	NA	NA	NA	NA	NA	NA	NA	0.00078108	NA	NA	NA	NA	NA	NA	NA	NA	NA	NA	NA	0.00210326	0.00127816	NA	0.00417132	0.00265944	NA
Rat237_bin.65	NA	NA	NA	NA	NA	NA	NA	NA	NA	NA	NA	NA	NA	NA	NA	NA	NA	NA	NA	NA	NA	NA	NA	NA	NA	NA	NA	NA	NA	NA	NA	NA	NA	NA	NA	NA	NA	NA	NA	NA	NA	NA	NA	NA	NA	NA	NA	NA	NA	NA	NA	0.00073996	NA
Rat237_bin.66	NA	NA	NA	NA	NA	NA	NA	NA	NA	NA	NA	NA	NA	NA	NA	NA	NA	NA	NA	NA	NA	NA	NA	NA	NA	NA	NA	NA	NA	NA	NA	NA	NA	NA	NA	NA	NA	NA	NA	NA	NA	0.00076142	NA	NA	NA	NA	NA	NA	0.00185939	0.00071279	0.00132871	0.00065920	NA
Rat237_bin.67	NA	NA	NA	NA	NA	NA	NA	NA	NA	NA	NA	NA	0.00068061	NA	NA	NA	NA	NA	NA	0.00162296	NA	NA	NA	NA	NA	NA	NA	NA	NA	NA	NA	NA	NA	NA	NA	NA	NA	NA	NA	NA	0.00161000	NA	NA	NA	NA	0.00125341	NA	NA	0.00146418	NA	0.00120529	0.00098408	NA
Rat237_bin.68	NA	NA	NA	NA	NA	NA	NA	NA	NA	NA	NA	NA	NA	NA	NA	NA	NA	NA	NA	NA	NA	NA	NA	NA	NA	NA	NA	NA	NA	NA	NA	NA	NA	NA	0.00078545	0.00221014	0.00076414	NA	NA	NA	0.00135544	NA	NA	NA	NA	NA	NA	0.00242480	0.00217241	NA	0.00328216	0.00441753	NA
Rat237_bin.69	NA	NA	NA	NA	NA	NA	NA	NA	NA	NA	NA	NA	NA	NA	NA	NA	NA	NA	NA	NA	NA	NA	NA	NA	NA	NA	NA	NA	NA	NA	NA	NA	NA	0.00096613	NA	0.00107505	NA	NA	NA	NA	NA	NA	NA	NA	NA	0.00173739	NA	0.00188303	0.00171163	NA	NA	0.00170149	NA
Rat237_bin.70	NA	NA	NA	NA	NA	NA	NA	NA	NA	NA	NA	NA	0.00256496	NA	NA	NA	NA	NA	NA	NA	NA	NA	NA	NA	NA	NA	NA	NA	NA	NA	0.00586658	NA	0.00375121	NA	NA	NA	NA	NA	NA	NA	0.00557420	NA	0.00534082	NA	NA	NA	NA	0.00443490	NA	0.00407640	NA	0.00442484	NA
Rat237_bin.72	NA	NA	0.00037859	NA	NA	NA	NA	NA	NA	NA	NA	NA	NA	NA	NA	NA	NA	NA	NA	NA	NA	NA	NA	NA	NA	NA	NA	NA	NA	NA	NA	0.00136066	NA	NA	NA	NA	NA	NA	NA	NA	NA	NA	NA	NA	NA	NA	NA	NA	NA	NA	0.00053149	0.00062178	NA
Rat237_bin.75	NA	NA	NA	NA	NA	NA	NA	NA	NA	NA	NA	NA	NA	NA	NA	NA	NA	NA	NA	NA	NA	NA	NA	NA	NA	NA	NA	NA	NA	NA	NA	NA	NA	NA	0.00114543	0.00110081	0.00119419	NA	NA	NA	NA	NA	NA	NA	NA	NA	NA	NA	0.00307508	NA	NA	0.00216469	NA
Rat237_bin.78	NA	NA	NA	NA	NA	NA	NA	NA	NA	NA	NA	NA	NA	NA	NA	NA	NA	NA	NA	NA	NA	NA	NA	NA	NA	NA	NA	NA	NA	NA	NA	NA	NA	NA	NA	NA	NA	NA	NA	NA	NA	NA	NA	NA	NA	NA	NA	NA	NA	NA	NA	0.00073894	NA
Rat237_bin.8	NA	NA	NA	NA	NA	NA	NA	NA	NA	NA	NA	NA	NA	NA	NA	NA	NA	NA	NA	NA	NA	NA	NA	NA	NA	NA	NA	NA	NA	NA	NA	NA	NA	NA	NA	NA	NA	NA	NA	NA	NA	NA	NA	NA	NA	NA	NA	NA	NA	NA	0.00196413	0.00197044	NA
Rat237_bin.9	NA	NA	NA	0.00224292	NA	NA	NA	NA	NA	NA	NA	NA	NA	NA	NA	NA	NA	NA	NA	NA	NA	NA	NA	NA	NA	NA	NA	NA	NA	NA	NA	NA	NA	NA	NA	NA	NA	NA	NA	NA	NA	NA	NA	NA	NA	NA	NA	NA	NA	NA	NA	0.00100271	NA
Rat238_bin.10	0.00450285	0.00364614	NA	NA	0.00158474	0.00200701	0.00458307	0.00489800	NA	0.00225345	NA	NA	NA	0.00605443	NA	0.00266661	NA	NA	0.00218338	NA	NA	0.00186410	0.00179033	NA	0.00140269	NA	NA	NA	NA	NA	NA	NA	NA	NA	NA	NA	NA	NA	0.00177424	0.00255640	NA	NA	NA	NA	NA	NA	NA	NA	NA	NA	NA	NA	0.00217613
Rat238_bin.12	NA	NA	NA	NA	NA	NA	0.00261262	0.00307123	0.00210255	NA	NA	NA	0.00288407	NA	NA	NA	NA	0.00842106	NA	NA	0.00313407	NA	NA	0.00266542	NA	0.00190484	NA	NA	NA	NA	NA	NA	NA	NA	NA	NA	NA	NA	0.00181836	NA	NA	NA	NA	NA	NA	NA	NA	0.00142959	NA	NA	NA	NA	0.00144151
Rat238_bin.14	NA	NA	NA	NA	NA	NA	NA	NA	NA	NA	NA	NA	NA	NA	NA	NA	NA	NA	NA	NA	NA	NA	NA	NA	NA	NA	NA	NA	NA	NA	NA	NA	NA	NA	NA	NA	NA	NA	NA	NA	NA	NA	NA	NA	NA	NA	NA	NA	NA	NA	NA	NA	0.00098726
Rat238_bin.15	NA	NA	NA	NA	NA	NA	NA	NA	NA	NA	NA	NA	NA	0.00685446	NA	NA	NA	NA	NA	NA	NA	NA	NA	NA	NA	NA	NA	NA	0.00977000	NA	NA	NA	NA	NA	NA	NA	NA	NA	0.00432837	0.00397173	NA	NA	NA	0.00924615	NA	NA	NA	NA	NA	NA	NA	NA	0.00094717
Rat238_bin.16	NA	NA	NA	NA	NA	NA	NA	NA	NA	NA	NA	NA	NA	NA	NA	NA	NA	NA	NA	NA	NA	NA	NA	NA	NA	NA	NA	NA	NA	NA	NA	NA	NA	NA	NA	NA	NA	NA	NA	NA	NA	NA	NA	NA	NA	NA	NA	NA	NA	NA	NA	NA	0.00097714
Rat238_bin.17	NA	NA	NA	NA	NA	NA	NA	NA	NA	NA	NA	NA	NA	NA	NA	NA	NA	NA	NA	NA	NA	NA	NA	NA	NA	NA	NA	NA	NA	NA	NA	NA	NA	NA	NA	NA	NA	NA	0.00191155	0.00238315	NA	NA	NA	NA	NA	NA	NA	NA	NA	NA	NA	NA	0.00118713
Rat238_bin.19	NA	NA	NA	NA	NA	NA	NA	NA	NA	NA	NA	NA	0.00185894	NA	NA	NA	NA	NA	NA	NA	NA	NA	NA	NA	NA	0.00033572	NA	NA	NA	NA	0.00068905	NA	NA	NA	NA	NA	NA	NA	NA	NA	NA	NA	NA	NA	NA	NA	NA	0.00071128	0.00109616	NA	NA	NA	0.00064554
Rat238_bin.2	0.01397012	0.01158188	NA	NA	0.01303235	0.00927283	0.01263415	0.01096408	NA	0.00985924	NA	NA	NA	0.00493127	NA	0.01167040	NA	NA	0.01259582	NA	0.01124449	0.01367962	0.00556595	NA	0.00377520	0.01362916	0.01249994	NA	NA	NA	NA	NA	NA	0.00221526	NA	NA	NA	NA	0.00181511	0.00348984	NA	NA	NA	NA	NA	NA	NA	NA	NA	NA	NA	NA	0.00119124
Rat238_bin.20	0.00815497	NA	NA	NA	NA	0.00603596	NA	0.00779210	NA	0.00449783	NA	NA	NA	NA	NA	NA	NA	NA	NA	NA	NA	NA	NA	NA	0.00298075	0.00174744	NA	NA	NA	NA	NA	NA	NA	NA	NA	NA	NA	NA	0.00644235	0.00319857	NA	NA	NA	NA	NA	NA	NA	NA	NA	NA	NA	NA	0.00169415
Rat238_bin.21	NA	NA	NA	NA	NA	0.00609019	NA	NA	NA	NA	NA	NA	NA	NA	NA	NA	0.00842937	NA	NA	NA	NA	NA	NA	NA	0.00522598	NA	NA	NA	0.00215189	NA	NA	NA	NA	NA	NA	NA	NA	NA	NA	NA	NA	NA	NA	NA	NA	NA	NA	NA	NA	NA	NA	NA	0.00162127
Rat238_bin.23	NA	NA	NA	NA	NA	NA	NA	NA	NA	NA	NA	NA	NA	NA	NA	NA	NA	NA	NA	NA	NA	NA	NA	NA	NA	NA	NA	NA	NA	NA	NA	NA	NA	NA	NA	NA	NA	NA	0.00201531	0.00165301	NA	NA	NA	NA	NA	NA	NA	NA	NA	NA	NA	NA	0.00068188
Rat238_bin.24	NA	0.00123241	0.00216573	0.00303452	NA	0.00409608	0.00249273	0.00280907	0.00227487	0.00299293	0.00151820	0.00383834	0.00293736	NA	NA	0.00318814	NA	NA	NA	NA	NA	NA	0.00203575	NA	NA	NA	0.00148696	NA	NA	0.00163441	NA	0.00169667	NA	NA	NA	NA	NA	NA	NA	0.00386105	NA	NA	NA	NA	NA	0.00334847	0.00092275	0.00285436	0.00302750	NA	0.00145937	0.00317201	0.00135095
Rat238_bin.25	NA	NA	NA	NA	NA	NA	NA	NA	NA	NA	NA	NA	NA	NA	NA	NA	NA	NA	NA	NA	NA	NA	NA	NA	0.00103991	NA	NA	NA	NA	NA	NA	NA	NA	NA	NA	NA	NA	NA	0.00833208	NA	NA	NA	NA	NA	NA	NA	NA	NA	NA	NA	NA	NA	0.00083640
Rat238_bin.26	NA	NA	NA	NA	NA	NA	NA	NA	NA	0.01725365	NA	NA	NA	0.01320998	NA	NA	NA	NA	NA	NA	NA	NA	NA	NA	NA	NA	NA	NA	NA	NA	NA	NA	NA	NA	NA	NA	NA	NA	NA	NA	NA	NA	NA	0.01470883	NA	NA	NA	NA	NA	NA	NA	NA	0.00485130
Rat238_bin.28	NA	NA	0.02121950	0.02245947	0.00777282	NA	NA	NA	0.02641486	NA	0.03023322	0.02710252	NA	NA	0.01625303	NA	0.02105461	0.02155655	NA	NA	NA	NA	NA	NA	NA	NA	NA	NA	NA	NA	NA	NA	0.02272747	0.01796720	NA	NA	NA	NA	0.00319949	NA	NA	NA	NA	NA	NA	NA	NA	NA	NA	NA	NA	NA	0.00141707
Rat238_bin.29	NA	NA	NA	NA	NA	NA	0.00705106	NA	NA	NA	NA	NA	NA	NA	NA	NA	NA	NA	NA	NA	NA	NA	NA	NA	0.00575690	NA	NA	NA	NA	NA	NA	NA	NA	NA	NA	NA	NA	NA	NA	0.00209420	NA	NA	NA	NA	NA	NA	NA	NA	NA	NA	NA	NA	0.00093295
Rat238_bin.3	NA	NA	NA	NA	NA	NA	NA	NA	NA	NA	NA	0.00063984	NA	NA	NA	NA	NA	0.00164878	NA	NA	NA	NA	NA	NA	NA	NA	NA	NA	NA	NA	NA	NA	NA	NA	NA	NA	NA	NA	0.00110994	NA	NA	0.00139256	NA	NA	NA	NA	NA	NA	NA	NA	NA	NA	0.00095256
Rat238_bin.32	NA	NA	NA	NA	NA	NA	NA	NA	NA	NA	NA	NA	NA	NA	NA	NA	NA	NA	NA	NA	NA	NA	NA	NA	NA	NA	NA	NA	NA	NA	NA	NA	NA	NA	NA	NA	NA	NA	NA	NA	NA	NA	NA	NA	NA	NA	NA	NA	NA	NA	NA	NA	0.00080417
Rat238_bin.34	NA	NA	0.00052485	NA	NA	NA	NA	NA	NA	NA	NA	0.00137714	0.00094141	NA	NA	NA	NA	NA	NA	0.00091292	NA	NA	NA	NA	NA	NA	NA	NA	NA	NA	NA	NA	NA	0.00214846	NA	NA	NA	NA	0.00271085	NA	NA	NA	0.00070375	NA	NA	NA	0.00387570	NA	NA	0.00183573	NA	NA	0.00092659
Rat238_bin.35	NA	NA	NA	NA	NA	NA	NA	NA	NA	NA	NA	NA	NA	NA	NA	NA	NA	NA	NA	NA	NA	NA	NA	NA	NA	NA	NA	NA	NA	NA	NA	NA	NA	NA	NA	NA	NA	NA	0.00126057	NA	NA	NA	NA	NA	NA	0.00420508	NA	0.00120281	NA	0.00273493	0.00341603	NA	0.00078626
Rat238_bin.36	NA	NA	NA	NA	0.00280691	0.00193709	NA	NA	NA	0.00266389	NA	0.00200015	NA	0.00758194	NA	NA	NA	NA	NA	NA	NA	NA	NA	NA	NA	NA	NA	NA	NA	NA	NA	NA	NA	NA	NA	NA	NA	NA	NA	NA	NA	NA	NA	NA	NA	NA	0.00073427	NA	NA	NA	NA	NA	0.00185660
Rat238_bin.37	NA	NA	NA	NA	NA	NA	NA	NA	NA	NA	NA	0.00928349	NA	NA	NA	NA	0.00837011	NA	0.00145273	NA	NA	NA	NA	NA	NA	NA	NA	NA	NA	NA	NA	NA	NA	NA	NA	NA	NA	NA	NA	NA	NA	0.00534090	NA	NA	NA	NA	0.00705269	NA	NA	NA	NA	NA	0.00256300
Rat238_bin.38	NA	NA	NA	NA	NA	NA	NA	NA	NA	NA	NA	NA	NA	NA	NA	NA	NA	NA	NA	NA	NA	NA	NA	NA	NA	NA	NA	NA	NA	NA	NA	NA	NA	NA	NA	NA	NA	NA	0.00090874	NA	NA	NA	NA	NA	NA	NA	NA	0.00109918	0.00138908	NA	0.00173591	NA	0.00128722
Rat238_bin.39	NA	NA	NA	NA	NA	NA	NA	NA	0.00944940	NA	NA	0.01436793	0.01033876	NA	NA	NA	NA	NA	NA	0.01420469	NA	NA	NA	NA	NA	NA	NA	0.01268615	NA	NA	0.01402951	0.01330113	NA	NA	NA	NA	NA	NA	0.00695974	NA	NA	NA	0.00878331	NA	NA	0.00649280	0.00922767	0.01261976	0.01737363	0.00409097	0.01844246	0.01160776	0.00167413
Rat238_bin.4	NA	NA	0.00044681	NA	NA	0.00319611	0.00348562	NA	NA	NA	NA	0.00078643	NA	NA	NA	NA	NA	NA	0.00123350	0.00040345	NA	NA	NA	NA	NA	NA	NA	NA	NA	NA	0.00103395	NA	NA	NA	NA	NA	NA	NA	0.00099984	0.00191540	NA	0.00054568	NA	NA	NA	0.00062601	NA	NA	NA	NA	NA	NA	0.00079576
Rat238_bin.40	NA	NA	NA	NA	NA	NA	NA	NA	NA	NA	NA	NA	NA	0.00104310	NA	NA	NA	NA	NA	NA	NA	NA	NA	NA	0.00321278	NA	NA	NA	NA	NA	NA	NA	NA	NA	NA	NA	NA	NA	NA	NA	NA	NA	NA	NA	NA	NA	NA	NA	NA	NA	NA	NA	0.00144256
Rat238_bin.41	0.00530333	0.00531426	NA	NA	0.00354732	0.00591121	0.00551179	0.00503913	NA	0.00245932	NA	NA	NA	0.00699363	NA	0.00808923	NA	NA	0.00802910	NA	0.00375150	0.00431445	0.00487692	NA	0.00422694	0.00436105	0.00390588	NA	NA	NA	NA	NA	NA	NA	NA	NA	NA	NA	0.00062126	0.00115386	NA	NA	NA	0.00547664	NA	NA	NA	NA	NA	NA	NA	NA	0.00059863
Rat238_bin.43	NA	NA	NA	NA	NA	NA	NA	NA	0.00448543	NA	NA	NA	0.00546524	NA	0.00339042	NA	NA	0.00148292	NA	0.00501202	NA	NA	NA	NA	NA	NA	NA	NA	NA	NA	NA	NA	NA	NA	NA	NA	NA	NA	0.00161296	NA	NA	NA	NA	NA	NA	NA	NA	NA	NA	NA	NA	NA	0.00066539
Rat238_bin.44	NA	NA	0.00086690	NA	0.00513299	0.01102885	NA	0.00168591	NA	NA	0.00082657	NA	NA	NA	NA	NA	NA	NA	NA	NA	NA	NA	NA	NA	NA	NA	NA	NA	NA	NA	NA	NA	NA	NA	NA	NA	NA	NA	NA	0.00132555	NA	NA	NA	NA	NA	NA	NA	NA	NA	NA	NA	NA	0.00109228
Rat238_bin.45	NA	NA	NA	NA	NA	NA	NA	NA	NA	NA	NA	NA	NA	NA	NA	NA	NA	NA	NA	NA	NA	NA	NA	NA	NA	NA	NA	NA	NA	NA	NA	NA	NA	NA	NA	NA	NA	NA	NA	NA	0.00579522	NA	NA	NA	NA	NA	NA	NA	NA	NA	NA	NA	0.00661259
Rat238_bin.46	NA	NA	0.00454749	NA	NA	NA	NA	NA	NA	NA	NA	NA	0.01826692	NA	NA	NA	NA	NA	NA	0.00187975	NA	NA	NA	NA	NA	NA	NA	NA	NA	NA	0.01097829	0.00303508	NA	NA	NA	NA	NA	NA	NA	NA	NA	NA	NA	NA	NA	0.00346397	0.00322388	0.00284502	0.00439848	NA	0.00426928	0.00588325	0.00115672
Rat238_bin.47	0.00437659	0.00869250	NA	NA	0.00265485	0.00302289	0.00406816	0.00391975	NA	0.00445744	NA	NA	NA	0.00873924	NA	0.00961967	NA	NA	0.00657956	NA	0.00251137	0.00424484	0.00353252	0.00387233	0.00147799	0.00626908	0.00378411	NA	NA	NA	NA	NA	NA	NA	NA	NA	NA	NA	NA	0.00258020	NA	NA	NA	0.00540043	NA	NA	0.00251445	NA	NA	NA	NA	NA	0.00171692
Rat238_bin.49	NA	NA	NA	NA	0.00110239	NA	NA	0.00072937	NA	NA	NA	NA	NA	0.00131333	NA	NA	NA	NA	NA	NA	NA	NA	NA	0.00191815	NA	NA	0.00081467	NA	NA	NA	NA	NA	NA	NA	NA	NA	NA	NA	NA	NA	NA	NA	NA	NA	NA	NA	NA	NA	NA	NA	NA	NA	0.00133104
Rat238_bin.5	NA	NA	NA	NA	NA	NA	NA	NA	NA	NA	NA	NA	NA	NA	NA	NA	NA	NA	NA	NA	0.00066053	NA	NA	0.00066360	NA	NA	NA	NA	NA	NA	NA	NA	NA	NA	NA	NA	NA	NA	0.00095491	NA	NA	NA	NA	NA	NA	NA	0.00108882	NA	NA	NA	NA	NA	0.00097216
Rat238_bin.50	NA	NA	NA	NA	0.00112389	NA	NA	0.00270795	NA	NA	NA	NA	NA	NA	NA	NA	NA	NA	NA	NA	NA	NA	NA	NA	NA	NA	NA	NA	NA	NA	NA	NA	NA	NA	NA	NA	NA	NA	NA	NA	NA	NA	NA	NA	NA	NA	NA	NA	NA	NA	NA	NA	0.00056525
Rat238_bin.6	NA	NA	NA	NA	NA	0.00162310	0.00204887	NA	NA	0.00358092	NA	NA	NA	0.00379815	NA	0.00680792	NA	NA	NA	NA	0.00157607	0.00304477	0.00265321	NA	0.00058637	0.00149114	NA	NA	NA	NA	NA	NA	NA	NA	NA	NA	NA	NA	NA	NA	NA	NA	NA	NA	NA	NA	NA	NA	NA	NA	NA	NA	0.00101031
Rat238_bin.8	NA	NA	NA	NA	NA	NA	NA	NA	NA	NA	NA	NA	NA	NA	0.00071180	NA	NA	NA	NA	NA	NA	NA	NA	NA	NA	NA	NA	NA	NA	NA	NA	NA	NA	NA	NA	NA	NA	NA	NA	NA	NA	NA	NA	NA	NA	NA	NA	NA	NA	NA	NA	NA	0.00124478
Rat23_bin.1	NA	NA	NA	0.02439891	NA	NA	NA	NA	NA	NA	0.00117568	NA	NA	NA	NA	NA	NA	NA	NA	0.01562908	NA	NA	NA	NA	NA	NA	NA	NA	NA	NA	NA	NA	NA	NA	NA	NA	NA	NA	NA	NA	0.02146647	NA	NA	NA	NA	NA	NA	NA	NA	NA	NA	NA	NA
Rat23_bin.10	NA	NA	NA	NA	NA	NA	NA	NA	NA	NA	0.00042338	0.00089752	NA	NA	NA	NA	NA	NA	NA	NA	NA	NA	NA	NA	NA	NA	NA	NA	NA	NA	NA	NA	NA	NA	NA	NA	NA	NA	NA	NA	NA	NA	0.00084362	NA	NA	NA	NA	NA	NA	NA	NA	NA	NA
Rat23_bin.12	NA	NA	NA	0.00072704	NA	NA	NA	NA	0.00106983	NA	0.00070794	NA	NA	NA	NA	NA	NA	NA	NA	NA	NA	NA	NA	NA	NA	NA	NA	0.00129780	NA	NA	NA	NA	NA	NA	NA	NA	NA	NA	NA	NA	NA	NA	NA	NA	NA	NA	NA	NA	NA	NA	NA	NA	NA
Rat23_bin.14	NA	NA	0.01205155	NA	NA	NA	NA	NA	NA	NA	0.00283381	0.01005762	NA	NA	NA	NA	NA	0.00260403	NA	0.00607557	NA	NA	NA	NA	NA	NA	NA	NA	NA	NA	NA	NA	NA	NA	NA	NA	NA	NA	NA	NA	NA	NA	NA	NA	NA	NA	NA	NA	NA	NA	NA	NA	NA
Rat23_bin.16	NA	NA	NA	NA	NA	NA	NA	NA	NA	NA	0.00062760	NA	NA	NA	NA	NA	NA	NA	NA	NA	NA	NA	NA	NA	NA	NA	NA	NA	NA	NA	NA	NA	NA	NA	NA	NA	NA	NA	NA	NA	NA	NA	NA	NA	NA	NA	NA	NA	NA	NA	NA	NA	NA
Rat23_bin.17	NA	NA	0.00770810	0.01531271	NA	NA	NA	NA	0.03053964	NA	0.00678574	0.01502120	0.00896764	NA	0.01367670	NA	0.01092326	NA	NA	0.01893085	NA	NA	NA	NA	NA	NA	NA	0.02673719	NA	NA	NA	0.01732723	0.02830030	0.01753908	0.02589467	0.01245783	0.01443040	NA	NA	NA	0.03431565	NA	NA	NA	NA	NA	NA	NA	NA	NA	NA	NA	NA
Rat23_bin.18	NA	NA	NA	NA	NA	NA	NA	NA	NA	NA	0.00219801	NA	NA	NA	NA	NA	NA	NA	NA	NA	NA	NA	NA	NA	NA	NA	NA	NA	NA	NA	NA	NA	NA	NA	NA	NA	NA	NA	NA	NA	NA	NA	NA	NA	NA	NA	NA	NA	NA	NA	NA	NA	NA
Rat23_bin.21	NA	NA	NA	NA	NA	NA	NA	NA	NA	NA	0.00051102	NA	NA	NA	NA	NA	NA	NA	NA	NA	NA	NA	NA	NA	NA	NA	NA	NA	NA	NA	0.00057383	NA	NA	NA	NA	NA	NA	NA	NA	NA	0.00073500	NA	NA	NA	NA	NA	NA	NA	NA	0.00111971	NA	NA	NA
Rat23_bin.22	NA	NA	NA	NA	NA	NA	NA	NA	NA	NA	0.00087050	NA	NA	NA	NA	NA	NA	NA	NA	NA	NA	NA	NA	NA	NA	NA	NA	0.00150578	NA	NA	0.00117735	NA	NA	NA	NA	NA	NA	NA	NA	NA	NA	NA	NA	NA	NA	NA	NA	NA	NA	NA	0.00131167	0.00124279	NA
Rat23_bin.23	NA	NA	0.00118985	NA	NA	NA	NA	NA	NA	NA	0.00119346	NA	NA	NA	NA	NA	NA	NA	NA	NA	NA	NA	NA	NA	NA	NA	NA	NA	NA	NA	NA	NA	NA	NA	NA	NA	NA	NA	NA	NA	NA	NA	0.00279144	NA	NA	NA	NA	NA	NA	NA	NA	NA	NA
Rat23_bin.24	NA	NA	NA	NA	NA	NA	NA	NA	NA	NA	0.00177844	NA	NA	NA	NA	NA	NA	NA	NA	NA	NA	NA	NA	NA	NA	NA	NA	NA	NA	NA	NA	NA	NA	NA	NA	NA	NA	NA	NA	NA	NA	NA	NA	NA	NA	NA	NA	NA	NA	NA	NA	NA	NA
Rat23_bin.25	NA	NA	NA	NA	NA	NA	NA	NA	NA	NA	0.00098625	NA	NA	NA	0.00142455	NA	NA	NA	NA	NA	NA	NA	NA	NA	NA	NA	NA	NA	NA	NA	NA	NA	0.00169391	NA	NA	NA	NA	NA	NA	NA	NA	NA	NA	NA	NA	NA	NA	NA	NA	NA	NA	NA	NA
Rat23_bin.26	NA	NA	NA	NA	NA	NA	NA	NA	NA	NA	0.00125173	NA	NA	NA	NA	NA	NA	NA	NA	NA	NA	NA	NA	NA	NA	NA	NA	NA	NA	NA	NA	NA	NA	NA	NA	NA	NA	NA	NA	NA	NA	NA	NA	NA	NA	NA	NA	NA	NA	NA	NA	NA	NA
Rat23_bin.28	NA	NA	NA	NA	NA	NA	NA	NA	NA	NA	0.00257679	0.00134963	NA	NA	NA	NA	NA	NA	NA	NA	NA	NA	NA	NA	NA	NA	NA	NA	NA	NA	NA	NA	0.00129476	NA	NA	NA	NA	NA	NA	NA	NA	NA	NA	NA	NA	NA	NA	NA	NA	NA	NA	NA	NA
Rat23_bin.29	NA	NA	NA	NA	NA	NA	NA	NA	NA	NA	0.00248848	NA	NA	NA	NA	NA	NA	NA	NA	NA	NA	NA	NA	NA	NA	NA	NA	NA	NA	NA	NA	NA	NA	NA	NA	NA	NA	NA	NA	NA	NA	NA	NA	NA	NA	NA	NA	NA	NA	NA	NA	NA	NA
Rat23_bin.30	NA	NA	NA	NA	NA	NA	NA	NA	NA	NA	0.00171960	NA	NA	NA	0.00209402	NA	NA	NA	NA	NA	NA	NA	NA	NA	NA	NA	NA	NA	0.00564691	NA	NA	NA	0.00275477	0.00282394	NA	NA	NA	NA	0.00228964	NA	NA	NA	NA	NA	NA	NA	NA	NA	NA	NA	NA	NA	0.00087543
Rat23_bin.31	NA	NA	NA	NA	NA	NA	NA	NA	NA	NA	0.00069814	NA	NA	NA	NA	NA	NA	NA	NA	NA	NA	NA	NA	NA	NA	NA	NA	NA	NA	NA	NA	NA	NA	NA	NA	NA	NA	NA	NA	NA	NA	NA	NA	NA	NA	NA	NA	NA	NA	NA	NA	NA	NA
Rat23_bin.32	NA	NA	NA	NA	NA	NA	NA	NA	NA	NA	0.00554076	0.00860248	NA	NA	0.00828719	NA	NA	NA	NA	NA	NA	NA	NA	NA	NA	NA	NA	0.01100539	0.00588306	NA	NA	NA	NA	NA	NA	NA	0.00098273	NA	NA	NA	NA	NA	NA	NA	NA	NA	NA	NA	NA	NA	NA	NA	NA
Rat23_bin.33	NA	NA	NA	0.00980225	NA	NA	NA	NA	NA	NA	0.00095362	0.00153207	NA	NA	NA	NA	NA	NA	NA	NA	NA	NA	NA	NA	NA	NA	NA	0.00144219	NA	NA	NA	0.00212369	NA	NA	NA	NA	NA	NA	NA	NA	NA	NA	NA	NA	NA	NA	NA	NA	NA	NA	NA	NA	NA
Rat23_bin.36	NA	NA	0.00035761	0.00034357	0.00101229	0.00090948	0.00059602	NA	NA	NA	0.00036490	NA	0.00052219	NA	NA	NA	NA	NA	NA	0.00040631	NA	NA	NA	NA	NA	NA	NA	NA	NA	NA	NA	NA	NA	NA	NA	NA	NA	NA	NA	NA	NA	NA	NA	NA	NA	0.00083393	0.00053056	NA	NA	NA	NA	NA	NA
Rat23_bin.38	NA	NA	NA	NA	NA	NA	NA	NA	NA	NA	0.00728335	NA	NA	NA	0.01805338	NA	0.00536888	NA	NA	NA	NA	NA	NA	NA	NA	NA	NA	NA	NA	NA	NA	NA	NA	NA	NA	NA	NA	NA	NA	NA	NA	NA	NA	NA	NA	NA	NA	NA	NA	NA	NA	NA	NA
Rat23_bin.4	NA	NA	0.00232501	0.00069623	NA	NA	NA	NA	0.00068159	NA	0.00061179	0.00050710	NA	NA	NA	NA	NA	NA	NA	NA	NA	NA	NA	NA	NA	NA	NA	NA	NA	NA	NA	NA	NA	NA	NA	NA	NA	NA	NA	NA	NA	NA	NA	NA	NA	NA	0.00106115	NA	NA	NA	NA	NA	NA
Rat23_bin.40	NA	NA	NA	0.00055714	NA	NA	NA	NA	NA	NA	0.00045774	0.00061559	0.00049237	NA	NA	NA	0.00097673	NA	NA	NA	NA	NA	NA	NA	NA	NA	NA	NA	NA	NA	NA	NA	NA	NA	NA	NA	NA	NA	NA	NA	NA	NA	NA	NA	NA	NA	NA	NA	NA	NA	NA	NA	NA
Rat23_bin.41	NA	NA	NA	NA	NA	NA	NA	NA	NA	NA	0.00047881	NA	NA	NA	NA	NA	NA	NA	NA	NA	NA	NA	NA	NA	NA	NA	NA	NA	NA	NA	NA	NA	NA	NA	NA	NA	NA	NA	NA	NA	NA	NA	NA	NA	NA	NA	NA	NA	NA	NA	NA	NA	NA
Rat23_bin.45	NA	NA	NA	NA	NA	NA	NA	NA	NA	NA	0.00181823	NA	NA	NA	0.00142909	NA	0.00212018	0.00092865	NA	NA	NA	NA	NA	NA	NA	NA	NA	NA	NA	NA	NA	NA	0.00132545	0.00096047	NA	NA	NA	NA	NA	NA	NA	NA	NA	NA	NA	NA	NA	NA	NA	NA	NA	NA	NA
Rat23_bin.46	0.00173672	NA	NA	NA	NA	NA	0.00095023	NA	NA	NA	0.00309127	NA	0.00241923	NA	NA	NA	NA	NA	NA	NA	NA	NA	NA	NA	NA	NA	NA	NA	NA	NA	NA	NA	NA	NA	NA	NA	NA	NA	0.00116904	NA	NA	NA	NA	NA	NA	NA	NA	NA	NA	NA	NA	NA	NA
Rat23_bin.47	NA	NA	NA	NA	NA	NA	NA	NA	NA	NA	0.00076903	0.00115253	NA	NA	NA	NA	NA	NA	NA	NA	NA	NA	NA	NA	NA	NA	NA	NA	NA	NA	NA	NA	NA	NA	NA	NA	NA	NA	NA	NA	NA	NA	NA	NA	NA	NA	NA	NA	NA	NA	NA	NA	NA
Rat23_bin.48	NA	NA	NA	NA	NA	NA	NA	NA	NA	NA	0.00285641	NA	NA	NA	NA	NA	NA	NA	NA	NA	NA	NA	NA	NA	NA	NA	NA	NA	NA	NA	NA	NA	0.00194041	NA	NA	NA	NA	NA	NA	NA	NA	NA	NA	NA	NA	NA	NA	NA	NA	NA	NA	NA	NA
Rat23_bin.49	NA	NA	NA	NA	NA	NA	NA	NA	NA	NA	0.00094692	NA	NA	NA	NA	NA	NA	NA	NA	NA	NA	NA	NA	NA	NA	NA	NA	0.00092711	NA	NA	NA	NA	NA	NA	NA	NA	NA	NA	NA	NA	NA	NA	NA	NA	NA	NA	NA	NA	NA	NA	NA	NA	NA
Rat23_bin.50	NA	NA	NA	0.00077683	NA	NA	NA	0.01306592	0.00434208	NA	0.00262270	0.00298826	NA	NA	NA	NA	NA	NA	NA	NA	0.02078033	0.01868219	0.02078173	0.01918813	0.01875091	0.01965511	0.01937623	0.01124461	0.01946845	NA	0.01359612	NA	NA	0.01401550	NA	NA	NA	NA	NA	NA	NA	NA	NA	NA	NA	NA	NA	NA	NA	NA	NA	NA	NA
Rat23_bin.52	NA	NA	NA	NA	NA	NA	NA	NA	NA	NA	0.00112223	NA	NA	NA	NA	NA	NA	NA	NA	NA	NA	NA	NA	NA	NA	NA	NA	NA	NA	NA	NA	NA	NA	NA	NA	NA	NA	NA	NA	NA	NA	NA	NA	NA	NA	NA	NA	NA	NA	NA	NA	NA	NA
Rat23_bin.53	NA	NA	NA	NA	NA	NA	NA	NA	NA	NA	0.00071457	NA	NA	NA	NA	NA	NA	NA	NA	NA	NA	NA	NA	NA	NA	NA	NA	NA	NA	NA	NA	NA	NA	NA	NA	NA	NA	NA	NA	NA	NA	NA	NA	NA	NA	NA	NA	NA	NA	NA	NA	NA	NA
Rat23_bin.6	NA	0.01376004	NA	NA	0.01554280	NA	NA	NA	NA	0.01943774	0.00050801	NA	NA	0.01321846	NA	NA	NA	NA	0.01503168	NA	0.02123521	NA	NA	NA	NA	NA	NA	NA	NA	NA	NA	NA	NA	NA	NA	NA	NA	NA	NA	NA	NA	NA	NA	NA	NA	NA	NA	NA	NA	NA	NA	NA	NA
Rat23_bin.7	NA	NA	NA	NA	NA	NA	NA	NA	NA	NA	0.00323042	0.00444907	NA	NA	NA	NA	NA	NA	NA	NA	NA	NA	NA	NA	NA	NA	NA	0.00348246	NA	NA	NA	NA	0.00193109	NA	NA	NA	NA	NA	NA	NA	NA	NA	NA	NA	NA	NA	NA	NA	NA	NA	NA	NA	NA
Rat24_bin.11	NA	NA	NA	NA	NA	NA	NA	NA	NA	NA	NA	0.00487191	NA	NA	NA	NA	NA	NA	NA	NA	NA	NA	NA	NA	NA	NA	NA	NA	NA	NA	NA	NA	NA	NA	NA	NA	NA	NA	NA	NA	NA	NA	NA	NA	NA	NA	NA	NA	NA	NA	NA	NA	NA
Rat24_bin.12	NA	NA	NA	NA	NA	0.00351920	NA	NA	NA	NA	NA	0.00420145	0.00078049	NA	NA	0.00339922	NA	NA	NA	NA	NA	0.00378572	0.00427165	NA	0.00748475	0.00276210	NA	NA	NA	NA	NA	NA	NA	NA	NA	NA	NA	NA	NA	0.00141349	0.00087331	0.00563263	NA	0.00366683	NA	NA	NA	NA	NA	0.00863236	NA	NA	NA
Rat24_bin.13	NA	NA	NA	NA	NA	NA	NA	NA	NA	NA	0.00557344	0.00419143	NA	NA	NA	NA	NA	NA	NA	NA	NA	NA	NA	NA	NA	NA	NA	NA	NA	NA	NA	0.00615021	NA	NA	NA	NA	NA	NA	NA	NA	0.00590548	NA	NA	NA	NA	NA	NA	NA	NA	NA	NA	NA	NA
Rat24_bin.14	NA	NA	NA	0.00185440	0.00134601	NA	NA	NA	NA	NA	NA	0.00159952	NA	NA	NA	NA	NA	NA	0.00232460	NA	NA	NA	NA	0.00106614	NA	NA	NA	NA	NA	NA	NA	NA	NA	NA	NA	NA	NA	NA	NA	NA	NA	NA	NA	NA	NA	0.00319144	NA	NA	0.00094902	NA	NA	NA	NA
Rat24_bin.15	NA	0.00190404	0.00101771	0.00059398	0.00084143	NA	NA	NA	NA	NA	NA	0.00057466	0.00237320	NA	NA	NA	0.00107690	NA	NA	0.00075794	NA	NA	NA	0.00101239	NA	NA	0.00313692	0.00088236	0.00103470	0.00113729	NA	0.00090051	0.00200800	NA	NA	NA	NA	NA	NA	0.00116397	0.00449925	0.00071409	NA	NA	NA	NA	NA	NA	NA	0.00136065	NA	NA	0.00075137
Rat24_bin.17	NA	NA	NA	NA	NA	NA	NA	0.00043267	NA	NA	NA	0.00045563	0.00050357	NA	NA	NA	NA	NA	NA	NA	NA	NA	NA	NA	NA	NA	NA	NA	NA	NA	NA	NA	NA	NA	NA	NA	NA	NA	NA	NA	NA	NA	NA	NA	NA	NA	NA	NA	NA	NA	NA	NA	NA
Rat24_bin.2	NA	NA	NA	0.00367757	NA	NA	NA	NA	NA	NA	NA	0.00333905	0.00439889	NA	NA	NA	0.00375879	NA	NA	NA	NA	NA	NA	NA	NA	NA	NA	NA	0.01291085	NA	0.01081769	NA	0.00746393	0.00288274	NA	NA	NA	NA	0.00478400	NA	NA	NA	NA	0.01525174	NA	NA	NA	NA	NA	0.00677357	NA	NA	NA
Rat24_bin.20	NA	NA	NA	NA	NA	NA	NA	0.00197381	NA	NA	NA	0.00067429	NA	NA	NA	NA	NA	NA	NA	NA	NA	0.00122905	NA	NA	NA	NA	NA	NA	NA	NA	NA	NA	NA	NA	NA	NA	NA	NA	NA	NA	NA	NA	NA	NA	NA	NA	NA	NA	NA	NA	NA	NA	NA
Rat24_bin.21	0.00283275	0.00279576	0.00424136	0.00422749	NA	0.00250322	0.00273009	NA	0.00490197	0.00272454	NA	0.00447017	0.00337058	NA	NA	0.00324317	0.00458273	NA	NA	0.00312036	NA	NA	NA	0.00276075	NA	NA	0.00360681	NA	NA	NA	NA	NA	NA	NA	NA	NA	NA	NA	NA	0.00382757	NA	NA	0.00179504	NA	NA	0.00492850	0.00188482	0.00387606	0.00440208	0.00082749	0.00237459	NA	NA
Rat24_bin.22	NA	NA	0.01147359	NA	0.00088368	NA	NA	NA	0.00585619	NA	NA	0.00274053	0.00693679	NA	NA	NA	NA	0.00468467	NA	0.00325108	NA	NA	NA	NA	NA	NA	NA	NA	0.00433982	0.00311385	NA	NA	0.00226951	0.00717416	NA	0.00276167	NA	NA	NA	NA	0.00827891	NA	NA	NA	NA	NA	NA	NA	NA	NA	NA	NA	NA
Rat24_bin.26	NA	0.00067129	NA	0.00051949	NA	NA	NA	NA	0.00118580	NA	0.00075483	0.00088093	0.00119325	NA	0.00157276	NA	0.00091426	0.00070054	NA	0.00166105	NA	0.00046388	0.00070917	NA	NA	NA	NA	0.00046426	0.00107039	NA	NA	NA	NA	NA	NA	NA	NA	NA	NA	NA	NA	NA	NA	NA	NA	NA	NA	NA	NA	NA	NA	NA	NA
Rat24_bin.27	NA	NA	NA	0.00098998	NA	NA	NA	NA	0.00096412	NA	NA	0.00092414	0.00434123	NA	NA	NA	NA	NA	NA	NA	NA	NA	NA	NA	NA	NA	NA	NA	NA	NA	0.00169497	NA	NA	NA	NA	NA	NA	NA	NA	NA	NA	NA	NA	NA	NA	NA	0.00430234	NA	NA	NA	0.00141036	NA	NA
Rat24_bin.29	0.00105345	0.00084117	NA	NA	NA	NA	NA	0.00049415	NA	NA	NA	0.00044855	NA	NA	NA	NA	NA	NA	NA	NA	NA	NA	NA	NA	NA	NA	NA	NA	NA	NA	NA	NA	NA	NA	NA	NA	NA	NA	NA	0.00105217	NA	NA	NA	NA	NA	NA	NA	NA	NA	NA	NA	NA	NA
Rat24_bin.31	NA	NA	NA	NA	NA	NA	NA	NA	NA	NA	NA	0.00072968	NA	NA	NA	0.00239100	NA	NA	NA	0.00062924	NA	NA	NA	NA	NA	NA	NA	0.00053517	NA	0.00044871	NA	NA	NA	NA	NA	NA	NA	NA	NA	NA	NA	0.00137740	NA	NA	NA	NA	NA	NA	NA	NA	0.00156234	0.00054202	0.00113888
Rat24_bin.32	NA	0.00218510	0.01047930	0.01616576	0.00217276	NA	0.00156339	NA	0.00442497	NA	0.00087815	0.00128970	0.00354128	NA	0.01143371	NA	NA	NA	NA	0.00183087	NA	NA	NA	NA	NA	NA	NA	NA	NA	NA	NA	NA	NA	NA	NA	NA	NA	NA	NA	NA	NA	NA	NA	NA	NA	NA	0.01136616	NA	NA	NA	NA	NA	NA
Rat24_bin.34	NA	NA	NA	NA	NA	NA	NA	NA	NA	NA	NA	0.00124335	0.00138109	NA	NA	NA	NA	NA	NA	0.00120094	NA	NA	NA	NA	NA	NA	NA	NA	NA	NA	NA	NA	NA	NA	NA	NA	NA	NA	0.00531781	NA	NA	NA	NA	NA	NA	NA	NA	NA	NA	NA	NA	NA	NA
Rat24_bin.35	NA	NA	NA	NA	NA	NA	NA	NA	NA	NA	NA	0.00325209	NA	NA	NA	NA	NA	NA	NA	0.00146689	NA	NA	NA	NA	NA	NA	NA	NA	NA	NA	NA	NA	NA	NA	NA	NA	NA	NA	NA	NA	NA	NA	NA	NA	NA	NA	NA	NA	NA	NA	NA	NA	NA
Rat24_bin.37	NA	0.00282523	0.00214641	0.00242551	NA	0.00361559	0.00114946	0.00297796	0.00185047	0.00408178	0.00196217	0.00136650	0.00231918	NA	NA	0.00341712	NA	NA	NA	0.00059949	NA	NA	0.00070872	NA	NA	NA	0.00178054	NA	NA	NA	NA	NA	NA	NA	NA	NA	NA	NA	NA	0.00241061	NA	0.00053799	0.00069758	NA	NA	0.00288068	0.00089180	0.00254728	0.00432112	0.00073312	0.00156021	0.00309323	0.00274395
Rat24_bin.38	NA	NA	NA	NA	NA	NA	NA	NA	NA	NA	NA	0.00059155	NA	NA	NA	NA	NA	NA	NA	NA	NA	NA	NA	NA	NA	NA	NA	NA	NA	NA	0.00085757	NA	NA	NA	NA	NA	NA	NA	NA	NA	NA	NA	NA	NA	NA	NA	NA	NA	NA	NA	NA	NA	NA
Rat24_bin.40	NA	0.00192833	0.00104152	0.00124298	NA	0.00150840	0.00042227	0.00090998	0.00114144	NA	0.00112149	0.00101914	0.00108989	NA	NA	0.00173266	NA	NA	NA	0.00033576	NA	NA	0.00036083	NA	NA	NA	NA	NA	NA	NA	NA	NA	NA	NA	NA	NA	NA	NA	0.00143183	0.00074649	NA	NA	NA	NA	NA	0.00080229	0.00045175	0.00107855	NA	NA	0.00045393	NA	NA
Rat24_bin.41	NA	NA	0.00370324	NA	NA	0.01259751	NA	NA	NA	NA	NA	0.00430380	0.00719623	NA	NA	NA	0.00469789	0.00246844	NA	NA	NA	NA	NA	NA	NA	NA	NA	NA	NA	NA	NA	NA	NA	NA	NA	NA	NA	NA	0.00986369	NA	0.00526936	NA	NA	0.01580189	NA	NA	NA	NA	NA	0.00804595	NA	NA	0.00349476
Rat24_bin.42	NA	NA	NA	NA	NA	NA	NA	NA	NA	NA	0.00128435	0.00079477	0.00059828	NA	NA	NA	0.00089723	NA	NA	0.00075689	NA	NA	NA	NA	NA	NA	NA	0.00061026	NA	NA	0.00170383	NA	0.00092520	NA	NA	NA	NA	NA	NA	NA	NA	NA	NA	NA	NA	NA	NA	NA	NA	NA	NA	NA	NA
Rat24_bin.43	0.00368659	NA	NA	NA	0.00727181	0.00353386	NA	NA	NA	0.00819003	NA	0.00408882	0.00392313	NA	NA	NA	0.00409059	NA	NA	NA	NA	NA	NA	NA	NA	NA	NA	NA	NA	NA	NA	NA	NA	NA	NA	NA	NA	NA	NA	NA	NA	NA	NA	NA	NA	NA	NA	NA	NA	NA	NA	NA	NA
Rat24_bin.44	0.01421013	NA	NA	NA	NA	0.01174343	0.01331127	NA	NA	0.00665456	NA	0.01440453	NA	NA	NA	NA	NA	NA	NA	NA	NA	NA	NA	NA	NA	NA	NA	NA	NA	NA	NA	NA	NA	NA	NA	NA	NA	NA	NA	NA	NA	NA	NA	NA	NA	NA	NA	NA	NA	NA	NA	NA	NA
Rat24_bin.46	0.00139224	0.00235174	0.00281082	0.00089282	0.00207370	0.00215871	0.00181824	NA	NA	NA	NA	0.00059124	0.00157186	NA	NA	0.00292201	NA	0.00052370	0.00210948	0.00092078	NA	NA	0.00120332	0.00148914	NA	0.00109067	0.00068863	NA	NA	NA	NA	NA	NA	NA	NA	NA	NA	NA	0.00125285	0.00179715	0.00086274	0.00063894	NA	NA	NA	NA	0.00050760	NA	NA	NA	NA	NA	0.00199182
Rat24_bin.48	NA	NA	NA	0.00077011	0.00273040	NA	NA	NA	NA	NA	NA	0.00217181	0.00083996	NA	NA	NA	NA	NA	0.00361655	NA	NA	NA	NA	NA	NA	NA	NA	NA	NA	NA	NA	NA	NA	NA	NA	NA	NA	NA	NA	NA	NA	NA	NA	NA	NA	NA	NA	NA	NA	NA	NA	NA	NA
Rat24_bin.49	NA	NA	NA	NA	NA	NA	NA	NA	NA	NA	0.00072107	0.00077323	NA	0.00073086	NA	NA	NA	NA	0.00105532	NA	NA	NA	NA	NA	NA	NA	NA	NA	NA	NA	NA	0.00148073	NA	NA	NA	NA	NA	NA	NA	NA	NA	NA	NA	NA	NA	NA	0.00097890	NA	NA	NA	NA	NA	NA
Rat24_bin.50	NA	NA	NA	NA	NA	NA	NA	NA	NA	NA	NA	0.00112084	NA	NA	NA	NA	0.00230009	NA	NA	NA	NA	NA	NA	NA	NA	NA	NA	NA	NA	NA	NA	NA	0.00139851	NA	NA	NA	NA	NA	0.00133859	NA	NA	NA	0.00148013	NA	NA	NA	NA	NA	NA	NA	NA	NA	NA
Rat24_bin.51	NA	NA	0.00625609	0.00778187	NA	NA	NA	NA	0.00594368	NA	0.00253734	0.00460796	0.01363478	NA	NA	NA	NA	NA	NA	0.00327058	NA	NA	NA	NA	NA	NA	NA	0.00511288	NA	NA	NA	0.00311515	NA	NA	NA	NA	NA	NA	NA	NA	NA	NA	NA	NA	NA	NA	NA	NA	NA	NA	NA	NA	NA
Rat24_bin.52	NA	NA	NA	0.00184761	NA	NA	NA	NA	NA	NA	NA	0.00108421	0.00462926	NA	NA	NA	NA	NA	NA	NA	NA	NA	NA	NA	NA	NA	NA	NA	0.00247940	NA	NA	NA	0.00261309	NA	NA	NA	NA	NA	NA	NA	NA	NA	NA	NA	NA	NA	0.00385862	NA	NA	NA	NA	NA	NA
Rat24_bin.53	0.00267980	NA	NA	0.00173440	NA	0.00185202	0.00457732	NA	NA	NA	NA	0.00230241	NA	NA	0.00161999	NA	0.00512163	NA	NA	NA	NA	NA	NA	NA	NA	NA	NA	NA	NA	NA	NA	NA	NA	NA	NA	NA	NA	NA	NA	NA	NA	NA	NA	NA	NA	NA	NA	NA	NA	NA	NA	NA	NA
Rat24_bin.54	NA	NA	NA	NA	NA	NA	0.00913836	0.00827487	NA	NA	NA	0.00066033	NA	0.00459088	NA	NA	NA	NA	NA	0.00062981	0.00396545	NA	NA	NA	NA	0.00195131	NA	NA	NA	NA	0.00114117	0.00247822	NA	NA	NA	NA	NA	NA	0.00179773	0.00134278	NA	0.00348081	NA	NA	NA	NA	NA	NA	NA	NA	NA	0.00073155	NA
Rat24_bin.56	NA	NA	NA	NA	NA	NA	NA	NA	NA	NA	NA	0.00069288	NA	NA	NA	NA	NA	NA	NA	0.00126656	NA	NA	NA	NA	NA	NA	NA	NA	NA	NA	NA	NA	NA	NA	NA	NA	NA	NA	0.00079523	NA	NA	NA	NA	NA	NA	NA	NA	NA	NA	NA	NA	0.00064462	NA
Rat24_bin.57	NA	NA	NA	NA	NA	NA	NA	NA	NA	NA	NA	0.00126532	NA	NA	NA	NA	NA	NA	NA	0.00093700	NA	NA	NA	NA	NA	NA	NA	0.00042966	NA	NA	0.00121236	NA	NA	NA	NA	NA	NA	NA	NA	NA	NA	NA	NA	NA	NA	NA	NA	NA	NA	NA	NA	NA	NA
Rat24_bin.59	0.00229729	NA	NA	0.00205829	NA	0.00320638	0.00319801	NA	NA	0.00413594	NA	0.00263860	0.00274274	NA	0.00243206	NA	0.00304486	NA	NA	NA	NA	NA	NA	NA	NA	NA	NA	NA	NA	NA	NA	NA	NA	NA	NA	NA	NA	NA	NA	NA	NA	NA	NA	NA	NA	NA	NA	NA	NA	NA	NA	NA	NA
Rat24_bin.6	NA	NA	NA	NA	NA	NA	NA	NA	NA	NA	0.00220057	0.00134262	NA	NA	NA	NA	NA	NA	NA	NA	NA	NA	NA	NA	NA	NA	NA	0.00152023	NA	NA	NA	0.00273597	NA	NA	NA	NA	NA	NA	NA	NA	NA	NA	NA	NA	NA	NA	NA	NA	NA	NA	NA	NA	NA
Rat24_bin.60	NA	NA	NA	0.00187746	NA	NA	NA	NA	NA	NA	NA	0.00077247	NA	NA	NA	NA	NA	0.00064388	NA	0.00141292	NA	NA	NA	NA	NA	NA	NA	NA	NA	NA	NA	NA	NA	0.00524109	NA	NA	NA	NA	NA	NA	NA	NA	0.00108889	NA	NA	0.00162661	0.00636499	NA	0.00393492	NA	NA	0.00568534	NA
Rat24_bin.62	NA	NA	0.00344489	0.00145273	NA	NA	NA	NA	0.00126544	NA	0.00182487	0.00076920	0.00142336	NA	NA	NA	NA	NA	NA	NA	NA	NA	NA	NA	NA	NA	NA	NA	NA	NA	NA	NA	NA	NA	NA	NA	NA	NA	NA	NA	NA	NA	NA	NA	NA	NA	0.00160033	NA	NA	NA	NA	NA	NA
Rat24_bin.63	NA	NA	NA	0.00381745	NA	NA	NA	NA	NA	NA	0.00603506	0.00095772	NA	NA	0.00220306	NA	NA	NA	NA	NA	NA	NA	NA	0.00092277	NA	NA	NA	0.00341421	NA	NA	NA	NA	NA	NA	NA	NA	NA	NA	NA	NA	NA	NA	NA	NA	NA	NA	NA	NA	NA	NA	NA	NA	NA
Rat24_bin.64	NA	NA	0.00043657	0.00074502	NA	NA	NA	NA	0.00094001	NA	NA	0.00055230	0.00076397	NA	NA	NA	0.00073843	NA	NA	NA	NA	NA	NA	NA	NA	NA	NA	0.00057149	NA	NA	NA	NA	NA	NA	NA	NA	NA	NA	NA	NA	NA	NA	NA	NA	NA	NA	0.00102069	NA	NA	NA	NA	NA	NA
Rat24_bin.65	NA	NA	NA	NA	NA	NA	NA	NA	NA	NA	NA	0.00041239	NA	NA	NA	NA	NA	NA	NA	NA	NA	NA	NA	NA	NA	NA	NA	NA	0.00055347	NA	NA	NA	NA	NA	NA	NA	NA	NA	NA	NA	NA	NA	NA	NA	NA	0.00201950	NA	NA	NA	NA	NA	NA	NA
Rat24_bin.66	NA	NA	NA	0.00067151	NA	NA	NA	NA	0.00267363	NA	0.00060196	0.00066282	0.00196534	NA	0.00057680	NA	0.00084939	NA	NA	NA	NA	NA	NA	NA	NA	NA	NA	0.00063210	NA	NA	NA	NA	0.00201827	0.00109051	NA	NA	NA	NA	NA	NA	NA	NA	NA	NA	NA	NA	NA	NA	NA	NA	NA	NA	NA
Rat24_bin.67	NA	NA	NA	NA	NA	NA	NA	NA	NA	NA	NA	0.00279122	NA	NA	NA	NA	NA	NA	NA	NA	NA	NA	NA	NA	NA	NA	NA	NA	NA	NA	NA	NA	NA	NA	NA	NA	NA	NA	NA	NA	NA	NA	NA	NA	NA	NA	NA	NA	NA	NA	NA	NA	NA
Rat24_bin.68	NA	0.00090258	NA	0.02234999	NA	NA	0.00210331	0.00104545	0.00710391	NA	NA	0.00292320	NA	0.00094780	NA	0.00201630	NA	NA	NA	NA	NA	NA	NA	NA	NA	NA	NA	NA	NA	NA	NA	NA	NA	NA	NA	NA	NA	NA	NA	NA	NA	NA	NA	NA	NA	NA	NA	NA	NA	NA	NA	NA	NA
Rat24_bin.69	NA	NA	NA	NA	NA	NA	NA	NA	NA	NA	0.00293079	0.00147689	NA	NA	NA	NA	NA	NA	NA	NA	NA	NA	NA	NA	NA	NA	NA	NA	NA	NA	NA	NA	0.00213831	NA	NA	NA	NA	NA	NA	NA	NA	NA	NA	NA	NA	NA	NA	NA	NA	NA	NA	NA	NA
Rat24_bin.7	NA	NA	NA	NA	NA	NA	NA	NA	0.00270670	NA	NA	0.00350945	0.00532083	NA	NA	NA	NA	NA	NA	NA	NA	NA	NA	NA	NA	NA	NA	NA	NA	NA	NA	NA	NA	NA	NA	NA	NA	NA	NA	NA	NA	NA	0.00095001	NA	NA	NA	NA	0.00650953	0.00436705	0.00182393	NA	0.01320933	NA
Rat24_bin.71	NA	NA	NA	0.00166184	NA	NA	0.00151769	0.00156394	0.00140026	NA	NA	0.00083468	NA	NA	NA	NA	NA	NA	0.00163067	NA	0.00298171	0.00111720	NA	0.00096081	NA	0.00184068	NA	NA	NA	NA	NA	NA	NA	NA	NA	NA	NA	NA	NA	NA	NA	NA	NA	NA	NA	NA	NA	NA	NA	NA	NA	NA	NA
Rat24_bin.72	NA	NA	NA	NA	NA	NA	NA	NA	0.00943037	NA	0.00777842	0.00972441	NA	NA	0.00161459	NA	NA	NA	NA	NA	NA	NA	NA	NA	NA	NA	NA	NA	0.00550939	NA	NA	NA	NA	NA	0.00148291	0.00414572	NA	0.00511032	NA	NA	0.01555247	NA	NA	NA	NA	NA	NA	0.00245706	0.00200484	NA	NA	NA	NA
Rat24_bin.8	NA	NA	0.00046623	NA	NA	NA	NA	NA	NA	NA	0.00328484	0.00151948	NA	NA	NA	NA	NA	NA	NA	0.00368269	NA	NA	NA	NA	NA	NA	NA	NA	NA	NA	NA	NA	NA	NA	NA	NA	NA	NA	NA	NA	NA	NA	NA	NA	NA	NA	NA	NA	NA	NA	NA	NA	NA
Rat24_bin.9	0.00346834	0.00100193	NA	NA	0.00536013	NA	NA	NA	NA	0.00559929	NA	0.00425594	0.00367667	NA	NA	NA	0.00314401	NA	NA	NA	NA	NA	NA	NA	NA	NA	NA	NA	NA	NA	NA	NA	NA	NA	NA	NA	NA	NA	NA	NA	NA	NA	NA	NA	NA	NA	NA	NA	NA	NA	NA	NA	NA
Rat25_bin.1	NA	NA	NA	NA	NA	NA	NA	NA	NA	NA	NA	NA	0.00082849	NA	0.00143216	NA	NA	NA	NA	NA	NA	NA	NA	NA	NA	NA	NA	NA	NA	NA	NA	NA	NA	NA	NA	NA	NA	NA	NA	NA	NA	NA	NA	NA	NA	0.00459031	NA	0.00688950	0.00321766	0.00147710	NA	0.01431912	NA
Rat25_bin.10	NA	NA	0.00314064	0.00103227	NA	NA	NA	NA	0.00442085	NA	0.00274867	NA	0.00104354	NA	NA	NA	0.00105601	NA	NA	NA	NA	NA	NA	0.00356705	NA	NA	NA	NA	NA	NA	NA	0.00176203	NA	NA	NA	NA	NA	NA	0.00110107	NA	NA	NA	0.00089614	NA	NA	NA	NA	NA	NA	NA	NA	NA	NA
Rat25_bin.11	NA	NA	NA	0.00133438	NA	NA	NA	NA	0.00102968	NA	0.00118499	0.00192111	0.00072934	NA	NA	NA	NA	NA	NA	0.00098111	NA	NA	NA	NA	NA	NA	NA	0.00135221	NA	NA	0.00108046	0.00193009	0.00177194	NA	NA	NA	NA	NA	NA	NA	NA	NA	0.00123076	NA	NA	0.00142191	0.00222925	0.00112880	0.00165785	NA	0.00126877	0.00132540	NA
Rat25_bin.12	NA	NA	NA	0.00117115	NA	NA	NA	NA	0.00138238	NA	NA	0.00488492	0.00099612	NA	0.00083802	NA	NA	NA	NA	0.00084920	NA	NA	NA	NA	NA	NA	NA	0.00101246	NA	NA	NA	0.00291306	NA	NA	NA	NA	NA	NA	NA	NA	NA	NA	NA	NA	NA	NA	0.00111059	NA	NA	NA	NA	NA	NA
Rat25_bin.13	NA	0.00252991	0.00129185	NA	0.00056310	NA	NA	NA	NA	NA	NA	0.00050262	0.00056593	NA	NA	NA	0.00128615	NA	NA	0.00058875	NA	NA	NA	0.00084265	NA	NA	0.00163782	0.00089961	0.00115915	0.00142186	NA	0.00065728	NA	NA	NA	NA	NA	NA	NA	0.00080242	0.00180412	0.00070733	NA	NA	NA	NA	NA	NA	NA	0.00212266	NA	NA	0.00060700
Rat25_bin.14	NA	NA	0.03407511	0.00258368	0.01569599	NA	NA	NA	0.03360860	NA	0.03597469	0.03258698	0.00451258	NA	0.02622455	NA	0.02947641	0.03174459	NA	NA	NA	NA	NA	NA	NA	NA	NA	0.03835160	NA	NA	0.03600159	0.02934937	0.03272965	0.03512586	0.03576254	0.02452695	0.02989628	NA	NA	NA	0.03801302	NA	0.03471321	NA	NA	NA	0.02933586	0.01749370	NA	0.03727975	NA	NA	NA
Rat25_bin.16	NA	NA	NA	NA	NA	NA	NA	NA	0.00129263	NA	NA	NA	0.00167382	NA	0.00092675	NA	NA	NA	NA	0.00064978	NA	NA	NA	NA	NA	NA	NA	NA	NA	NA	NA	NA	NA	NA	NA	NA	NA	NA	NA	NA	NA	NA	NA	NA	NA	NA	NA	NA	NA	NA	NA	NA	NA
Rat25_bin.17	0.00337686	0.00370550	0.01471274	0.00290617	NA	0.00440358	0.00818715	0.00626473	0.00222210	0.01936197	0.01366872	0.01410913	0.00119932	NA	NA	0.01321702	NA	NA	0.00309052	0.01346272	0.01034260	0.01199064	0.00441714	0.00536626	NA	0.00753515	0.00795937	NA	NA	0.01170194	0.01477936	0.01126200	NA	NA	NA	NA	NA	NA	NA	0.00103275	NA	NA	NA	NA	NA	0.01217618	0.01106409	0.01505914	0.01995523	NA	0.01673126	0.01485176	NA
Rat25_bin.19	NA	NA	0.00204543	0.00087389	0.01644997	0.00384807	0.00597082	NA	0.00131886	NA	0.00092766	0.00138545	0.00076301	NA	0.02384264	NA	0.00112638	0.02329531	NA	0.00185702	NA	NA	NA	NA	NA	NA	NA	NA	NA	NA	NA	0.00383424	0.02903107	NA	NA	NA	NA	NA	0.00253768	NA	NA	NA	0.00284754	NA	NA	0.00357325	0.00360939	NA	NA	NA	NA	NA	NA
Rat25_bin.2	NA	NA	0.00071440	0.00059561	NA	NA	NA	NA	NA	NA	0.00037785	0.00052774	0.00048890	NA	NA	NA	NA	NA	NA	NA	NA	NA	NA	NA	NA	NA	NA	0.00042285	NA	0.00056394	0.00085597	NA	0.00072810	0.00073500	NA	NA	NA	NA	NA	NA	NA	NA	0.00084377	NA	NA	NA	NA	NA	0.00110837	NA	NA	NA	NA
Rat25_bin.20	0.00858651	NA	NA	0.00063414	NA	NA	0.00837902	0.00201168	0.00336768	NA	NA	0.00188275	0.00111133	NA	NA	NA	NA	NA	NA	NA	NA	NA	NA	NA	NA	NA	NA	NA	NA	NA	NA	NA	NA	NA	NA	NA	NA	NA	NA	NA	NA	NA	NA	NA	NA	NA	0.00134826	NA	NA	NA	NA	NA	NA
Rat25_bin.22	NA	NA	NA	NA	NA	NA	NA	NA	NA	NA	NA	NA	0.00256552	NA	NA	0.01388964	NA	NA	NA	NA	NA	NA	NA	NA	NA	NA	NA	NA	NA	NA	NA	NA	NA	NA	NA	NA	NA	NA	NA	NA	0.00119252	NA	NA	NA	NA	NA	NA	NA	NA	NA	NA	NA	NA
Rat25_bin.23	NA	NA	NA	NA	NA	NA	NA	NA	NA	NA	NA	NA	0.00037869	NA	NA	NA	NA	NA	NA	NA	NA	NA	NA	NA	NA	NA	NA	NA	NA	NA	NA	NA	NA	NA	NA	NA	NA	NA	NA	NA	NA	NA	NA	NA	NA	NA	NA	NA	0.00582425	0.00093358	NA	0.00853158	NA
Rat25_bin.24	NA	NA	0.00342160	NA	NA	NA	NA	NA	NA	NA	NA	NA	0.00294260	NA	NA	NA	0.00225218	0.00579590	NA	NA	NA	NA	NA	NA	NA	NA	NA	NA	NA	NA	NA	NA	NA	NA	NA	NA	NA	NA	NA	NA	NA	NA	NA	NA	NA	NA	NA	NA	NA	NA	NA	NA	NA
Rat25_bin.29	NA	NA	NA	0.00346409	NA	NA	NA	0.00291641	NA	NA	NA	NA	0.00075818	NA	NA	NA	NA	NA	0.00488015	NA	NA	NA	NA	NA	NA	NA	NA	NA	NA	NA	NA	NA	NA	NA	NA	NA	NA	NA	NA	NA	NA	NA	NA	NA	NA	NA	NA	NA	NA	NA	NA	NA	NA
Rat25_bin.32	NA	NA	NA	NA	NA	0.00410012	NA	NA	0.00810571	NA	NA	0.00522509	0.00047928	0.00799681	NA	0.00338753	NA	NA	NA	NA	NA	0.00394836	0.00481988	NA	0.00728070	0.00315512	0.00620603	NA	NA	NA	NA	NA	NA	NA	NA	NA	NA	NA	NA	0.00152550	0.00101813	0.00535565	NA	0.00406878	NA	NA	NA	NA	NA	0.00918818	NA	NA	NA
Rat25_bin.33	NA	NA	NA	0.00154245	NA	NA	NA	NA	0.00113853	NA	NA	NA	0.00056204	NA	NA	NA	NA	NA	NA	0.00177553	NA	NA	NA	NA	NA	NA	NA	NA	NA	NA	0.00260467	NA	NA	NA	NA	NA	NA	NA	NA	NA	NA	NA	0.00209452	NA	NA	NA	NA	0.01073886	NA	0.00162673	0.00087922	0.00344198	NA
Rat25_bin.35	NA	NA	NA	NA	NA	NA	NA	NA	0.00450432	NA	NA	NA	0.00068959	NA	NA	NA	NA	NA	NA	0.00093578	NA	NA	NA	NA	NA	NA	NA	NA	0.00158869	NA	0.00083774	NA	NA	NA	0.00109354	0.00047812	0.00058717	0.00201840	NA	NA	NA	NA	NA	NA	NA	NA	0.00109192	0.00302520	0.00137700	0.00103328	NA	NA	NA
Rat25_bin.37	NA	0.00682246	NA	NA	NA	NA	NA	NA	0.00295588	NA	NA	NA	0.00049962	NA	NA	NA	NA	NA	NA	NA	NA	NA	NA	NA	NA	NA	NA	NA	NA	NA	0.00116088	NA	NA	NA	NA	NA	NA	NA	NA	NA	NA	NA	NA	NA	NA	NA	NA	NA	0.00222082	NA	NA	NA	NA
Rat25_bin.39	NA	NA	NA	0.00075884	NA	NA	NA	NA	0.00066661	NA	NA	NA	0.00270874	NA	NA	NA	NA	NA	NA	0.00050583	NA	NA	NA	NA	NA	NA	NA	NA	NA	NA	0.00073934	0.00105494	NA	NA	NA	NA	NA	NA	NA	NA	NA	NA	NA	NA	NA	NA	0.00075494	NA	0.00161452	NA	NA	0.00096239	NA
Rat25_bin.4	0.00157849	NA	NA	0.00072770	NA	NA	NA	NA	NA	NA	0.00049036	0.00071402	0.00056188	NA	NA	NA	0.00129553	NA	NA	NA	NA	NA	NA	NA	NA	NA	NA	NA	NA	NA	NA	NA	NA	NA	NA	NA	NA	NA	NA	NA	NA	NA	NA	NA	NA	NA	NA	NA	NA	NA	NA	NA	NA
Rat25_bin.41	NA	0.00099791	0.00155280	0.00137187	NA	0.00336580	NA	0.00277690	0.00120464	0.00280217	0.00071969	0.00238678	0.00141298	NA	NA	0.00271984	NA	NA	NA	NA	NA	NA	0.00168027	NA	NA	NA	0.00125156	NA	NA	0.00186165	NA	NA	NA	NA	NA	NA	NA	NA	NA	0.00461496	NA	NA	NA	NA	NA	0.00274644	0.00067713	0.00352594	0.00311023	NA	0.00165494	0.00336887	NA
Rat25_bin.43	NA	NA	0.00967692	NA	0.00051954	NA	NA	NA	0.00413967	NA	NA	0.00366554	0.00496196	NA	NA	NA	NA	0.00454163	NA	0.00287868	NA	NA	NA	NA	NA	NA	NA	NA	0.00332752	0.00255158	NA	NA	0.00176648	NA	NA	0.00236921	NA	NA	NA	NA	0.00591247	NA	NA	NA	NA	NA	NA	NA	NA	NA	NA	NA	NA
Rat25_bin.44	NA	NA	NA	NA	NA	NA	NA	NA	0.00760456	NA	0.00611098	0.00558671	0.00653088	NA	0.00291427	NA	0.00403803	NA	NA	NA	NA	NA	NA	NA	NA	NA	NA	NA	NA	NA	NA	NA	0.00643460	NA	NA	NA	NA	NA	NA	NA	NA	NA	NA	NA	NA	NA	NA	NA	NA	NA	NA	NA	NA
Rat25_bin.45	NA	NA	0.00023847	NA	NA	NA	NA	NA	0.00081986	NA	NA	NA	0.00062015	NA	NA	NA	NA	NA	NA	0.00040938	NA	NA	NA	NA	NA	NA	NA	NA	NA	NA	0.00067626	NA	0.00074511	0.00084523	NA	NA	NA	NA	NA	NA	NA	NA	NA	NA	NA	NA	NA	NA	NA	NA	NA	NA	NA
Rat25_bin.46	NA	NA	NA	NA	NA	NA	NA	NA	NA	NA	NA	0.00092375	0.00067080	0.00298658	NA	NA	NA	NA	NA	NA	NA	NA	NA	NA	NA	NA	NA	NA	NA	NA	NA	NA	NA	NA	NA	NA	NA	NA	NA	NA	NA	NA	NA	NA	NA	0.00125774	NA	NA	0.00109656	NA	NA	NA	NA
Rat25_bin.47	NA	NA	NA	NA	0.00483939	NA	NA	NA	NA	NA	NA	NA	0.00617829	NA	NA	NA	NA	0.00296013	NA	0.00549165	NA	NA	NA	NA	NA	NA	NA	NA	0.00312145	NA	NA	NA	NA	0.00336459	NA	NA	NA	NA	0.00523669	0.00266574	NA	NA	NA	NA	NA	0.00569774	0.00595275	NA	NA	NA	NA	NA	NA
Rat25_bin.49	NA	NA	NA	0.00424084	NA	NA	NA	NA	0.00124854	NA	0.00063412	0.00164117	0.00064717	NA	0.00094812	NA	NA	NA	NA	NA	NA	NA	NA	NA	NA	NA	NA	NA	NA	NA	NA	NA	NA	NA	NA	NA	NA	NA	0.00122314	NA	NA	NA	NA	NA	NA	NA	NA	NA	NA	NA	0.00439800	NA	0.00360219
Rat25_bin.5	NA	NA	NA	NA	NA	NA	NA	0.00026823	NA	NA	NA	0.00037559	0.00040156	NA	NA	NA	NA	NA	NA	NA	NA	NA	NA	NA	NA	NA	NA	NA	NA	NA	NA	NA	NA	NA	NA	NA	NA	NA	NA	NA	NA	NA	NA	NA	NA	NA	NA	NA	NA	NA	NA	NA	NA
Rat25_bin.50	NA	NA	0.00051615	NA	NA	NA	0.00291074	NA	0.00626076	NA	NA	NA	0.00061939	NA	NA	NA	NA	NA	NA	0.00193388	NA	NA	NA	NA	NA	NA	NA	NA	NA	NA	NA	NA	NA	NA	NA	NA	NA	NA	0.00180809	NA	NA	NA	NA	NA	NA	NA	NA	0.00117270	0.00423559	NA	0.00119192	0.00092502	NA
Rat25_bin.54	NA	NA	NA	NA	NA	NA	NA	NA	0.00108205	NA	0.00130531	NA	0.00179600	NA	NA	NA	NA	NA	NA	NA	NA	NA	NA	NA	NA	NA	NA	NA	NA	NA	NA	NA	NA	NA	NA	NA	NA	NA	NA	NA	NA	0.00119415	0.00046485	NA	NA	NA	NA	0.00304827	0.00205726	0.00102037	NA	0.00528264	NA
Rat25_bin.55	NA	NA	0.00587700	NA	NA	NA	NA	NA	NA	NA	0.00707406	0.00511035	0.00485414	NA	NA	NA	0.00493872	NA	NA	NA	NA	NA	NA	0.00340636	NA	NA	NA	NA	NA	NA	NA	NA	NA	NA	NA	NA	NA	NA	NA	NA	NA	NA	NA	NA	NA	NA	NA	NA	NA	NA	NA	NA	NA
Rat25_bin.57	NA	NA	NA	NA	NA	NA	NA	NA	NA	NA	NA	0.00078807	0.00068112	NA	0.00090760	NA	NA	NA	NA	0.00164650	NA	NA	NA	NA	NA	NA	NA	NA	NA	NA	NA	NA	NA	NA	NA	NA	NA	NA	NA	NA	NA	NA	NA	NA	NA	0.00095026	NA	0.01973845	0.00134510	NA	NA	0.02246003	NA
Rat25_bin.58	0.00458697	0.00633255	0.00634748	0.00142385	0.00783591	0.00901192	0.00775224	0.00759821	0.00217177	0.00770322	NA	0.00144741	0.00154301	0.00928598	NA	0.00854653	0.00486400	NA	0.00648795	0.00787441	0.00505075	0.01068544	0.00944722	0.00209176	0.00649396	0.00756689	0.00112432	NA	NA	NA	0.00712722	0.00620013	NA	0.00609558	NA	NA	NA	NA	NA	NA	NA	NA	NA	0.02611065	NA	NA	NA	NA	NA	NA	NA	NA	0.00501973
Rat25_bin.60	0.00176944	0.00197152	0.00300524	0.00330826	NA	0.00211582	0.00211108	NA	0.00259050	0.00181088	0.00185582	0.00479914	0.00237652	NA	NA	0.00221504	NA	NA	NA	NA	NA	NA	0.00200905	0.00317888	NA	NA	0.00314685	NA	NA	NA	NA	NA	NA	NA	NA	NA	NA	NA	NA	0.00389013	NA	NA	NA	NA	NA	0.00406600	0.00170920	0.00343377	0.00364898	NA	0.00164791	NA	NA
Rat25_bin.62	NA	NA	NA	NA	NA	NA	NA	NA	0.00248717	NA	NA	NA	0.00343551	NA	NA	NA	NA	NA	NA	0.00157238	NA	NA	NA	NA	NA	NA	NA	NA	NA	NA	NA	NA	NA	NA	NA	NA	NA	NA	0.00336539	NA	NA	NA	NA	NA	NA	NA	NA	NA	NA	NA	NA	NA	NA
Rat25_bin.63	NA	NA	NA	NA	NA	NA	NA	NA	NA	NA	NA	NA	0.00131209	NA	NA	NA	NA	NA	NA	NA	NA	NA	NA	NA	NA	NA	NA	NA	0.00114151	NA	NA	NA	NA	0.00193000	NA	NA	NA	NA	NA	NA	NA	NA	NA	NA	NA	NA	NA	NA	NA	NA	NA	NA	NA
Rat25_bin.64	NA	NA	NA	NA	NA	NA	NA	NA	0.00195299	NA	NA	NA	0.00061956	NA	NA	NA	0.00100741	NA	NA	0.00170032	NA	NA	NA	NA	NA	NA	NA	NA	NA	NA	NA	NA	NA	NA	NA	NA	NA	NA	NA	NA	NA	NA	NA	NA	NA	0.00155783	NA	NA	NA	NA	NA	NA	NA
Rat25_bin.66	NA	NA	NA	0.00172402	NA	NA	NA	NA	0.00193862	NA	NA	NA	0.00186886	NA	0.00196676	NA	NA	NA	NA	0.00210233	NA	NA	NA	NA	NA	NA	NA	NA	NA	NA	NA	NA	NA	NA	NA	NA	NA	NA	NA	NA	NA	NA	NA	NA	NA	NA	NA	NA	NA	NA	NA	NA	NA
Rat25_bin.67	NA	NA	NA	NA	NA	NA	NA	NA	NA	NA	NA	0.00088413	0.00122114	NA	NA	NA	NA	NA	NA	NA	NA	NA	NA	NA	NA	NA	NA	NA	0.00158564	NA	NA	NA	0.00123046	NA	NA	NA	NA	NA	NA	NA	NA	NA	NA	NA	NA	NA	NA	NA	NA	NA	NA	NA	NA
Rat25_bin.68	NA	NA	NA	0.00109077	NA	NA	NA	NA	0.00226906	NA	NA	NA	0.00072269	NA	NA	NA	NA	NA	NA	0.00148968	0.00136384	NA	NA	0.00105625	NA	0.00206766	NA	NA	NA	NA	NA	NA	NA	NA	NA	NA	NA	NA	NA	NA	NA	NA	NA	NA	NA	0.00171952	NA	NA	0.00221740	NA	0.00101499	NA	NA
Rat25_bin.70	NA	NA	NA	NA	NA	NA	NA	NA	NA	NA	0.00037224	0.00037309	0.00044509	NA	NA	NA	NA	NA	NA	NA	NA	NA	NA	NA	NA	NA	NA	NA	NA	NA	NA	NA	NA	NA	NA	NA	NA	NA	NA	NA	NA	NA	NA	NA	NA	NA	NA	NA	0.00115514	NA	NA	NA	NA
Rat25_bin.71	NA	NA	0.00681851	0.00491336	NA	NA	NA	NA	0.00557383	NA	0.00135683	0.00176658	0.00179059	NA	NA	NA	NA	0.00089649	NA	NA	NA	NA	NA	NA	NA	NA	NA	NA	NA	0.00312185	0.00322095	NA	0.00154167	0.00455618	NA	NA	NA	NA	0.00452476	NA	NA	NA	0.00363465	NA	NA	NA	NA	NA	NA	NA	NA	NA	NA
Rat25_bin.74	0.00246310	0.00093936	NA	0.00175359	NA	NA	0.00473254	0.00333599	0.01123285	NA	NA	0.01251287	0.00175610	NA	0.00895634	NA	0.00783945	0.01170448	0.00321747	0.01159189	NA	NA	NA	NA	NA	NA	NA	NA	NA	NA	0.01318550	NA	NA	NA	NA	NA	NA	NA	NA	NA	NA	NA	NA	NA	NA	NA	0.01339883	0.01122364	0.01948428	NA	0.01421372	0.02105419	NA
Rat25_bin.75	NA	0.00296560	0.00105882	0.00088159	NA	0.00218346	0.00064963	0.00157437	0.00099080	NA	0.00082148	0.00128820	0.00061209	NA	NA	0.00251123	NA	NA	NA	0.00031240	NA	NA	0.00056984	NA	NA	NA	NA	NA	NA	NA	NA	NA	NA	NA	NA	NA	NA	NA	0.00227676	0.00128883	NA	NA	NA	NA	NA	0.00152339	0.00048319	0.00194692	NA	NA	0.00136044	NA	NA
Rat25_bin.77	0.00461586	0.00143685	NA	NA	NA	NA	0.00136938	0.00281172	NA	NA	NA	NA	0.00246780	NA	NA	0.00409559	NA	NA	0.00251795	NA	0.00950381	0.00673985	0.00534314	0.00964614	NA	0.00587324	0.00457065	NA	NA	NA	NA	NA	NA	NA	NA	NA	NA	NA	NA	0.00145781	NA	NA	NA	NA	NA	NA	NA	NA	NA	NA	NA	NA	NA
Rat25_bin.8	NA	NA	NA	NA	NA	NA	NA	NA	NA	NA	NA	NA	0.00261368	NA	NA	NA	NA	NA	NA	NA	NA	NA	NA	NA	NA	NA	NA	NA	NA	NA	NA	NA	NA	NA	NA	NA	NA	NA	NA	NA	NA	NA	NA	0.00522727	NA	0.00166539	NA	NA	NA	NA	NA	NA	NA
Rat25_bin.81	NA	NA	NA	0.00288397	NA	0.00191571	NA	NA	0.00370061	NA	NA	0.00287586	0.00430764	NA	0.00274708	NA	0.00228314	NA	NA	NA	NA	NA	NA	NA	NA	NA	NA	NA	NA	NA	NA	NA	NA	NA	NA	NA	NA	NA	NA	NA	NA	NA	NA	NA	NA	NA	0.00208696	NA	NA	NA	NA	NA	NA
Rat25_bin.82	NA	NA	NA	NA	NA	NA	NA	NA	0.00063634	NA	NA	NA	0.00170407	NA	NA	NA	NA	NA	NA	0.00096300	NA	NA	NA	NA	NA	NA	NA	0.00133952	NA	NA	NA	0.00152561	NA	NA	NA	NA	NA	NA	NA	NA	NA	NA	NA	NA	NA	NA	NA	0.00140866	NA	NA	0.00182728	NA	NA
Rat25_bin.83	NA	NA	NA	NA	NA	NA	NA	NA	NA	NA	NA	NA	0.00144983	NA	NA	NA	NA	NA	NA	NA	NA	NA	NA	NA	NA	NA	NA	NA	NA	NA	NA	NA	NA	NA	NA	NA	NA	NA	NA	NA	NA	NA	NA	NA	NA	NA	NA	NA	NA	NA	NA	NA	NA
Rat25_bin.85	NA	NA	NA	NA	NA	NA	NA	NA	NA	NA	NA	0.00802311	0.00907720	NA	NA	NA	0.00725185	NA	NA	NA	NA	NA	NA	NA	NA	NA	NA	NA	NA	NA	NA	NA	NA	NA	NA	NA	NA	NA	0.01111507	NA	0.00558563	NA	NA	0.01523572	NA	NA	NA	NA	NA	NA	NA	NA	NA
Rat25_bin.9	NA	NA	NA	NA	NA	0.00341679	0.00304141	NA	0.00192708	NA	NA	0.00788130	0.00234674	NA	NA	0.00401182	NA	NA	NA	NA	NA	NA	NA	NA	NA	NA	NA	NA	NA	NA	NA	NA	NA	NA	NA	NA	NA	NA	NA	NA	NA	NA	NA	NA	NA	NA	NA	NA	NA	NA	NA	NA	NA
Rat26_bin.1	0.00670741	0.00398263	NA	NA	NA	0.00497528	0.00482006	NA	NA	NA	NA	NA	NA	0.00860015	NA	0.00801140	NA	NA	NA	NA	NA	NA	NA	NA	0.00187701	0.00312456	NA	NA	NA	NA	NA	NA	NA	NA	NA	NA	NA	NA	NA	NA	NA	NA	NA	NA	NA	NA	NA	NA	NA	NA	NA	NA	NA
Rat26_bin.100	0.00055496	0.00068137	NA	NA	NA	NA	0.00157538	NA	NA	0.00200633	NA	NA	NA	0.00118160	NA	0.00249754	NA	NA	0.00220807	NA	NA	0.00307016	0.00276565	NA	NA	NA	NA	NA	NA	NA	NA	NA	NA	NA	NA	NA	NA	NA	NA	NA	NA	NA	NA	NA	NA	NA	NA	NA	NA	NA	NA	NA	NA
Rat26_bin.101	NA	NA	NA	NA	NA	NA	NA	NA	NA	NA	NA	NA	NA	0.00225613	NA	NA	NA	NA	NA	NA	NA	NA	NA	NA	NA	NA	NA	NA	NA	NA	NA	NA	NA	NA	NA	NA	NA	NA	NA	NA	NA	NA	NA	NA	NA	NA	NA	NA	NA	NA	NA	NA	NA
Rat26_bin.102	0.00123123	0.00172990	NA	NA	NA	NA	0.00165819	0.00173369	NA	NA	NA	NA	NA	0.00170647	NA	NA	NA	NA	NA	NA	NA	NA	NA	NA	NA	NA	NA	NA	NA	NA	NA	NA	NA	NA	NA	NA	NA	NA	0.00092541	NA	NA	NA	NA	NA	NA	NA	NA	NA	NA	NA	NA	NA	NA
Rat26_bin.105	0.00122982	0.00132567	NA	NA	NA	NA	0.00122028	0.00142377	NA	0.00111075	NA	NA	NA	0.00113602	NA	0.00156059	NA	NA	NA	NA	NA	0.00082159	0.00101152	NA	NA	NA	NA	NA	NA	NA	NA	NA	NA	NA	NA	NA	NA	NA	NA	NA	NA	NA	NA	NA	NA	NA	NA	NA	NA	NA	NA	NA	NA
Rat26_bin.106	NA	NA	NA	NA	NA	NA	NA	0.00075107	NA	0.00089113	NA	NA	0.00060949	0.00131086	NA	NA	NA	NA	NA	NA	0.00200240	NA	NA	0.00046291	NA	NA	NA	NA	NA	NA	NA	NA	NA	NA	NA	NA	NA	NA	NA	NA	NA	NA	NA	NA	NA	NA	NA	NA	NA	NA	NA	NA	NA
Rat26_bin.11	0.00247565	0.00241175	0.00426782	0.00552910	NA	0.00245721	0.00284893	0.00281229	0.00508323	0.00217748	NA	0.00754379	0.00500720	0.00180229	NA	0.00160273	NA	NA	NA	NA	NA	NA	NA	0.00378663	NA	NA	0.00407807	NA	NA	NA	NA	NA	NA	NA	NA	NA	NA	NA	NA	0.00435984	NA	NA	NA	NA	NA	0.00520125	0.00258754	0.00454264	0.00487347	NA	0.00240592	NA	NA
Rat26_bin.12	NA	NA	NA	NA	NA	NA	NA	NA	NA	NA	NA	NA	NA	0.00076851	NA	0.00170112	NA	NA	0.00444021	NA	NA	NA	NA	NA	NA	NA	NA	NA	NA	NA	NA	NA	NA	NA	NA	NA	NA	NA	NA	NA	NA	NA	NA	NA	NA	NA	NA	NA	NA	NA	NA	NA	NA
Rat26_bin.13	0.00290156	0.00454216	NA	NA	0.00490296	0.00575203	0.00395150	0.00367144	NA	0.00501283	NA	NA	NA	0.00351181	NA	0.00418635	NA	NA	0.00237644	NA	0.00325852	0.00502479	0.00484241	0.00358017	0.00510554	0.00145648	0.00244358	NA	NA	NA	NA	NA	NA	NA	NA	NA	NA	NA	NA	0.00170978	NA	NA	NA	0.00580610	NA	NA	0.00124357	NA	NA	NA	NA	NA	0.00098066
Rat26_bin.14	0.00134478	0.00156865	NA	NA	NA	0.00099642	0.00185177	0.00152042	NA	0.00139203	NA	NA	NA	0.00161388	NA	0.00185022	NA	NA	0.00179665	NA	NA	0.00234831	0.00094660	NA	NA	NA	NA	NA	NA	NA	NA	NA	NA	NA	NA	NA	NA	NA	NA	NA	NA	NA	NA	NA	NA	NA	NA	NA	NA	NA	NA	NA	NA
Rat26_bin.15	0.00132018	NA	NA	NA	NA	0.00110297	0.00914359	NA	NA	NA	NA	NA	NA	0.00103073	NA	0.00139733	NA	NA	NA	NA	NA	NA	NA	NA	NA	NA	NA	NA	NA	NA	NA	NA	NA	NA	NA	NA	NA	NA	NA	NA	NA	NA	NA	NA	NA	NA	NA	NA	NA	NA	NA	NA	NA
Rat26_bin.16	NA	NA	NA	NA	NA	0.00166593	NA	0.00143421	NA	0.00060402	NA	NA	NA	0.00089872	NA	0.00145789	NA	NA	0.00101652	NA	NA	NA	0.00060786	NA	NA	NA	NA	NA	NA	NA	NA	NA	NA	NA	NA	NA	NA	NA	NA	NA	NA	NA	NA	NA	NA	NA	NA	NA	NA	NA	NA	NA	NA
Rat26_bin.17	NA	NA	NA	NA	NA	NA	NA	NA	NA	NA	NA	NA	NA	0.00646841	NA	NA	NA	NA	NA	NA	NA	NA	NA	NA	NA	NA	NA	NA	NA	NA	NA	NA	NA	NA	NA	NA	NA	NA	NA	NA	NA	NA	NA	NA	NA	NA	NA	NA	NA	NA	NA	NA	NA
Rat26_bin.18	0.00060756	NA	NA	NA	NA	0.00071114	NA	NA	NA	NA	NA	NA	NA	0.00290401	NA	0.00247058	NA	NA	NA	NA	NA	NA	NA	NA	NA	NA	NA	NA	NA	NA	NA	NA	NA	NA	NA	NA	NA	NA	NA	NA	NA	NA	NA	NA	NA	NA	NA	NA	NA	NA	NA	NA	NA
Rat26_bin.19	NA	NA	NA	NA	NA	0.00326344	NA	0.00383738	NA	NA	NA	NA	NA	0.00438442	NA	NA	NA	NA	NA	NA	NA	NA	NA	NA	NA	NA	NA	NA	NA	NA	NA	NA	NA	NA	NA	NA	NA	NA	0.00485079	NA	NA	NA	NA	0.00854034	NA	NA	NA	NA	NA	NA	NA	NA	NA
Rat26_bin.20	NA	NA	NA	NA	NA	NA	NA	0.00085456	NA	NA	NA	NA	NA	0.00395171	NA	0.00227823	NA	NA	0.00301535	0.00207980	NA	NA	NA	NA	0.00060248	0.00257465	NA	NA	NA	NA	NA	NA	NA	NA	NA	NA	NA	NA	NA	NA	NA	NA	NA	NA	NA	NA	NA	NA	NA	NA	NA	NA	NA
Rat26_bin.21	NA	0.00209987	NA	NA	NA	NA	NA	0.00065744	NA	0.00216582	NA	NA	NA	0.00159580	NA	NA	NA	NA	NA	NA	NA	NA	NA	NA	NA	NA	NA	NA	NA	NA	NA	NA	NA	NA	NA	NA	NA	NA	NA	NA	NA	NA	NA	NA	NA	NA	NA	NA	NA	NA	NA	NA	NA
Rat26_bin.24	NA	0.00106691	NA	NA	0.00093310	NA	NA	0.00044969	NA	NA	NA	NA	NA	0.00098366	NA	0.00130432	NA	NA	NA	NA	NA	NA	NA	0.00171266	NA	NA	0.00062840	NA	NA	NA	NA	NA	NA	NA	NA	NA	NA	NA	NA	NA	NA	NA	NA	NA	NA	NA	NA	NA	NA	NA	NA	NA	0.00090143
Rat26_bin.27	NA	0.01430751	NA	NA	NA	NA	NA	NA	NA	NA	NA	NA	NA	0.00163532	NA	0.00511069	NA	NA	NA	NA	NA	0.02078881	0.01735524	0.01611382	0.01336332	0.01358079	0.00880574	NA	NA	NA	NA	NA	NA	NA	NA	NA	NA	NA	NA	NA	NA	NA	NA	NA	NA	NA	NA	NA	NA	NA	NA	NA	NA
Rat26_bin.28	NA	0.00106338	NA	NA	NA	NA	NA	NA	NA	NA	NA	NA	NA	0.00087982	NA	0.00283008	NA	NA	NA	NA	NA	NA	NA	0.01134894	NA	NA	0.00101690	NA	NA	NA	NA	NA	NA	NA	NA	NA	NA	NA	NA	NA	NA	NA	NA	NA	NA	NA	NA	NA	NA	NA	NA	NA	NA
Rat26_bin.29	0.00375444	0.00488810	NA	NA	0.00673130	NA	NA	0.00793522	NA	0.00959611	NA	NA	NA	0.00123334	NA	0.00212402	NA	NA	0.00533326	NA	NA	NA	NA	NA	NA	NA	NA	NA	NA	NA	NA	NA	NA	NA	NA	NA	NA	NA	NA	NA	NA	NA	NA	NA	NA	NA	NA	NA	NA	NA	NA	NA	NA
Rat26_bin.3	NA	NA	NA	NA	NA	NA	NA	NA	NA	0.01198566	NA	NA	NA	0.00082467	NA	0.00081113	NA	NA	0.00060080	NA	NA	NA	NA	NA	NA	NA	NA	NA	NA	NA	NA	NA	NA	NA	NA	NA	NA	NA	NA	NA	NA	NA	NA	NA	NA	NA	NA	NA	NA	NA	NA	NA	NA
Rat26_bin.31	NA	NA	NA	NA	NA	NA	NA	NA	NA	NA	NA	NA	NA	0.00507962	NA	NA	NA	NA	NA	NA	NA	NA	NA	NA	NA	NA	NA	NA	NA	NA	NA	NA	NA	NA	NA	NA	NA	NA	NA	NA	NA	NA	NA	NA	NA	NA	NA	NA	NA	NA	NA	NA	NA
Rat26_bin.32	0.00156213	0.00206218	NA	NA	0.00218632	0.00352740	NA	NA	NA	NA	NA	NA	NA	0.00139547	NA	NA	NA	NA	NA	0.00185264	0.00111605	NA	NA	0.00122471	NA	NA	NA	NA	NA	NA	NA	NA	NA	NA	NA	NA	NA	NA	NA	NA	NA	NA	NA	NA	NA	NA	NA	NA	NA	NA	NA	NA	NA
Rat26_bin.33	NA	NA	NA	NA	NA	0.00369324	NA	NA	NA	NA	NA	0.00576672	0.00073971	0.00653566	NA	0.00429583	NA	NA	NA	NA	NA	0.00411397	0.00467663	NA	0.00928630	0.00306055	NA	NA	NA	NA	NA	NA	NA	NA	NA	NA	NA	NA	NA	0.00140409	0.00092744	0.00713232	NA	0.00397526	NA	NA	NA	NA	NA	0.01190123	NA	NA	NA
Rat26_bin.35	0.00192600	NA	NA	NA	0.00273097	0.00145597	0.00068268	0.00086280	NA	0.00056137	NA	NA	NA	0.00137098	NA	0.00155123	NA	NA	NA	NA	0.00082731	0.00095510	0.00079552	NA	NA	NA	NA	NA	NA	NA	NA	NA	NA	NA	NA	NA	NA	NA	NA	NA	NA	NA	NA	NA	NA	NA	NA	NA	NA	NA	NA	NA	NA
Rat26_bin.39	NA	NA	NA	NA	NA	NA	0.00252969	NA	NA	NA	NA	NA	NA	0.00044059	NA	NA	NA	NA	NA	NA	NA	NA	NA	NA	NA	NA	NA	NA	NA	NA	NA	NA	NA	NA	NA	NA	NA	NA	0.00065746	NA	NA	NA	NA	NA	NA	NA	NA	NA	NA	NA	NA	NA	NA
Rat26_bin.40	0.00394203	0.00242430	NA	NA	0.00178538	0.00193643	0.00448625	0.00371539	NA	0.00305353	NA	NA	NA	0.00243960	NA	0.00400010	NA	NA	0.00380428	NA	0.00171027	0.00369395	0.00302959	NA	0.00085353	0.00130097	0.00089154	NA	NA	NA	NA	NA	NA	NA	NA	NA	NA	NA	NA	NA	NA	NA	NA	NA	NA	NA	NA	NA	NA	NA	NA	NA	NA
Rat26_bin.41	NA	NA	NA	NA	NA	NA	NA	NA	NA	NA	NA	NA	NA	0.00057246	NA	NA	NA	NA	NA	NA	NA	0.00818896	NA	NA	NA	NA	0.00478403	NA	NA	NA	NA	NA	NA	NA	NA	NA	NA	NA	NA	NA	NA	NA	NA	NA	NA	NA	NA	NA	NA	NA	NA	NA	NA
Rat26_bin.42	0.00328610	0.00304183	NA	NA	0.00512049	0.00196989	0.00366244	0.00426858	NA	0.00241945	NA	NA	NA	0.00147978	NA	0.00235204	NA	NA	0.00340321	NA	0.00205009	0.00416805	0.00358244	0.00290310	0.00283038	0.00190321	0.00222149	NA	NA	NA	NA	NA	NA	NA	NA	NA	NA	NA	NA	NA	NA	NA	NA	NA	NA	NA	0.00056890	NA	NA	NA	NA	NA	NA
Rat26_bin.44	0.00284925	0.00117896	0.00228963	0.00312766	NA	0.00316047	0.00238764	0.00213711	0.00267097	0.00262713	NA	0.00582705	0.00313066	0.00237725	NA	0.00231853	NA	NA	0.00104822	NA	NA	NA	0.00162294	NA	NA	NA	0.00154837	NA	NA	0.00171728	NA	NA	NA	NA	NA	NA	NA	NA	NA	0.00569412	NA	NA	NA	NA	NA	0.00362440	0.00085939	0.00395534	0.00359598	NA	0.00143161	0.00357234	NA
Rat26_bin.47	0.00085585	0.00226408	NA	NA	NA	NA	0.00171077	0.00050828	NA	NA	NA	0.00206526	0.00116187	0.00071036	NA	NA	NA	0.00066683	NA	NA	NA	NA	0.00069047	NA	NA	NA	NA	NA	0.00111741	NA	NA	0.00150583	0.00087926	0.00117618	NA	NA	NA	NA	NA	NA	NA	NA	NA	NA	NA	0.00244778	0.00135167	NA	NA	NA	NA	NA	NA
Rat26_bin.48	0.00397519	NA	NA	NA	NA	NA	0.00387592	0.00250734	NA	NA	NA	NA	NA	0.00399420	NA	NA	NA	NA	0.00459796	NA	0.00276928	NA	NA	NA	NA	0.00273488	NA	NA	NA	NA	NA	NA	NA	NA	NA	NA	NA	NA	NA	NA	NA	NA	NA	NA	NA	NA	NA	NA	NA	NA	NA	NA	NA
Rat26_bin.5	0.00186780	0.00222021	NA	NA	NA	NA	NA	0.00395469	NA	NA	NA	NA	NA	0.00151328	NA	0.00191550	NA	NA	NA	NA	NA	NA	NA	NA	NA	NA	NA	NA	NA	NA	NA	NA	NA	NA	NA	NA	NA	NA	NA	NA	NA	NA	NA	NA	NA	NA	NA	NA	NA	NA	NA	NA	NA
Rat26_bin.50	NA	NA	NA	NA	NA	0.00064729	NA	0.00097329	NA	NA	NA	NA	NA	0.00084041	NA	0.00075480	NA	NA	0.00097806	NA	NA	0.00059836	0.00099268	NA	NA	NA	NA	NA	NA	NA	NA	NA	NA	NA	NA	NA	NA	NA	NA	NA	NA	NA	NA	NA	NA	NA	NA	NA	NA	NA	NA	NA	NA
Rat26_bin.52	NA	NA	NA	NA	NA	NA	NA	NA	NA	NA	NA	NA	NA	0.00177228	NA	0.00186507	NA	NA	NA	NA	NA	NA	NA	NA	NA	NA	NA	NA	NA	NA	NA	NA	NA	NA	NA	NA	NA	NA	NA	NA	NA	NA	NA	NA	NA	NA	NA	NA	NA	NA	NA	NA	NA
Rat26_bin.53	NA	0.00140696	NA	NA	NA	NA	NA	0.00063062	NA	NA	0.00151194	0.00120799	NA	0.00132183	NA	0.00161148	NA	NA	NA	NA	0.00070010	0.00133388	0.00172095	NA	NA	0.00142577	NA	NA	NA	NA	NA	NA	NA	NA	NA	NA	NA	NA	NA	NA	NA	NA	NA	NA	NA	NA	0.00379599	NA	NA	NA	NA	NA	NA
Rat26_bin.55	NA	NA	NA	NA	NA	NA	NA	NA	NA	NA	NA	NA	NA	0.00411915	NA	NA	NA	NA	NA	NA	NA	NA	0.00328529	NA	NA	NA	NA	NA	NA	NA	NA	NA	NA	NA	NA	NA	NA	NA	NA	NA	NA	NA	NA	0.00553071	NA	NA	NA	NA	NA	NA	NA	NA	NA
Rat26_bin.6	0.00378723	0.00529516	NA	NA	NA	NA	0.00158404	NA	NA	0.00367711	NA	NA	NA	0.00422617	NA	0.00593269	NA	NA	0.00691906	NA	0.00252937	NA	NA	NA	NA	NA	NA	NA	NA	NA	NA	NA	NA	NA	NA	NA	NA	NA	NA	NA	NA	NA	NA	NA	NA	NA	NA	NA	NA	NA	NA	NA	NA
Rat26_bin.62	0.00292700	0.00329201	NA	NA	0.00176073	0.00314429	0.00296624	0.00274728	NA	0.00301450	NA	NA	NA	0.00225509	NA	0.00291618	NA	NA	0.00324941	NA	0.00172045	0.00255252	0.00244478	0.00224008	0.00076373	0.00151264	0.00059371	NA	NA	NA	NA	NA	NA	NA	NA	NA	NA	NA	NA	NA	NA	NA	NA	0.00201041	NA	NA	0.00099017	NA	NA	NA	NA	NA	0.00079368
Rat26_bin.64	NA	NA	NA	NA	NA	NA	NA	NA	NA	NA	NA	NA	NA	0.00048041	NA	0.00077703	NA	NA	NA	NA	NA	NA	NA	NA	NA	NA	NA	NA	NA	NA	NA	NA	NA	NA	NA	NA	NA	NA	NA	NA	NA	NA	NA	NA	NA	NA	NA	NA	NA	NA	NA	NA	NA
Rat26_bin.65	NA	NA	NA	NA	NA	NA	NA	NA	NA	0.00139363	NA	NA	NA	0.00194931	NA	NA	NA	NA	NA	NA	NA	NA	NA	NA	NA	NA	NA	NA	NA	NA	NA	NA	NA	NA	NA	NA	NA	NA	NA	NA	NA	NA	NA	NA	NA	NA	NA	NA	NA	NA	NA	NA	0.00092946
Rat26_bin.67	NA	NA	NA	NA	NA	0.00473889	NA	NA	NA	0.00717856	NA	NA	NA	0.00469165	NA	0.00855283	NA	NA	NA	NA	NA	NA	0.00227799	NA	NA	NA	NA	NA	NA	NA	NA	NA	NA	NA	NA	NA	NA	NA	NA	NA	NA	NA	NA	0.02224479	NA	NA	NA	NA	NA	NA	NA	NA	0.01296353
Rat26_bin.69	NA	NA	NA	NA	NA	NA	NA	NA	NA	NA	NA	NA	NA	0.00085049	NA	NA	NA	NA	NA	NA	NA	NA	NA	NA	NA	NA	NA	NA	NA	NA	NA	NA	NA	NA	NA	NA	NA	NA	NA	NA	NA	NA	NA	NA	NA	NA	NA	NA	NA	NA	NA	NA	NA
Rat26_bin.7	NA	0.00415081	NA	NA	NA	0.00619200	NA	0.00622176	NA	0.00131463	NA	NA	NA	0.00451682	NA	0.00522890	NA	NA	0.00398061	NA	NA	NA	NA	NA	NA	NA	NA	NA	NA	NA	NA	NA	NA	NA	NA	NA	NA	NA	NA	NA	NA	NA	NA	NA	NA	NA	NA	NA	NA	NA	NA	NA	NA
Rat26_bin.70	0.00592847	0.00104973	NA	NA	NA	NA	NA	NA	NA	NA	NA	NA	NA	0.00155606	NA	0.00268685	NA	NA	NA	NA	NA	NA	NA	NA	NA	NA	NA	NA	NA	NA	NA	NA	NA	NA	NA	NA	NA	NA	NA	NA	NA	NA	NA	NA	NA	NA	NA	NA	NA	NA	NA	NA	NA
Rat26_bin.75	NA	NA	NA	NA	NA	NA	NA	NA	NA	NA	NA	NA	NA	0.00052757	NA	0.00053360	NA	NA	NA	NA	NA	NA	NA	NA	NA	NA	NA	NA	NA	NA	NA	NA	NA	NA	NA	NA	NA	NA	NA	NA	NA	NA	NA	NA	NA	NA	NA	NA	NA	NA	NA	NA	NA
Rat26_bin.76	NA	0.00807013	NA	NA	NA	0.01151178	NA	NA	NA	0.00716112	NA	NA	NA	0.00410093	NA	NA	NA	NA	NA	NA	NA	NA	0.00661724	NA	NA	NA	NA	NA	NA	NA	NA	NA	NA	NA	NA	NA	NA	NA	0.00881105	NA	0.00514402	NA	NA	0.01057701	NA	NA	NA	NA	NA	NA	NA	NA	NA
Rat26_bin.79	NA	NA	NA	NA	NA	NA	NA	NA	NA	0.00230447	NA	NA	NA	0.00262270	NA	NA	NA	NA	NA	NA	NA	NA	NA	NA	NA	NA	NA	NA	NA	NA	NA	NA	NA	NA	NA	NA	NA	NA	NA	NA	NA	NA	NA	NA	NA	NA	NA	NA	NA	NA	NA	NA	NA
Rat26_bin.8	NA	NA	NA	NA	NA	NA	NA	NA	NA	NA	NA	NA	NA	0.00037860	NA	NA	NA	NA	NA	NA	NA	NA	NA	NA	0.00035665	NA	NA	NA	NA	NA	0.00080589	NA	0.00068623	0.00107631	NA	NA	NA	NA	NA	NA	NA	NA	NA	NA	NA	NA	NA	NA	NA	NA	NA	NA	NA
Rat26_bin.83	0.00163310	NA	NA	NA	NA	0.00438924	NA	NA	NA	NA	NA	NA	NA	0.00321640	NA	0.00277853	NA	NA	NA	NA	NA	NA	NA	NA	NA	NA	NA	NA	NA	NA	NA	NA	NA	NA	NA	NA	NA	NA	NA	NA	NA	NA	NA	NA	NA	NA	NA	NA	NA	NA	NA	NA	NA
Rat26_bin.84	0.00090173	NA	NA	NA	NA	0.00158252	NA	NA	NA	NA	NA	NA	NA	0.00276803	NA	0.00310517	NA	NA	0.00160084	NA	NA	NA	NA	NA	NA	NA	NA	NA	NA	NA	NA	NA	NA	NA	NA	NA	NA	NA	NA	NA	NA	NA	NA	NA	NA	NA	NA	NA	NA	NA	NA	NA	NA
Rat26_bin.85	NA	0.00055379	NA	NA	NA	NA	NA	NA	NA	NA	NA	NA	NA	0.00207359	NA	0.00253113	NA	NA	NA	NA	0.00197231	0.00154465	NA	NA	0.00041892	0.00130473	NA	NA	NA	NA	NA	NA	NA	NA	NA	NA	NA	NA	NA	NA	NA	NA	NA	NA	NA	NA	NA	NA	NA	NA	NA	NA	0.00087554
Rat26_bin.86	0.00119092	0.00134413	NA	NA	NA	0.00157047	0.00195012	0.00127693	NA	NA	NA	NA	NA	0.00093225	NA	0.00174340	NA	NA	NA	NA	NA	NA	NA	NA	NA	NA	NA	NA	NA	NA	NA	NA	NA	NA	NA	NA	NA	NA	NA	NA	NA	NA	NA	NA	NA	NA	NA	NA	NA	NA	NA	NA	NA
Rat26_bin.89	0.00366340	0.00385717	NA	NA	0.00366115	NA	0.00326404	NA	NA	NA	NA	NA	NA	0.00181230	NA	NA	NA	NA	NA	NA	0.00342355	NA	NA	NA	NA	NA	NA	NA	NA	NA	NA	NA	NA	NA	NA	NA	NA	NA	0.00189810	0.00237272	NA	NA	NA	NA	NA	NA	NA	NA	NA	NA	NA	NA	NA
Rat26_bin.9	NA	0.00046649	NA	NA	NA	NA	NA	0.00052044	NA	NA	NA	NA	NA	0.00045861	NA	NA	NA	NA	NA	0.00089060	NA	NA	0.00267240	NA	0.00052381	0.00169268	NA	NA	NA	NA	NA	0.00102502	NA	NA	NA	NA	NA	NA	NA	NA	NA	NA	NA	NA	NA	NA	NA	NA	NA	NA	NA	NA	NA
Rat26_bin.92	NA	0.00636752	NA	NA	NA	0.00606170	0.00223396	0.00826461	NA	NA	NA	NA	NA	0.00569484	NA	0.00482413	NA	NA	0.00558112	NA	0.00493897	NA	NA	NA	NA	NA	0.00418396	NA	NA	NA	NA	NA	NA	NA	NA	NA	NA	NA	NA	NA	NA	NA	NA	NA	NA	NA	NA	NA	NA	NA	NA	NA	NA
Rat26_bin.95	NA	0.00215821	NA	NA	NA	NA	NA	0.00233448	NA	0.00347273	NA	NA	NA	0.00159428	NA	0.00388967	NA	NA	NA	NA	NA	NA	NA	NA	NA	NA	NA	NA	NA	NA	NA	NA	NA	NA	NA	NA	NA	NA	NA	NA	NA	NA	NA	NA	NA	NA	NA	NA	NA	NA	NA	NA	NA
Rat29_bin.1	NA	NA	0.00090872	NA	NA	0.00456825	NA	0.01490912	0.00277761	0.00772648	NA	NA	NA	0.00662756	0.00064318	0.00630457	0.00167587	0.00086289	NA	0.00199937	0.00775203	NA	NA	NA	0.00318253	0.00328604	NA	NA	NA	NA	0.00134789	NA	NA	0.00104739	NA	NA	NA	NA	0.00397989	NA	NA	NA	NA	NA	NA	NA	NA	NA	0.00162662	NA	NA	NA	NA
Rat29_bin.10	NA	NA	NA	0.00458397	NA	NA	NA	NA	NA	NA	NA	NA	NA	NA	0.00080233	NA	0.00118576	0.00065042	NA	NA	NA	NA	NA	NA	NA	NA	NA	0.00206504	0.00437176	NA	NA	0.00162023	NA	0.00412298	NA	NA	NA	NA	NA	0.02694951	NA	NA	0.01114363	NA	NA	NA	0.00282409	NA	NA	NA	NA	NA	0.00352388
Rat29_bin.11	NA	NA	NA	NA	NA	NA	NA	NA	NA	NA	NA	NA	NA	NA	0.00216992	NA	NA	NA	NA	NA	NA	NA	NA	NA	NA	NA	NA	NA	NA	NA	NA	NA	NA	NA	NA	NA	NA	NA	NA	NA	NA	NA	NA	NA	NA	NA	NA	NA	NA	NA	NA	NA	NA
Rat29_bin.12	NA	NA	NA	NA	NA	NA	NA	NA	0.01172285	NA	NA	0.00985557	0.01129182	NA	0.00184718	NA	0.00282155	NA	NA	0.00704535	NA	NA	NA	NA	NA	NA	NA	NA	NA	NA	NA	NA	0.00173272	0.00153532	NA	NA	NA	NA	NA	NA	NA	NA	NA	NA	NA	NA	NA	NA	NA	NA	NA	NA	NA
Rat29_bin.13	NA	NA	NA	NA	NA	NA	NA	NA	NA	NA	NA	NA	NA	NA	0.00049275	NA	NA	NA	NA	NA	NA	NA	NA	NA	NA	NA	NA	NA	NA	NA	NA	NA	NA	NA	NA	NA	NA	NA	NA	NA	NA	NA	NA	NA	NA	NA	NA	NA	NA	NA	NA	NA	NA
Rat29_bin.14	0.00223600	NA	NA	0.00233933	NA	NA	0.00321692	NA	NA	0.00408425	NA	0.00255989	0.00258203	NA	0.00246863	NA	0.00299310	NA	NA	NA	NA	NA	NA	NA	NA	NA	NA	NA	NA	NA	NA	NA	NA	NA	NA	NA	NA	NA	NA	NA	NA	NA	NA	NA	NA	NA	NA	NA	NA	NA	NA	NA	NA
Rat29_bin.16	NA	NA	NA	NA	NA	NA	NA	NA	NA	NA	NA	NA	NA	NA	0.00159980	NA	NA	NA	NA	NA	NA	NA	NA	NA	NA	NA	NA	NA	NA	NA	NA	NA	NA	NA	NA	NA	NA	NA	NA	NA	NA	NA	NA	NA	NA	NA	NA	NA	NA	NA	NA	NA	NA
Rat29_bin.17	NA	NA	NA	NA	NA	NA	NA	NA	NA	NA	0.00176740	NA	NA	NA	0.00092783	NA	0.00702734	NA	NA	NA	NA	NA	NA	NA	NA	NA	NA	0.00209783	0.00199303	0.00143850	NA	NA	NA	0.00181577	NA	NA	NA	NA	NA	NA	NA	NA	NA	NA	NA	NA	NA	NA	NA	NA	NA	NA	NA
Rat29_bin.18	NA	NA	NA	NA	0.00261527	NA	NA	NA	NA	NA	NA	0.00251974	NA	NA	0.00063731	NA	0.00150175	0.00258553	NA	0.00118305	NA	NA	NA	NA	NA	NA	NA	NA	NA	NA	NA	0.00179661	NA	0.00170076	NA	NA	NA	NA	NA	NA	NA	NA	0.00134228	NA	NA	NA	NA	NA	NA	NA	NA	NA	NA
Rat29_bin.20	NA	NA	NA	0.00538083	NA	NA	NA	NA	0.00295474	NA	NA	NA	0.00360684	NA	0.00080309	NA	0.00164034	0.00086047	NA	NA	NA	NA	NA	NA	NA	NA	NA	NA	NA	NA	NA	NA	NA	NA	NA	NA	NA	NA	NA	NA	NA	NA	NA	NA	NA	NA	NA	NA	NA	NA	NA	NA	NA
Rat29_bin.22	NA	NA	NA	NA	NA	NA	NA	NA	NA	NA	NA	NA	NA	NA	0.00176296	NA	NA	NA	NA	NA	NA	NA	NA	NA	NA	NA	NA	NA	NA	NA	NA	NA	NA	NA	NA	NA	NA	NA	NA	NA	NA	NA	NA	NA	NA	NA	NA	NA	NA	NA	NA	NA	NA
Rat29_bin.23	NA	NA	NA	NA	NA	NA	NA	NA	0.00295125	NA	NA	NA	NA	NA	0.00084786	NA	0.00260684	NA	NA	NA	NA	NA	NA	NA	NA	NA	NA	NA	NA	NA	NA	NA	NA	NA	0.00112405	0.00071002	NA	NA	NA	NA	NA	NA	NA	NA	NA	NA	NA	NA	NA	NA	NA	NA	NA
Rat29_bin.25	NA	NA	NA	0.00351228	NA	NA	NA	NA	0.00206455	NA	0.00252778	0.00228334	NA	NA	0.00069143	NA	0.00133801	NA	NA	NA	NA	NA	NA	NA	NA	NA	NA	0.00316676	NA	NA	0.00545676	NA	NA	NA	NA	NA	NA	NA	NA	NA	NA	NA	NA	NA	NA	NA	NA	NA	NA	NA	NA	NA	NA
Rat29_bin.27	NA	NA	NA	NA	NA	NA	NA	NA	0.00082542	NA	NA	NA	0.00081212	NA	0.00076285	NA	NA	NA	NA	0.00053089	NA	NA	NA	NA	NA	NA	NA	NA	NA	NA	NA	NA	NA	NA	NA	NA	NA	NA	NA	NA	NA	NA	NA	NA	NA	NA	NA	NA	0.00088838	NA	NA	NA	NA
Rat29_bin.29	0.00270793	NA	NA	0.00268604	0.00172151	NA	NA	NA	0.00173805	NA	NA	NA	NA	NA	0.00149413	NA	NA	NA	0.00379532	NA	NA	NA	NA	NA	NA	NA	0.00096184	NA	NA	NA	NA	NA	NA	NA	0.00051261	NA	NA	NA	NA	NA	NA	NA	NA	NA	NA	NA	NA	NA	NA	NA	NA	NA	NA
Rat29_bin.3	NA	NA	NA	NA	NA	NA	NA	NA	NA	NA	NA	NA	NA	NA	0.00078406	NA	NA	0.00475977	NA	NA	NA	NA	NA	NA	NA	NA	NA	NA	NA	NA	NA	NA	NA	NA	NA	NA	NA	NA	NA	NA	NA	NA	NA	NA	NA	NA	0.00928295	NA	NA	NA	NA	NA	NA
Rat29_bin.30	NA	NA	0.03000803	0.03424860	0.01610011	NA	NA	NA	0.03266676	NA	0.03144641	0.02512764	NA	NA	0.00604412	NA	0.02473001	0.02066359	NA	NA	NA	NA	NA	NA	NA	NA	NA	0.02922675	NA	NA	NA	0.02039516	0.02525426	0.00678818	0.02658298	0.02178555	NA	NA	NA	NA	0.03279811	NA	NA	NA	NA	NA	NA	NA	NA	0.01792491	NA	NA	NA
Rat29_bin.31	NA	NA	NA	NA	NA	NA	NA	NA	NA	NA	0.01074081	NA	NA	NA	0.00098158	NA	0.00462074	NA	NA	NA	NA	NA	NA	NA	NA	NA	NA	NA	NA	0.00256993	NA	NA	0.00320239	NA	NA	NA	NA	NA	NA	NA	NA	NA	NA	NA	NA	NA	NA	NA	NA	NA	NA	NA	NA
Rat29_bin.33	NA	NA	NA	NA	NA	NA	NA	NA	NA	NA	NA	0.00261698	0.00156806	NA	0.00052303	NA	0.00084163	NA	NA	NA	NA	NA	NA	NA	NA	NA	NA	NA	NA	NA	NA	NA	NA	NA	NA	NA	NA	NA	NA	NA	NA	NA	NA	NA	NA	NA	NA	NA	NA	NA	NA	NA	0.00137160
Rat29_bin.34	NA	NA	NA	NA	NA	NA	NA	NA	NA	NA	0.00242775	NA	NA	NA	0.00217882	NA	NA	NA	NA	NA	NA	NA	NA	NA	NA	NA	NA	0.00130994	NA	NA	NA	NA	NA	NA	NA	NA	NA	NA	NA	NA	NA	NA	NA	NA	NA	NA	NA	0.00118351	NA	NA	NA	NA	NA
Rat29_bin.35	NA	NA	NA	NA	NA	NA	NA	NA	NA	NA	NA	NA	NA	NA	0.00093473	NA	0.00164119	NA	NA	NA	NA	NA	NA	NA	NA	NA	NA	NA	NA	NA	NA	NA	0.00114672	NA	NA	NA	NA	NA	0.00170813	NA	NA	NA	NA	NA	NA	NA	NA	NA	NA	NA	NA	NA	NA
Rat29_bin.36	NA	NA	NA	NA	NA	NA	NA	NA	NA	NA	0.00623659	0.01304704	0.00343998	NA	0.00112516	NA	0.00489638	NA	NA	NA	NA	NA	NA	NA	NA	NA	NA	NA	NA	NA	NA	NA	NA	NA	NA	NA	NA	NA	NA	NA	NA	NA	NA	NA	NA	NA	NA	NA	NA	NA	NA	NA	NA
Rat29_bin.39	NA	NA	0.00546617	0.00476025	NA	NA	NA	NA	0.00632795	NA	0.00610469	0.00462966	0.00448399	NA	0.00328936	NA	0.00299962	0.00162137	NA	0.00510050	NA	NA	NA	NA	NA	NA	NA	0.00348936	0.00550471	0.00533115	0.00743417	NA	NA	0.00571045	NA	NA	NA	NA	NA	NA	NA	NA	0.00336559	NA	NA	NA	0.00328708	NA	NA	NA	NA	NA	NA
Rat29_bin.4	NA	NA	NA	0.00155991	NA	NA	NA	NA	0.00091685	NA	NA	0.00104199	0.00059090	0.00147113	0.00080533	NA	0.00061609	NA	NA	0.00053711	NA	NA	NA	NA	NA	NA	NA	NA	NA	NA	0.00114837	0.00152050	0.00126284	NA	NA	NA	NA	NA	NA	NA	NA	NA	NA	NA	NA	NA	0.00090794	NA	0.00169158	NA	NA	NA	NA
Rat29_bin.40	NA	NA	NA	NA	NA	NA	NA	NA	NA	NA	0.00719374	NA	NA	NA	0.00085328	NA	0.00435384	0.00176019	NA	NA	NA	NA	NA	NA	NA	NA	NA	NA	NA	NA	NA	NA	0.00287749	0.00186337	NA	NA	NA	NA	NA	NA	NA	NA	NA	NA	NA	NA	NA	NA	NA	NA	NA	NA	NA
Rat29_bin.41	NA	NA	NA	NA	NA	NA	NA	NA	NA	NA	NA	NA	NA	NA	0.00218107	NA	NA	NA	NA	NA	NA	NA	NA	NA	NA	NA	NA	NA	NA	NA	NA	NA	NA	NA	NA	NA	NA	NA	NA	NA	NA	NA	NA	NA	NA	NA	NA	NA	NA	NA	NA	NA	NA
Rat29_bin.42	NA	NA	NA	NA	NA	NA	NA	NA	NA	NA	0.00080538	NA	NA	NA	0.00093534	NA	0.00081137	NA	NA	NA	NA	NA	NA	NA	NA	NA	NA	NA	NA	NA	NA	NA	NA	NA	NA	NA	NA	NA	NA	NA	NA	NA	NA	NA	NA	NA	NA	NA	NA	NA	NA	NA	NA
Rat29_bin.44	NA	NA	0.00309901	NA	NA	NA	NA	NA	NA	NA	NA	0.00677631	0.00804739	NA	0.00084307	NA	0.00197189	0.00138268	NA	NA	NA	NA	NA	NA	NA	NA	NA	NA	NA	NA	NA	0.00279583	NA	NA	0.00336924	NA	NA	NA	NA	NA	NA	NA	NA	NA	NA	NA	NA	NA	NA	NA	NA	NA	NA
Rat29_bin.45	NA	NA	0.00870315	0.01108397	NA	NA	NA	NA	NA	NA	0.01253197	0.01328070	NA	NA	0.00105796	NA	NA	NA	NA	NA	NA	NA	NA	NA	NA	NA	NA	0.01023383	NA	NA	NA	NA	NA	NA	NA	NA	0.00410728	0.00158785	NA	NA	0.00428153	NA	0.00277467	NA	NA	NA	0.00948118	NA	0.00573061	NA	NA	NA	NA
Rat29_bin.46	NA	NA	NA	NA	NA	NA	NA	NA	NA	NA	NA	NA	NA	NA	0.00061362	NA	0.00069944	NA	NA	NA	NA	NA	NA	NA	NA	NA	NA	0.00248835	0.00116782	NA	NA	NA	NA	NA	NA	NA	NA	NA	NA	NA	NA	NA	NA	NA	NA	NA	NA	NA	NA	NA	NA	NA	NA
Rat29_bin.47	NA	NA	NA	NA	0.00308329	NA	NA	NA	NA	NA	0.00391128	NA	NA	NA	0.00120476	NA	NA	0.00228596	NA	NA	NA	NA	NA	NA	NA	NA	NA	NA	0.01137347	NA	NA	NA	0.00209899	0.00713519	NA	NA	NA	NA	NA	NA	NA	NA	NA	NA	NA	NA	NA	NA	NA	NA	NA	NA	0.00111373
Rat29_bin.5	NA	NA	NA	NA	NA	NA	NA	NA	NA	NA	NA	NA	NA	NA	0.00238068	NA	0.00459733	0.00130779	NA	NA	NA	NA	NA	NA	NA	NA	NA	NA	NA	NA	NA	NA	NA	NA	NA	NA	NA	NA	NA	NA	NA	NA	NA	NA	NA	NA	NA	NA	NA	NA	NA	NA	NA
Rat29_bin.50	NA	NA	NA	NA	NA	NA	NA	NA	NA	NA	NA	NA	NA	NA	0.00054671	NA	0.00119875	NA	NA	NA	NA	NA	NA	NA	NA	NA	NA	NA	0.00160066	NA	NA	NA	0.00084079	NA	NA	NA	NA	NA	NA	NA	NA	NA	NA	NA	NA	NA	NA	NA	NA	0.00183605	NA	NA	NA
Rat29_bin.52	NA	NA	NA	0.00106904	NA	NA	NA	NA	0.00243012	NA	NA	NA	0.00088436	NA	0.00065608	NA	NA	0.00065172	NA	0.00124516	NA	NA	NA	NA	NA	NA	NA	NA	NA	NA	NA	NA	NA	NA	NA	NA	NA	NA	NA	NA	NA	NA	NA	NA	NA	NA	NA	NA	NA	NA	NA	NA	NA
Rat29_bin.54	NA	NA	NA	NA	NA	NA	NA	NA	NA	NA	NA	NA	NA	NA	0.00132993	NA	0.00116270	NA	NA	NA	NA	NA	NA	NA	NA	NA	NA	NA	NA	NA	NA	NA	NA	NA	NA	NA	0.00127508	NA	NA	NA	NA	NA	NA	NA	NA	NA	NA	NA	NA	NA	NA	NA	NA
Rat29_bin.55	NA	NA	NA	NA	NA	NA	NA	NA	NA	NA	NA	NA	NA	NA	0.00141701	NA	NA	NA	NA	NA	NA	NA	NA	NA	NA	NA	NA	NA	NA	NA	NA	NA	NA	NA	NA	NA	NA	NA	NA	NA	NA	NA	NA	NA	NA	NA	NA	NA	NA	NA	NA	NA	NA
Rat29_bin.6	NA	0.00369796	NA	0.00095815	NA	NA	NA	NA	0.00101150	NA	0.00226127	0.00338669	NA	NA	0.00065823	NA	NA	NA	NA	NA	NA	NA	NA	NA	NA	NA	NA	NA	NA	NA	0.00280324	0.00461549	NA	NA	NA	NA	NA	NA	NA	NA	NA	NA	NA	NA	NA	NA	NA	NA	NA	NA	NA	NA	NA
Rat29_bin.7	NA	NA	NA	NA	NA	0.00117830	NA	NA	NA	NA	NA	NA	NA	NA	0.00200831	NA	0.00674061	0.00224436	NA	NA	NA	NA	NA	NA	NA	NA	NA	NA	NA	NA	NA	NA	NA	NA	NA	NA	NA	NA	NA	NA	NA	NA	NA	NA	NA	NA	NA	NA	NA	NA	NA	NA	NA
Rat29_bin.8	NA	NA	NA	NA	NA	NA	NA	NA	0.00580529	NA	NA	NA	NA	NA	0.00058497	NA	NA	NA	NA	NA	NA	NA	NA	NA	NA	NA	NA	NA	NA	NA	NA	NA	NA	0.00466165	NA	NA	NA	NA	NA	NA	NA	NA	NA	NA	NA	NA	NA	NA	NA	NA	NA	NA	NA
Rat29_bin.9	NA	NA	NA	NA	NA	NA	NA	NA	NA	NA	NA	NA	NA	NA	0.00170147	NA	0.00228026	NA	NA	NA	NA	NA	NA	NA	NA	NA	NA	NA	0.00283659	NA	NA	NA	0.00214967	0.00105841	NA	NA	NA	NA	NA	NA	NA	NA	NA	NA	NA	NA	NA	NA	NA	NA	NA	NA	0.00141303
Rat2_bin.1	0.00368920	0.00241003	NA	NA	0.00430883	0.00316272	0.00478737	0.00573277	NA	0.00495908	NA	NA	NA	0.00806527	NA	0.00763813	NA	NA	0.00350017	NA	0.00256526	0.00361566	0.00443310	NA	NA	NA	NA	NA	NA	NA	NA	NA	NA	NA	NA	NA	NA	NA	NA	NA	NA	NA	NA	NA	NA	NA	NA	NA	NA	NA	NA	NA	NA
Rat2_bin.10	0.00860928	0.01001071	NA	NA	NA	0.00776128	0.00668480	0.00931232	NA	0.00891015	NA	NA	NA	0.01345264	NA	0.01447537	NA	NA	0.01043074	NA	0.01135598	0.01219575	0.01525451	NA	0.00961578	0.01149418	0.00734312	NA	NA	NA	NA	NA	NA	NA	NA	NA	NA	NA	NA	NA	NA	NA	NA	0.01337392	NA	NA	NA	NA	NA	NA	NA	NA	NA
Rat2_bin.11	0.00161699	0.00173725	NA	NA	NA	NA	NA	NA	NA	NA	NA	NA	NA	NA	NA	NA	NA	NA	NA	NA	NA	NA	NA	NA	NA	NA	NA	NA	NA	NA	NA	NA	NA	NA	NA	NA	NA	NA	NA	NA	NA	NA	NA	NA	NA	NA	NA	NA	NA	NA	NA	NA	NA
Rat2_bin.12	0.00121701	NA	NA	NA	0.00803119	NA	0.00486863	0.00488402	NA	NA	0.01265121	NA	NA	NA	NA	NA	NA	NA	NA	NA	NA	NA	NA	NA	NA	NA	NA	NA	0.00354171	NA	NA	NA	NA	NA	NA	NA	NA	NA	NA	NA	NA	NA	NA	NA	NA	NA	NA	NA	NA	NA	NA	NA	NA
Rat2_bin.13	0.00091849	0.00194792	NA	NA	NA	NA	0.00249052	0.00129062	NA	NA	NA	NA	NA	NA	NA	NA	NA	NA	NA	NA	NA	NA	NA	NA	NA	NA	NA	NA	NA	NA	NA	NA	NA	NA	NA	NA	NA	NA	NA	NA	NA	NA	NA	NA	NA	NA	NA	NA	NA	NA	NA	NA	NA
Rat2_bin.14	0.00178546	0.00370453	NA	NA	NA	NA	NA	0.00247630	NA	0.00325709	NA	NA	NA	NA	NA	0.00633967	NA	NA	0.00614901	NA	0.00729696	NA	0.00395136	0.00931053	NA	0.00338471	NA	NA	NA	NA	NA	NA	NA	NA	NA	NA	NA	NA	NA	NA	NA	NA	NA	NA	NA	NA	NA	NA	NA	NA	NA	NA	NA
Rat2_bin.18	0.00292651	0.00315939	NA	NA	NA	NA	0.00282397	0.00333796	NA	0.00285093	NA	0.00077711	NA	0.00894826	NA	0.00534118	0.00116540	NA	0.00323516	NA	NA	NA	NA	NA	NA	0.00591654	NA	NA	NA	NA	NA	NA	NA	NA	NA	NA	NA	NA	0.00265048	NA	NA	NA	NA	NA	NA	NA	NA	NA	NA	NA	NA	NA	NA
Rat2_bin.2	0.00128170	0.00202494	NA	NA	NA	NA	0.00094139	0.00090060	NA	0.00150017	NA	NA	NA	0.00378948	NA	0.00515065	NA	NA	NA	NA	NA	NA	NA	NA	NA	NA	NA	NA	NA	NA	NA	NA	NA	NA	NA	NA	NA	NA	NA	NA	NA	NA	NA	NA	NA	NA	NA	NA	NA	NA	NA	NA	NA
Rat2_bin.23	0.00867092	0.00417533	NA	NA	0.00880483	0.01049640	0.01280896	0.00581683	NA	0.00815679	NA	NA	NA	0.00673366	NA	0.00777566	NA	NA	NA	NA	NA	0.00680011	NA	NA	0.00133605	0.00299539	NA	NA	NA	NA	NA	NA	NA	NA	NA	NA	NA	NA	NA	NA	NA	NA	NA	NA	NA	NA	NA	NA	NA	NA	NA	NA	NA
Rat2_bin.25	0.00129318	NA	NA	NA	NA	NA	NA	NA	NA	NA	NA	NA	NA	NA	NA	NA	NA	NA	NA	NA	NA	NA	NA	NA	NA	NA	NA	NA	NA	NA	NA	NA	NA	NA	NA	NA	NA	NA	NA	NA	NA	NA	NA	NA	NA	NA	NA	NA	NA	NA	NA	NA	NA
Rat2_bin.26	0.00060732	NA	NA	NA	NA	NA	0.00074820	0.00061016	NA	NA	NA	NA	NA	NA	NA	NA	NA	NA	0.00109147	NA	0.00048567	0.00115049	NA	NA	NA	NA	NA	NA	NA	NA	NA	NA	NA	NA	NA	NA	NA	NA	NA	NA	NA	NA	NA	NA	NA	NA	NA	NA	NA	NA	NA	NA	NA
Rat2_bin.27	0.00296218	NA	NA	NA	NA	NA	0.00312944	0.00217169	NA	NA	NA	NA	NA	0.00344252	NA	NA	NA	NA	0.00352133	NA	0.00265164	NA	NA	NA	NA	0.00249382	NA	NA	NA	NA	NA	NA	NA	NA	NA	NA	NA	NA	NA	NA	NA	NA	NA	NA	NA	NA	NA	NA	NA	NA	NA	NA	NA
Rat2_bin.28	0.00139492	NA	NA	NA	NA	NA	NA	NA	NA	NA	NA	NA	NA	NA	NA	NA	NA	NA	NA	NA	0.01112923	NA	NA	NA	NA	NA	NA	NA	NA	NA	NA	NA	NA	NA	NA	NA	NA	NA	NA	NA	NA	NA	NA	NA	NA	NA	NA	NA	NA	NA	NA	NA	NA
Rat2_bin.35	0.00391284	0.00396420	NA	NA	0.00299574	0.00438981	0.00490540	0.00446479	NA	0.00228779	NA	NA	NA	0.00577185	NA	0.00680921	NA	NA	0.00595070	NA	0.00374007	0.00401167	0.00444511	NA	0.00396641	0.00358828	0.00307828	NA	NA	NA	NA	NA	NA	NA	NA	NA	NA	NA	0.00070499	0.00090727	NA	NA	NA	0.00486671	NA	NA	NA	NA	NA	NA	NA	NA	0.00047881
Rat2_bin.38	0.00130279	0.00147252	NA	NA	NA	NA	0.00111962	0.00152220	NA	0.00119485	NA	NA	NA	0.00116562	NA	0.00166532	NA	NA	0.00236906	NA	NA	0.00100105	0.00123288	NA	NA	NA	NA	NA	NA	NA	NA	NA	NA	NA	NA	NA	NA	NA	NA	NA	NA	NA	NA	NA	NA	NA	NA	NA	NA	NA	NA	NA	NA
Rat2_bin.4	0.00112874	NA	NA	NA	0.00119433	0.00129926	0.00045443	NA	NA	0.00049421	NA	NA	NA	NA	NA	0.00110052	NA	NA	NA	NA	NA	0.00132238	NA	NA	NA	0.00063043	0.00144435	NA	NA	NA	NA	NA	NA	NA	NA	NA	NA	NA	NA	NA	NA	NA	NA	NA	NA	NA	NA	NA	NA	NA	NA	NA	0.00322557
Rat2_bin.41	0.00692874	0.00462354	NA	NA	NA	0.00647118	0.00551058	0.00417590	NA	NA	NA	NA	NA	0.01046204	NA	0.00958723	NA	NA	NA	NA	NA	NA	NA	NA	NA	0.00391368	NA	NA	NA	NA	NA	NA	NA	NA	NA	NA	NA	NA	NA	NA	NA	NA	NA	NA	NA	NA	NA	NA	NA	NA	NA	NA	NA
Rat2_bin.43	0.00206465	0.00156038	NA	NA	NA	NA	0.00084913	0.00248485	NA	NA	NA	NA	NA	0.00365560	NA	NA	NA	NA	NA	NA	0.00309975	0.00362194	NA	0.00320033	NA	0.00239087	NA	NA	NA	NA	NA	NA	NA	NA	NA	NA	NA	NA	0.00384012	NA	NA	NA	NA	NA	NA	NA	NA	NA	NA	NA	NA	NA	0.00181050
Rat2_bin.47	0.00049889	NA	NA	NA	NA	NA	NA	0.00069491	NA	NA	NA	NA	NA	0.00066344	NA	0.00215931	NA	NA	NA	NA	NA	NA	NA	NA	0.00179581	NA	NA	NA	NA	NA	NA	NA	NA	NA	NA	NA	NA	NA	NA	NA	NA	NA	NA	NA	NA	NA	NA	NA	NA	NA	NA	NA	NA
Rat2_bin.48	0.00871025	0.00674375	0.03704993	0.04152901	0.00844938	0.00862328	0.00969081	0.01131432	0.04156824	0.01307173	0.04306742	0.03566740	0.03951059	0.00719386	0.02769182	0.00554555	0.02761317	0.01621198	NA	0.03233185	0.00783559	NA	0.00763805	0.01050612	0.01734230	NA	NA	0.03525237	0.02374177	NA	0.03640650	0.03784161	0.03278782	0.03683515	0.03847895	0.03738747	0.03180267	0.03419926	NA	NA	0.04431278	NA	0.03586582	NA	NA	NA	NA	NA	NA	0.04211667	NA	NA	NA
Rat2_bin.5	0.00063086	NA	NA	NA	NA	NA	0.00105830	0.00142791	NA	NA	NA	NA	NA	NA	NA	NA	NA	NA	0.00296610	NA	0.00255823	0.00289617	NA	0.00202948	NA	NA	NA	NA	NA	NA	0.00105215	NA	NA	NA	NA	NA	NA	NA	NA	NA	NA	NA	NA	NA	NA	NA	NA	NA	0.00175331	NA	NA	NA	NA
Rat2_bin.52	0.00240984	NA	NA	0.00046747	NA	NA	NA	NA	0.00134114	NA	NA	0.00080595	0.00133640	NA	NA	NA	NA	NA	NA	NA	0.00093112	NA	NA	0.00098438	NA	NA	0.00060010	NA	NA	NA	NA	NA	NA	NA	NA	NA	NA	NA	NA	NA	NA	NA	NA	NA	NA	NA	NA	NA	NA	NA	NA	NA	NA
Rat2_bin.54	0.00038371	0.00114170	NA	NA	NA	NA	0.00041079	NA	NA	NA	NA	NA	NA	NA	NA	0.00090351	NA	NA	0.00366223	NA	NA	NA	0.00057379	NA	NA	NA	NA	NA	NA	NA	NA	NA	NA	NA	NA	NA	NA	NA	NA	NA	NA	NA	NA	NA	NA	NA	NA	NA	NA	NA	NA	NA	NA
Rat2_bin.58	0.00073527	NA	NA	NA	NA	NA	NA	NA	NA	NA	NA	NA	NA	NA	NA	NA	NA	NA	NA	NA	NA	NA	NA	NA	NA	NA	NA	NA	NA	NA	NA	NA	NA	NA	NA	NA	NA	NA	NA	NA	NA	NA	NA	NA	NA	NA	NA	NA	NA	NA	NA	NA	NA
Rat2_bin.6	0.00106314	0.00088979	NA	NA	NA	NA	0.00189494	0.00090223	NA	0.00542240	NA	NA	NA	NA	NA	NA	NA	NA	0.00439521	NA	0.00139732	0.00206047	NA	NA	NA	NA	NA	NA	NA	NA	NA	NA	NA	NA	NA	NA	NA	NA	NA	NA	NA	NA	NA	NA	NA	NA	NA	NA	NA	NA	NA	NA	NA
Rat2_bin.62	0.00100743	0.00219894	NA	NA	0.00241094	0.00325818	NA	NA	NA	NA	NA	NA	NA	0.00235623	NA	NA	NA	NA	NA	0.00180998	0.00131928	NA	NA	0.00140071	NA	NA	NA	NA	NA	NA	NA	NA	NA	NA	NA	NA	NA	NA	NA	NA	NA	NA	NA	NA	NA	NA	0.00814406	NA	NA	NA	NA	NA	NA
Rat2_bin.63	0.00160264	0.00203381	0.00400016	0.00506239	0.00217049	0.00193720	0.00201993	0.00152357	0.00457649	0.00175142	NA	0.00622024	0.00501745	NA	NA	0.00237907	NA	NA	NA	NA	NA	NA	NA	0.00243455	NA	NA	0.00385863	NA	NA	NA	NA	NA	NA	NA	NA	NA	NA	NA	NA	0.00383396	NA	NA	NA	NA	NA	0.00480044	NA	0.00436632	0.00494100	NA	0.00236249	NA	NA
Rat2_bin.64	0.00204988	0.00352803	NA	NA	NA	NA	NA	NA	NA	NA	NA	NA	NA	0.00613599	NA	0.00664436	NA	NA	0.00431946	NA	0.00212328	0.00181989	NA	NA	NA	0.00128561	NA	NA	NA	NA	NA	NA	NA	NA	NA	NA	NA	NA	NA	NA	NA	NA	NA	NA	NA	NA	NA	NA	NA	NA	NA	NA	NA
Rat2_bin.67	0.00136633	0.00187995	NA	NA	NA	NA	0.00148980	0.00157723	NA	NA	NA	NA	NA	0.00258212	NA	0.00271976	NA	NA	NA	NA	NA	NA	NA	NA	NA	NA	NA	NA	NA	NA	NA	NA	NA	NA	NA	NA	NA	NA	0.00079000	NA	NA	NA	NA	NA	NA	NA	NA	NA	NA	NA	NA	NA	NA
Rat2_bin.69	0.00052732	0.00053013	NA	0.00041214	NA	NA	NA	0.00127131	0.00123892	NA	NA	NA	0.00047232	NA	NA	NA	NA	NA	0.00220214	NA	NA	NA	NA	NA	NA	NA	NA	NA	NA	NA	NA	NA	NA	NA	NA	NA	NA	NA	NA	NA	NA	NA	NA	NA	NA	NA	NA	NA	NA	NA	NA	NA	NA
Rat2_bin.7	0.00114733	NA	NA	NA	NA	NA	0.00719292	NA	NA	0.00529500	NA	0.00582921	NA	NA	NA	NA	NA	NA	NA	NA	NA	NA	NA	NA	NA	NA	NA	NA	NA	NA	NA	NA	NA	NA	NA	NA	NA	NA	NA	NA	NA	NA	NA	0.01552408	NA	NA	NA	NA	NA	NA	NA	NA	NA
Rat2_bin.71	0.00047620	0.00135751	NA	NA	NA	NA	0.00180998	NA	NA	0.00254603	NA	NA	NA	0.00172344	NA	NA	NA	NA	0.00179051	NA	NA	0.00329149	0.00361803	NA	NA	NA	NA	NA	NA	NA	NA	NA	NA	NA	NA	NA	NA	NA	NA	NA	NA	NA	NA	NA	NA	NA	NA	NA	NA	NA	NA	NA	NA
Rat2_bin.74	0.00138357	NA	NA	NA	NA	0.00126293	0.00077700	0.00107344	NA	0.00166780	NA	NA	NA	0.00128645	NA	0.00150153	NA	NA	0.00177191	NA	0.00136824	0.00139168	0.00171456	NA	0.00081176	0.00123725	0.00074954	NA	NA	NA	NA	NA	NA	NA	NA	NA	NA	NA	NA	0.00115601	NA	NA	NA	NA	NA	NA	NA	NA	NA	NA	NA	NA	NA
Rat2_bin.77	0.00300150	0.01077007	NA	NA	0.00350934	0.00798590	0.00446170	0.00859826	NA	0.00731184	0.00911361	NA	NA	0.00601607	NA	0.00753369	NA	NA	0.01088998	NA	0.00742893	0.00951673	0.00565870	0.01026389	0.00591881	NA	0.00647851	0.01777014	NA	NA	NA	NA	NA	NA	NA	NA	NA	NA	NA	0.00189783	NA	NA	NA	NA	NA	NA	0.00392570	NA	NA	NA	NA	NA	NA
Rat2_bin.79	0.00137275	0.00091191	NA	NA	NA	NA	NA	0.00347443	NA	NA	NA	NA	NA	0.00088345	NA	0.00078846	NA	NA	0.00422163	NA	0.00086177	0.00116182	0.00167282	NA	0.00048897	NA	NA	NA	NA	NA	NA	NA	NA	NA	NA	NA	NA	NA	NA	NA	NA	NA	NA	0.00248427	NA	NA	NA	NA	NA	NA	NA	NA	NA
Rat2_bin.8	0.00080540	0.00172301	NA	NA	NA	0.00117013	0.00178650	0.00163397	NA	0.00191682	NA	NA	NA	0.00270214	NA	NA	NA	NA	0.00191007	NA	NA	0.00235933	0.00111141	NA	NA	NA	NA	NA	NA	NA	NA	NA	NA	NA	NA	NA	NA	NA	NA	NA	NA	NA	NA	NA	NA	NA	NA	NA	NA	NA	NA	NA	NA
Rat2_bin.81	0.00215439	0.00198137	NA	NA	NA	0.00280551	0.00208980	0.00228347	NA	0.00155595	NA	NA	NA	NA	NA	0.00235484	NA	NA	0.00213677	NA	NA	0.00190627	0.00095448	NA	NA	NA	NA	NA	NA	NA	NA	NA	NA	NA	NA	NA	NA	NA	NA	NA	NA	NA	NA	NA	NA	NA	NA	NA	NA	NA	NA	NA	NA
Rat2_bin.9	0.00414832	0.00368919	NA	NA	NA	0.00615880	0.00112895	0.00326036	NA	0.00398685	NA	NA	NA	0.00658867	NA	0.00624956	NA	NA	NA	NA	NA	NA	0.00504728	NA	NA	NA	NA	NA	NA	NA	NA	NA	NA	NA	NA	NA	NA	NA	NA	NA	NA	NA	NA	NA	NA	NA	NA	NA	NA	NA	NA	NA	NA
Rat32_bin.12	NA	0.00205987	NA	NA	NA	0.00071679	NA	NA	NA	0.00252923	NA	NA	NA	NA	NA	0.00117330	NA	NA	NA	NA	NA	NA	NA	0.00178508	NA	0.00057759	NA	NA	NA	NA	NA	NA	NA	NA	NA	NA	NA	NA	NA	NA	NA	NA	NA	NA	NA	NA	NA	NA	NA	NA	NA	NA	NA
Rat32_bin.2	0.00298371	0.00163711	NA	NA	NA	0.00402123	0.00214628	NA	NA	0.00214835	NA	NA	NA	0.00186245	NA	0.00181816	NA	NA	0.00258127	NA	NA	0.00135276	0.00100521	NA	0.00068524	NA	NA	NA	NA	NA	NA	NA	NA	NA	NA	NA	NA	NA	NA	NA	NA	NA	NA	0.00121943	NA	NA	NA	NA	NA	NA	NA	NA	NA
Rat32_bin.20	0.00183348	0.00232755	NA	NA	NA	0.00135298	0.00107065	0.00244300	NA	NA	NA	NA	NA	0.00224448	NA	0.00218203	NA	NA	NA	NA	NA	NA	0.00125351	NA	0.00058591	0.00055746	0.00099333	NA	NA	NA	NA	NA	NA	NA	NA	NA	NA	NA	NA	NA	NA	NA	NA	NA	NA	NA	NA	NA	NA	NA	NA	NA	NA
Rat32_bin.21	0.00061341	NA	NA	NA	0.00047288	0.00058235	0.00067790	0.00122544	NA	0.00086398	NA	NA	NA	0.00184940	NA	0.00108187	NA	NA	NA	NA	NA	NA	NA	NA	NA	NA	NA	NA	NA	NA	NA	NA	NA	NA	NA	NA	NA	NA	NA	NA	NA	NA	NA	NA	NA	NA	NA	NA	NA	NA	NA	NA	NA
Rat32_bin.23	0.00597317	0.00135171	NA	NA	NA	0.00430370	0.00126043	0.00376305	NA	NA	NA	NA	0.00435243	NA	NA	0.00365534	NA	NA	NA	NA	0.01025394	0.00704045	0.00573867	0.01135451	NA	0.00696722	0.00514812	NA	NA	NA	NA	NA	NA	NA	NA	NA	NA	NA	NA	NA	NA	NA	NA	NA	NA	NA	NA	NA	NA	NA	NA	NA	NA
Rat32_bin.27	NA	0.00311606	0.00247552	0.00139276	NA	0.00173419	0.00056823	0.00103047	0.00155111	0.00266825	0.00127639	0.00178879	0.00153019	0.00185237	NA	0.00150826	NA	NA	NA	0.00044573	NA	NA	0.00060802	NA	NA	NA	0.00372419	NA	NA	NA	NA	NA	NA	NA	NA	NA	NA	NA	0.00129314	0.00145045	NA	NA	NA	NA	NA	0.00215688	0.00048999	0.00253502	0.00385751	NA	0.00074330	NA	0.00175581
Rat32_bin.28	0.00440337	0.00136408	NA	NA	NA	0.00619779	0.00736314	NA	NA	0.00461493	NA	NA	NA	0.00128799	NA	0.00159747	NA	NA	0.00161720	NA	NA	0.00664070	0.00801553	NA	NA	NA	NA	NA	NA	NA	NA	NA	NA	NA	NA	NA	NA	NA	NA	NA	NA	NA	NA	NA	NA	NA	NA	NA	NA	NA	NA	NA	NA
Rat32_bin.29	NA	NA	NA	NA	NA	NA	NA	NA	NA	NA	NA	NA	NA	0.00068472	NA	0.00080856	NA	NA	NA	NA	NA	NA	NA	NA	NA	NA	NA	NA	NA	NA	NA	NA	NA	NA	NA	NA	NA	NA	NA	NA	NA	NA	NA	NA	NA	NA	NA	NA	NA	NA	NA	NA	NA
Rat32_bin.31	0.00064940	NA	NA	NA	NA	0.00073938	NA	NA	NA	NA	NA	NA	NA	0.00349715	NA	0.00139609	NA	NA	NA	NA	NA	NA	NA	NA	NA	NA	NA	NA	NA	NA	NA	NA	NA	NA	NA	NA	NA	NA	NA	NA	NA	NA	NA	NA	NA	NA	NA	NA	NA	NA	NA	NA	NA
Rat32_bin.32	0.00486749	0.00346307	NA	NA	0.00373341	0.00490453	0.00372543	0.00241274	NA	0.00401672	NA	NA	NA	0.00426215	NA	0.00381507	NA	NA	0.00313929	NA	0.00420210	0.00227621	0.00400325	NA	0.00323190	0.00413828	0.00635659	NA	NA	NA	NA	NA	NA	NA	NA	NA	NA	NA	0.00233841	0.00357021	NA	NA	NA	NA	NA	NA	0.00343237	NA	NA	NA	NA	NA	NA
Rat32_bin.33	NA	0.00081734	NA	NA	NA	NA	NA	0.00065344	NA	NA	NA	NA	NA	NA	NA	0.00079837	NA	NA	0.00143434	NA	0.00124238	NA	NA	NA	NA	NA	NA	NA	NA	NA	NA	NA	NA	NA	NA	NA	NA	NA	NA	NA	NA	NA	NA	NA	NA	NA	NA	NA	NA	NA	NA	NA	NA
Rat32_bin.38	NA	NA	NA	NA	NA	0.00669206	NA	NA	NA	NA	NA	NA	0.00206081	NA	NA	0.01119203	NA	NA	NA	NA	NA	NA	NA	NA	NA	NA	NA	NA	NA	NA	NA	NA	NA	NA	NA	NA	NA	NA	NA	NA	NA	NA	NA	NA	NA	NA	NA	NA	NA	NA	NA	NA	NA
Rat32_bin.39	NA	NA	NA	NA	NA	0.00678127	NA	NA	NA	0.00132547	NA	0.00809266	0.00302054	NA	NA	0.00912470	NA	NA	NA	NA	NA	NA	NA	NA	NA	NA	NA	NA	NA	NA	NA	NA	NA	NA	NA	NA	NA	NA	NA	NA	NA	NA	NA	NA	NA	NA	NA	NA	NA	NA	NA	NA	NA
Rat32_bin.40	0.00116859	NA	NA	NA	NA	NA	NA	0.00117284	NA	NA	NA	NA	NA	0.00070280	NA	0.00228492	NA	NA	NA	NA	NA	NA	NA	NA	0.00646899	NA	NA	NA	NA	NA	NA	NA	NA	NA	NA	NA	NA	NA	0.01254149	0.00479034	0.00715331	NA	NA	NA	NA	NA	NA	NA	NA	NA	NA	NA	NA
Rat32_bin.41	NA	0.00086370	NA	NA	0.00079367	0.00074813	NA	NA	NA	NA	NA	NA	NA	NA	NA	0.00124167	NA	NA	NA	NA	NA	0.00294248	0.00102483	NA	0.00052841	NA	NA	NA	NA	NA	NA	NA	NA	NA	NA	NA	NA	NA	NA	NA	NA	NA	NA	NA	NA	NA	NA	NA	NA	NA	NA	NA	NA
Rat32_bin.44	NA	0.00066784	NA	NA	NA	0.00049286	NA	0.00056222	NA	NA	NA	NA	NA	0.00056766	NA	0.00069026	NA	NA	0.00047848	NA	NA	0.00059202	0.00064469	NA	NA	NA	NA	NA	NA	NA	NA	NA	NA	NA	NA	NA	NA	NA	NA	NA	NA	NA	NA	NA	NA	NA	NA	NA	NA	NA	NA	NA	NA
Rat32_bin.45	0.00127652	0.00156577	NA	NA	NA	0.00091405	0.00120265	0.00152099	NA	0.00132862	NA	NA	NA	0.00161855	NA	0.00125874	NA	NA	0.00165473	NA	NA	0.00232267	0.00103091	NA	NA	NA	NA	NA	NA	NA	NA	NA	NA	NA	NA	NA	NA	NA	NA	NA	NA	NA	NA	NA	NA	NA	NA	NA	NA	NA	NA	NA	NA
Rat32_bin.46	NA	NA	NA	NA	NA	NA	NA	NA	NA	NA	NA	NA	NA	0.00026578	NA	0.00046326	NA	NA	NA	NA	NA	NA	NA	NA	NA	NA	NA	NA	NA	NA	NA	NA	NA	NA	NA	NA	NA	NA	NA	NA	NA	NA	NA	NA	NA	NA	NA	NA	NA	NA	NA	NA	NA
Rat32_bin.47	0.00508684	0.00392777	NA	NA	NA	0.00614723	0.00103130	0.00302380	NA	0.00343842	NA	NA	NA	0.00653275	NA	0.00525219	NA	NA	NA	NA	NA	NA	0.00491798	NA	NA	NA	NA	NA	NA	NA	NA	NA	NA	NA	NA	NA	NA	NA	NA	NA	NA	NA	NA	NA	NA	NA	NA	NA	NA	NA	NA	NA	NA
Rat32_bin.5	NA	0.00168301	NA	0.00220077	NA	NA	0.00136762	0.00390404	NA	NA	0.00270616	NA	0.00231347	0.00056297	NA	0.00079106	NA	NA	0.00370334	NA	0.00245661	NA	NA	0.00278124	NA	0.00229627	0.00104056	NA	NA	NA	NA	NA	NA	NA	NA	NA	NA	NA	NA	0.00124827	NA	NA	NA	NA	NA	NA	NA	NA	NA	NA	NA	NA	NA
Rat32_bin.52	0.00174855	0.00090968	NA	NA	NA	NA	NA	0.00372534	NA	NA	NA	NA	NA	0.00129823	NA	0.00082184	NA	NA	0.00447079	NA	0.00088188	0.00132822	0.00163425	0.00170830	0.00053699	NA	NA	NA	NA	NA	NA	NA	NA	NA	NA	NA	NA	NA	NA	NA	NA	NA	NA	0.00238401	NA	NA	NA	NA	NA	NA	NA	NA	NA
Rat32_bin.54	NA	0.00102087	NA	NA	NA	NA	NA	NA	NA	NA	NA	NA	NA	0.00069827	NA	0.00160305	NA	NA	0.00058632	NA	NA	NA	NA	NA	NA	NA	NA	NA	NA	NA	NA	NA	NA	NA	NA	NA	NA	NA	NA	NA	NA	NA	NA	NA	NA	NA	NA	NA	NA	NA	NA	NA	NA
Rat32_bin.58	NA	0.00079446	0.00242849	0.00303435	NA	0.00287758	0.00115402	0.00214708	0.00237018	0.00259121	NA	0.00367535	0.00268400	0.00210869	NA	0.00184588	NA	NA	0.00073636	NA	NA	NA	0.00121948	NA	NA	NA	0.00155068	NA	NA	0.00167495	NA	NA	NA	NA	NA	NA	NA	NA	NA	0.00384930	NA	NA	NA	NA	NA	0.00329008	0.00112871	0.00300197	0.00327996	NA	0.00158879	0.00337047	NA
Rat32_bin.6	NA	0.00207362	NA	NA	NA	NA	NA	0.00260669	NA	NA	NA	NA	NA	0.00063322	NA	0.00235484	NA	NA	NA	NA	NA	0.00141574	NA	0.00096333	NA	NA	NA	NA	NA	NA	NA	NA	NA	NA	NA	NA	NA	NA	NA	NA	NA	NA	NA	0.00161314	NA	NA	NA	NA	NA	NA	NA	NA	NA
Rat32_bin.60	NA	0.00090321	NA	NA	NA	0.00089957	NA	0.00061123	NA	NA	NA	NA	NA	NA	NA	0.00148901	NA	NA	NA	NA	NA	NA	NA	NA	NA	NA	NA	NA	NA	NA	NA	NA	NA	NA	NA	NA	NA	NA	NA	0.00055528	NA	NA	NA	NA	NA	NA	NA	NA	NA	NA	NA	NA	NA
Rat32_bin.62	0.00179842	0.00208215	NA	NA	NA	0.00213620	0.00153553	0.00208973	NA	0.00191692	NA	NA	NA	0.00232691	NA	0.00209649	NA	NA	0.00215728	NA	0.00197289	0.00231721	0.00194055	0.00236542	0.00059657	0.00100018	0.00062309	NA	NA	NA	NA	NA	NA	NA	NA	NA	NA	NA	NA	NA	NA	NA	NA	NA	NA	NA	NA	NA	NA	NA	NA	NA	NA
Rat32_bin.63	NA	0.00054746	NA	NA	NA	NA	NA	NA	NA	NA	NA	NA	NA	0.00225787	NA	0.00249558	NA	NA	NA	0.00583119	NA	0.00122264	NA	NA	0.00048325	0.00148338	NA	NA	NA	NA	NA	NA	NA	NA	NA	NA	NA	NA	NA	NA	NA	NA	NA	NA	NA	NA	NA	NA	NA	NA	NA	NA	0.00108547
Rat32_bin.65	NA	NA	NA	NA	NA	0.00194685	NA	NA	NA	0.00093150	NA	NA	NA	NA	NA	0.00139917	NA	NA	NA	NA	NA	NA	NA	NA	0.00211330	0.00097206	NA	NA	NA	NA	NA	NA	NA	NA	NA	NA	NA	NA	NA	NA	NA	NA	NA	NA	NA	NA	NA	NA	NA	0.00207616	NA	NA	NA
Rat32_bin.66	0.00319885	0.00219406	NA	NA	0.00253267	0.00274394	0.00358849	0.00369220	NA	0.00339178	NA	NA	NA	0.00535375	NA	0.00468720	NA	NA	0.00268012	NA	0.00189192	0.00275752	0.00251135	0.00142981	0.00058577	NA	NA	NA	NA	NA	NA	NA	NA	NA	NA	NA	NA	NA	NA	NA	NA	NA	NA	NA	NA	NA	NA	NA	NA	NA	NA	NA	NA
Rat32_bin.67	0.00442770	0.00288893	NA	NA	NA	NA	0.00167978	0.00494442	NA	NA	NA	NA	NA	0.00922480	NA	0.00930986	NA	NA	NA	NA	0.00317923	NA	NA	NA	NA	NA	NA	NA	NA	NA	NA	NA	NA	NA	NA	NA	NA	NA	NA	NA	NA	NA	NA	NA	NA	NA	NA	NA	NA	NA	NA	NA	NA
Rat32_bin.7	0.00140027	0.00100470	NA	NA	NA	NA	NA	0.00068859	NA	NA	NA	NA	NA	0.00114421	NA	0.00193686	NA	NA	0.00228268	NA	NA	0.00188179	NA	NA	NA	NA	NA	NA	NA	NA	NA	NA	NA	NA	NA	NA	NA	NA	NA	NA	NA	NA	NA	NA	NA	NA	NA	NA	NA	NA	NA	NA	NA
Rat32_bin.70	NA	NA	NA	NA	NA	NA	NA	NA	NA	NA	NA	NA	NA	NA	NA	0.01318816	0.01322147	NA	NA	NA	NA	NA	NA	NA	NA	NA	NA	NA	NA	NA	NA	NA	NA	NA	NA	NA	NA	NA	NA	NA	NA	NA	NA	NA	NA	NA	NA	NA	NA	NA	NA	NA	NA
Rat32_bin.72	NA	NA	NA	NA	NA	0.00342503	NA	NA	NA	NA	NA	0.00549400	0.00070786	NA	NA	0.00270506	NA	NA	NA	NA	NA	0.00373814	0.00457304	NA	0.00817229	0.00258589	NA	NA	NA	NA	NA	NA	NA	NA	NA	NA	NA	NA	NA	0.00145115	0.00093146	0.00717504	NA	0.00361899	NA	NA	NA	NA	NA	0.01123904	NA	NA	NA
Rat32_bin.73	0.00145768	0.00259804	NA	NA	NA	NA	NA	NA	NA	NA	NA	NA	NA	0.00207991	NA	0.00144290	NA	NA	0.00290698	NA	0.00321045	0.00259596	0.00263944	0.00313976	NA	0.00311059	0.00090702	NA	NA	NA	NA	NA	NA	NA	NA	NA	NA	NA	NA	NA	NA	NA	NA	NA	NA	NA	NA	NA	NA	NA	NA	NA	NA
Rat32_bin.76	NA	0.00124819	NA	NA	NA	NA	0.00147626	0.00696471	NA	0.00205442	NA	NA	NA	NA	NA	0.00108638	NA	NA	NA	NA	NA	NA	NA	NA	NA	NA	NA	NA	NA	NA	NA	NA	NA	NA	NA	NA	NA	NA	NA	NA	NA	NA	NA	NA	NA	NA	NA	NA	NA	NA	NA	NA	NA
Rat32_bin.79	NA	NA	NA	NA	NA	NA	NA	NA	NA	NA	NA	NA	NA	NA	NA	0.00202948	NA	NA	NA	NA	NA	0.00165926	NA	NA	NA	NA	NA	NA	NA	NA	NA	NA	NA	NA	NA	NA	NA	NA	NA	NA	NA	NA	NA	NA	NA	NA	NA	NA	NA	NA	NA	NA	NA
Rat32_bin.8	NA	NA	NA	NA	NA	0.00888252	NA	NA	NA	0.00118337	NA	0.01018437	NA	NA	NA	0.01166390	NA	NA	NA	NA	NA	NA	NA	NA	NA	NA	NA	NA	NA	NA	NA	NA	NA	NA	NA	NA	NA	NA	NA	NA	NA	NA	NA	NA	NA	NA	NA	NA	NA	NA	NA	NA	NA
Rat32_bin.80	NA	NA	NA	NA	NA	NA	NA	NA	NA	0.00346197	NA	NA	NA	0.01322112	NA	0.00892383	NA	NA	0.00770952	NA	NA	NA	0.00499612	NA	0.00077162	0.00049298	NA	NA	NA	NA	NA	NA	NA	NA	NA	NA	NA	NA	NA	NA	NA	NA	NA	NA	NA	NA	NA	NA	NA	NA	NA	NA	NA
Rat32_bin.85	0.00805324	0.00653394	NA	NA	NA	0.00242046	NA	0.00760756	NA	0.00258892	NA	NA	NA	0.00325521	NA	0.00220101	NA	NA	0.00641007	NA	0.01139191	NA	0.01159665	NA	0.00526961	0.00258838	NA	NA	NA	NA	NA	NA	NA	NA	NA	NA	NA	NA	NA	NA	NA	NA	NA	NA	NA	NA	NA	NA	NA	NA	NA	NA	NA
Rat32_bin.86	NA	0.00083536	NA	NA	NA	NA	NA	NA	NA	NA	NA	0.00238640	NA	NA	NA	0.00133778	NA	NA	NA	NA	NA	NA	NA	NA	NA	NA	NA	NA	NA	NA	NA	NA	NA	NA	NA	NA	NA	NA	NA	NA	NA	NA	NA	NA	NA	NA	NA	NA	NA	NA	NA	NA	NA
Rat32_bin.87	NA	0.00094363	NA	NA	NA	NA	0.00198355	0.00096099	0.00097679	NA	NA	0.00081855	NA	0.00095803	NA	0.00186006	NA	NA	NA	NA	NA	NA	NA	NA	NA	0.00209498	NA	NA	NA	NA	NA	NA	NA	NA	NA	NA	NA	NA	NA	NA	NA	NA	NA	NA	NA	NA	NA	NA	NA	NA	NA	NA	NA
Rat34_bin.10	0.00046999	NA	NA	NA	NA	NA	NA	NA	0.00168191	NA	NA	NA	0.00048562	NA	NA	NA	0.00079717	NA	NA	NA	NA	NA	NA	NA	NA	NA	NA	0.00049834	NA	NA	0.00313095	NA	NA	NA	NA	0.00038937	NA	NA	NA	NA	NA	NA	NA	NA	NA	NA	NA	NA	0.00125244	0.00140884	NA	0.00185648	NA
Rat34_bin.11	NA	NA	NA	NA	NA	NA	NA	NA	NA	NA	NA	NA	NA	NA	NA	NA	0.00148241	NA	NA	NA	NA	NA	NA	NA	NA	NA	NA	NA	NA	NA	NA	NA	NA	NA	NA	NA	NA	NA	0.00140582	0.00307344	NA	NA	NA	NA	NA	0.00237106	NA	NA	NA	NA	NA	NA	NA
Rat34_bin.12	NA	NA	0.01037683	0.00549758	NA	NA	NA	NA	0.00928323	NA	0.01253870	0.01176826	0.01292405	NA	NA	NA	0.00240914	NA	NA	0.01127610	NA	NA	NA	NA	NA	NA	NA	0.00531730	NA	NA	0.00737342	NA	NA	NA	0.00786160	NA	NA	NA	NA	NA	NA	NA	NA	NA	NA	NA	NA	NA	NA	NA	NA	NA	NA
Rat34_bin.15	NA	NA	NA	NA	NA	NA	NA	NA	NA	NA	NA	NA	NA	NA	NA	NA	0.00215188	NA	NA	NA	NA	NA	NA	NA	NA	NA	NA	NA	NA	NA	NA	NA	NA	NA	NA	NA	NA	NA	NA	NA	NA	NA	NA	NA	NA	NA	NA	NA	NA	NA	NA	NA	NA
Rat34_bin.16	NA	NA	NA	NA	0.00488285	0.00293155	NA	NA	NA	NA	NA	NA	0.01038440	NA	NA	NA	0.00549276	0.00468971	NA	0.00625848	NA	NA	NA	NA	NA	NA	NA	NA	0.00591272	NA	NA	NA	NA	0.00542184	NA	NA	NA	NA	0.00704709	0.00437587	NA	NA	NA	NA	NA	NA	NA	NA	NA	NA	NA	NA	NA
Rat34_bin.17	NA	NA	0.00295404	0.00263345	NA	NA	NA	NA	0.00842661	NA	0.00065323	0.00244502	0.00357199	NA	0.00062632	NA	0.00106213	NA	NA	0.00143028	NA	NA	NA	NA	NA	NA	NA	NA	0.00122809	NA	NA	NA	0.00138618	NA	NA	NA	NA	NA	NA	NA	NA	NA	0.00057806	NA	NA	NA	0.00254008	0.00538498	0.00489970	NA	NA	NA	NA
Rat34_bin.19	NA	NA	NA	NA	NA	NA	NA	NA	0.00133609	NA	NA	NA	0.00052666	NA	NA	NA	0.00068868	NA	NA	NA	NA	NA	NA	NA	NA	0.00226712	NA	NA	NA	NA	NA	NA	NA	NA	NA	NA	NA	NA	NA	NA	NA	NA	NA	NA	NA	NA	NA	0.00109130	NA	NA	0.00110923	NA	NA
Rat34_bin.21	NA	NA	NA	NA	NA	NA	NA	NA	NA	NA	NA	NA	NA	NA	0.00190745	NA	0.00073617	0.00141170	NA	NA	NA	NA	NA	NA	NA	NA	NA	0.01052459	0.00112779	NA	NA	NA	NA	NA	NA	0.00204747	0.00265561	NA	NA	NA	NA	NA	NA	NA	NA	NA	NA	NA	NA	NA	NA	NA	NA
Rat34_bin.23	NA	NA	NA	NA	NA	NA	NA	NA	NA	NA	NA	NA	NA	NA	NA	NA	0.00081249	NA	NA	NA	NA	NA	NA	NA	NA	NA	NA	NA	NA	NA	NA	NA	NA	NA	NA	NA	NA	NA	NA	NA	NA	NA	NA	NA	NA	NA	NA	NA	NA	NA	NA	NA	NA
Rat34_bin.24	NA	NA	NA	NA	NA	NA	NA	NA	NA	NA	NA	NA	NA	NA	NA	NA	0.00391777	NA	NA	NA	NA	NA	NA	NA	NA	NA	NA	NA	NA	NA	NA	NA	NA	NA	NA	NA	NA	NA	NA	NA	NA	NA	NA	NA	NA	NA	NA	NA	NA	NA	NA	NA	NA
Rat34_bin.25	NA	NA	0.00143689	NA	NA	NA	NA	NA	NA	NA	NA	0.00526965	NA	NA	NA	NA	0.00076775	0.00221512	NA	NA	NA	NA	NA	NA	NA	NA	NA	NA	NA	NA	NA	NA	NA	NA	NA	NA	NA	NA	NA	NA	NA	NA	NA	NA	NA	NA	0.00948594	NA	NA	NA	NA	NA	NA
Rat34_bin.26	NA	NA	0.00674194	NA	NA	NA	NA	NA	NA	NA	0.00699302	0.00662634	0.00671512	NA	NA	NA	0.00459831	NA	NA	NA	NA	NA	NA	0.00341385	NA	NA	NA	NA	NA	NA	NA	NA	NA	NA	NA	NA	NA	NA	NA	NA	NA	NA	NA	NA	NA	NA	NA	NA	NA	NA	NA	NA	NA
Rat34_bin.27	NA	NA	NA	NA	NA	0.01322136	NA	NA	NA	0.01212174	NA	0.00573230	0.00925580	0.01234324	NA	NA	0.00564758	NA	NA	NA	NA	NA	0.00968337	NA	NA	NA	NA	NA	NA	NA	NA	NA	NA	NA	NA	NA	NA	NA	0.01052689	NA	0.00475858	NA	NA	0.01512079	NA	NA	NA	NA	NA	0.00803430	NA	NA	NA
Rat34_bin.3	NA	NA	0.00660775	0.00793969	0.00089473	NA	NA	NA	0.00815253	NA	0.00436455	0.00255283	0.00374518	NA	NA	NA	0.00665793	0.00135336	NA	NA	NA	NA	NA	NA	NA	NA	NA	NA	NA	NA	NA	NA	NA	NA	NA	0.00111550	NA	NA	NA	NA	NA	NA	NA	NA	NA	NA	NA	NA	NA	NA	NA	NA	NA
Rat34_bin.32	NA	NA	0.00154771	0.00066069	NA	NA	NA	NA	0.00120448	NA	NA	NA	NA	NA	NA	NA	0.00092084	0.00059269	NA	0.00325569	NA	NA	NA	NA	NA	NA	NA	NA	NA	NA	NA	NA	NA	NA	NA	NA	NA	NA	NA	NA	NA	NA	NA	NA	NA	NA	0.00220375	NA	NA	NA	NA	NA	NA
Rat34_bin.33	NA	NA	NA	NA	0.00253003	NA	NA	NA	NA	NA	NA	NA	NA	NA	NA	NA	0.00068801	NA	NA	NA	0.00163885	NA	NA	NA	NA	NA	NA	NA	NA	NA	NA	NA	NA	NA	NA	NA	NA	NA	NA	NA	NA	NA	NA	NA	NA	NA	NA	NA	NA	NA	NA	NA	NA
Rat34_bin.35	NA	NA	NA	NA	NA	NA	NA	NA	NA	NA	NA	NA	NA	NA	NA	NA	0.00042066	NA	NA	NA	NA	NA	NA	NA	NA	NA	NA	NA	NA	NA	NA	NA	NA	0.00072003	NA	NA	0.00042909	NA	NA	NA	NA	NA	NA	NA	NA	NA	NA	NA	NA	NA	NA	NA	NA
Rat34_bin.36	NA	NA	NA	0.00400848	NA	NA	NA	NA	NA	NA	NA	NA	NA	NA	0.00134960	NA	0.00064517	0.00093963	NA	NA	NA	NA	NA	NA	NA	NA	NA	0.00328504	0.00380043	NA	NA	0.00224071	NA	0.00318596	NA	NA	NA	NA	NA	NA	NA	NA	NA	NA	NA	NA	0.00157868	NA	NA	NA	NA	NA	0.00109780
Rat34_bin.37	NA	NA	NA	NA	NA	NA	NA	NA	NA	NA	NA	NA	NA	NA	NA	NA	0.00120791	NA	NA	NA	NA	NA	NA	NA	NA	NA	NA	NA	NA	NA	NA	NA	NA	NA	NA	NA	NA	NA	NA	NA	NA	NA	NA	NA	NA	NA	NA	NA	NA	NA	NA	NA	NA
Rat34_bin.38	NA	0.00268121	0.00071456	0.00167521	0.00062501	0.00699933	NA	NA	NA	NA	NA	0.00058144	0.00254396	NA	NA	NA	0.00071203	NA	NA	0.00066891	NA	NA	NA	0.00095281	NA	NA	0.00246985	0.00089592	0.00108230	0.00126148	NA	0.00078572	NA	NA	NA	NA	NA	NA	NA	0.00149622	0.00647177	0.00100123	NA	NA	NA	NA	NA	NA	NA	0.00302573	NA	NA	0.00066611
Rat34_bin.39	NA	NA	NA	NA	NA	NA	NA	NA	NA	NA	0.00693585	NA	NA	NA	NA	NA	0.00148811	NA	NA	NA	NA	NA	NA	NA	NA	NA	NA	NA	NA	NA	NA	NA	NA	NA	NA	NA	NA	NA	NA	NA	0.00190415	NA	NA	NA	NA	NA	NA	NA	NA	NA	NA	NA	NA
Rat34_bin.4	NA	NA	0.02432808	0.01442164	NA	NA	NA	NA	NA	NA	0.02360352	0.01847124	NA	0.01445312	0.00413950	NA	0.00086009	0.00267492	NA	0.01789294	NA	NA	NA	NA	NA	NA	NA	0.00576538	0.01475497	0.01505007	NA	0.00400248	NA	0.01034886	NA	NA	NA	NA	NA	NA	NA	NA	NA	NA	NA	NA	0.00534773	NA	NA	NA	NA	NA	0.00237348
Rat34_bin.40	NA	NA	NA	NA	NA	NA	NA	NA	NA	NA	NA	NA	NA	NA	0.00135946	NA	0.00140557	NA	NA	NA	NA	NA	NA	NA	NA	NA	NA	NA	NA	NA	NA	NA	NA	NA	NA	NA	NA	NA	NA	NA	NA	NA	NA	NA	NA	NA	NA	NA	NA	NA	NA	NA	NA
Rat34_bin.41	NA	NA	NA	NA	NA	0.00819889	NA	NA	NA	NA	NA	NA	NA	NA	NA	0.01443271	0.01105891	NA	NA	NA	NA	NA	NA	NA	NA	NA	NA	NA	NA	NA	NA	NA	NA	NA	NA	NA	NA	NA	NA	NA	NA	NA	NA	NA	NA	NA	NA	NA	NA	NA	NA	NA	NA
Rat34_bin.48	NA	NA	NA	NA	NA	NA	NA	NA	0.00690908	NA	NA	NA	0.00819629	NA	0.00464464	NA	0.00051768	NA	NA	NA	NA	NA	NA	NA	NA	NA	NA	NA	NA	NA	NA	NA	0.00249916	0.00155069	NA	NA	NA	NA	NA	NA	NA	NA	0.00118376	NA	NA	NA	NA	NA	0.00181676	0.00191674	NA	NA	NA
Rat34_bin.49	NA	NA	NA	NA	NA	NA	NA	NA	NA	NA	0.00312352	0.00240163	NA	NA	NA	NA	0.00062027	0.00088013	NA	0.00089251	NA	NA	NA	NA	NA	NA	NA	NA	0.00270640	NA	NA	NA	NA	NA	NA	NA	NA	NA	0.00612121	NA	NA	0.00139782	NA	NA	NA	NA	NA	NA	NA	NA	NA	NA	NA
Rat34_bin.50	NA	NA	NA	NA	NA	NA	NA	NA	NA	NA	NA	0.00430150	NA	NA	NA	NA	0.00109489	NA	NA	NA	NA	NA	NA	NA	NA	NA	NA	NA	0.00148734	NA	NA	NA	NA	NA	NA	NA	NA	NA	NA	NA	NA	NA	NA	NA	NA	NA	NA	NA	NA	NA	NA	NA	NA
Rat34_bin.51	NA	NA	NA	NA	NA	NA	NA	NA	NA	NA	NA	NA	NA	NA	NA	NA	0.00090193	NA	NA	NA	NA	NA	NA	NA	NA	NA	NA	NA	NA	NA	NA	NA	NA	NA	NA	NA	NA	NA	NA	NA	NA	NA	NA	NA	NA	NA	NA	NA	NA	NA	NA	NA	NA
Rat34_bin.52	NA	NA	NA	NA	NA	NA	NA	NA	NA	NA	NA	NA	NA	NA	0.00087707	NA	0.00085703	NA	NA	NA	NA	NA	NA	NA	NA	NA	NA	NA	0.00139553	NA	NA	NA	0.00083477	NA	NA	NA	NA	NA	0.00123912	NA	NA	NA	NA	NA	NA	NA	NA	NA	NA	NA	NA	NA	0.00054207
Rat34_bin.53	NA	NA	NA	NA	NA	NA	NA	NA	NA	NA	NA	NA	NA	NA	NA	NA	0.00116702	0.00042571	NA	NA	NA	NA	NA	NA	0.00466888	0.00430857	0.00435250	0.00145785	0.00073884	NA	0.00725304	0.00526039	NA	0.00513117	NA	NA	NA	NA	NA	NA	NA	NA	NA	NA	NA	NA	NA	NA	NA	NA	NA	NA	NA
Rat34_bin.54	NA	NA	NA	NA	NA	NA	NA	NA	NA	NA	NA	NA	NA	NA	NA	NA	0.00051872	0.00144371	NA	NA	NA	NA	NA	NA	NA	NA	NA	NA	NA	NA	NA	NA	NA	NA	NA	NA	NA	NA	NA	NA	NA	NA	NA	NA	NA	NA	NA	NA	NA	NA	NA	NA	NA
Rat34_bin.55	NA	NA	0.00331722	NA	NA	NA	NA	NA	NA	NA	NA	NA	0.00458622	NA	NA	NA	0.00103281	0.00575688	NA	NA	NA	NA	NA	NA	NA	NA	NA	NA	NA	NA	NA	NA	NA	NA	NA	NA	NA	NA	NA	NA	NA	NA	NA	NA	NA	NA	NA	NA	NA	NA	NA	NA	NA
Rat34_bin.56	NA	NA	NA	NA	NA	NA	NA	NA	NA	NA	NA	0.01215113	0.01052304	NA	0.00914998	NA	0.00193405	NA	NA	NA	NA	NA	NA	NA	NA	NA	NA	NA	NA	NA	NA	NA	NA	NA	NA	NA	NA	NA	NA	NA	NA	NA	NA	NA	NA	NA	NA	NA	NA	NA	NA	NA	NA
Rat34_bin.57	NA	NA	0.02309559	0.03128873	0.01048571	NA	NA	NA	NA	NA	0.03160002	0.02632429	0.02879904	NA	NA	NA	0.00470153	NA	NA	NA	NA	NA	NA	NA	NA	NA	NA	NA	NA	NA	NA	NA	0.02638749	0.02530108	NA	NA	NA	NA	NA	NA	0.03376927	NA	NA	NA	NA	NA	NA	NA	NA	NA	NA	NA	NA
Rat34_bin.6	NA	NA	NA	0.02092717	NA	NA	NA	NA	0.00999348	NA	0.00551682	NA	NA	NA	0.00780687	NA	0.00729755	0.01055343	NA	NA	NA	NA	NA	NA	NA	NA	NA	NA	NA	0.00564028	NA	NA	0.01120555	NA	NA	NA	NA	NA	NA	NA	NA	NA	0.00589743	NA	NA	NA	NA	NA	NA	NA	NA	NA	NA
Rat34_bin.7	NA	NA	NA	NA	NA	NA	NA	NA	NA	NA	NA	NA	NA	NA	NA	NA	0.00098450	0.00076509	NA	NA	NA	NA	NA	NA	NA	NA	NA	NA	NA	NA	NA	NA	NA	NA	NA	NA	NA	NA	NA	NA	NA	NA	NA	NA	NA	NA	NA	NA	NA	NA	NA	NA	NA
Rat34_bin.8	0.00478009	NA	0.00542610	0.00161251	0.00330183	0.00213176	0.00492422	0.00293885	0.00476589	NA	0.00197790	0.00341936	0.00068365	NA	NA	NA	0.00126563	NA	NA	NA	NA	NA	NA	NA	NA	NA	0.00200454	NA	NA	NA	NA	NA	NA	NA	NA	NA	NA	NA	0.00809722	0.00626934	NA	NA	NA	NA	NA	NA	0.00830597	NA	NA	NA	NA	NA	NA
Rat34_bin.9	NA	NA	NA	NA	NA	NA	NA	NA	NA	NA	0.01288835	NA	NA	NA	0.00266035	NA	0.00070698	NA	NA	NA	NA	NA	NA	NA	NA	NA	NA	0.00481662	0.00184259	NA	NA	NA	NA	NA	NA	NA	NA	NA	NA	NA	NA	NA	NA	NA	NA	NA	NA	NA	NA	NA	NA	NA	NA
Rat39_bin.10	NA	NA	NA	NA	NA	NA	NA	NA	NA	NA	NA	NA	NA	NA	0.00056439	NA	NA	0.00079548	NA	NA	NA	NA	NA	NA	NA	NA	NA	NA	0.00193654	NA	NA	NA	NA	NA	0.00147403	0.00151002	0.00081274	0.00109807	NA	NA	0.00151517	NA	0.00314922	NA	NA	NA	NA	NA	0.00560913	0.00132185	NA	NA	NA
Rat39_bin.13	NA	NA	NA	NA	NA	NA	NA	NA	NA	NA	NA	NA	NA	NA	NA	NA	NA	0.00044366	NA	NA	NA	NA	NA	NA	NA	NA	NA	NA	0.00054607	NA	NA	NA	0.00081088	0.00058803	NA	NA	NA	NA	NA	NA	NA	NA	NA	NA	NA	NA	NA	NA	NA	NA	NA	NA	NA
Rat39_bin.14	NA	NA	0.00774860	0.00459357	NA	NA	NA	NA	0.01320196	NA	0.01179067	0.01187009	0.01470471	NA	0.00514809	NA	0.00950534	0.00121233	NA	0.01225236	NA	NA	NA	NA	NA	NA	NA	0.01171257	NA	NA	0.00710323	NA	0.00800216	NA	0.00852076	0.00947383	NA	0.00916688	NA	NA	0.00795113	NA	NA	NA	NA	NA	NA	NA	NA	NA	NA	NA	NA
Rat39_bin.15	NA	NA	NA	NA	NA	NA	NA	NA	0.00312571	NA	NA	NA	0.00365900	NA	0.00283520	NA	NA	0.00131657	NA	0.00475031	NA	NA	NA	NA	NA	NA	NA	NA	NA	NA	NA	NA	NA	NA	NA	NA	NA	NA	NA	NA	NA	NA	NA	NA	NA	NA	NA	NA	NA	NA	NA	NA	0.00082750
Rat39_bin.16	NA	NA	NA	0.00606483	NA	NA	NA	NA	NA	NA	0.00445102	NA	NA	NA	NA	NA	0.00246258	0.00251107	NA	NA	NA	NA	NA	NA	NA	NA	NA	0.00640358	0.00142864	NA	0.00106728	NA	NA	NA	NA	NA	NA	NA	NA	NA	0.00273238	NA	NA	NA	NA	NA	NA	NA	NA	NA	NA	NA	NA
Rat39_bin.17	NA	NA	NA	NA	NA	NA	NA	NA	NA	NA	NA	NA	NA	NA	0.00240487	NA	NA	0.00077589	NA	NA	NA	NA	NA	NA	NA	NA	NA	NA	NA	NA	NA	NA	NA	NA	NA	NA	NA	NA	NA	NA	NA	NA	NA	NA	NA	NA	NA	NA	NA	NA	NA	NA	NA
Rat39_bin.18	NA	NA	NA	NA	NA	NA	NA	NA	NA	NA	NA	NA	NA	0.00427128	0.00605182	NA	NA	0.00072274	0.00115023	NA	NA	NA	NA	NA	NA	NA	NA	NA	NA	NA	NA	NA	NA	NA	0.00110428	NA	NA	NA	NA	NA	NA	NA	NA	NA	NA	NA	0.00106232	NA	NA	NA	NA	NA	NA
Rat39_bin.19	NA	NA	0.00601103	0.00787937	NA	NA	NA	NA	0.00778619	NA	0.00876246	0.01475298	NA	NA	NA	NA	0.00485116	0.00073221	NA	NA	NA	NA	NA	NA	NA	NA	NA	0.01284850	NA	NA	NA	0.00806631	NA	NA	NA	NA	NA	NA	NA	NA	0.00432248	NA	NA	NA	NA	NA	NA	NA	NA	NA	NA	NA	NA
Rat39_bin.2	NA	0.00835529	0.00203872	0.00123313	NA	NA	NA	0.01202821	0.00529556	NA	NA	0.00094250	NA	0.01444809	NA	NA	0.00102344	0.00063025	NA	0.00575889	NA	NA	NA	NA	NA	NA	NA	0.00177445	NA	NA	0.00284703	0.00297103	NA	0.00432317	NA	NA	NA	NA	0.00619133	NA	NA	NA	NA	NA	NA	NA	NA	NA	NA	NA	NA	NA	NA
Rat39_bin.20	NA	NA	NA	NA	NA	NA	NA	NA	0.00098355	NA	0.00045045	NA	0.00049771	NA	0.00046435	NA	0.00087893	0.00045330	NA	NA	NA	NA	NA	NA	NA	NA	NA	NA	NA	NA	NA	NA	NA	NA	NA	NA	NA	NA	0.00060626	NA	NA	NA	0.00143034	NA	NA	NA	NA	0.00392573	NA	0.00107361	NA	NA	NA
Rat39_bin.21	NA	NA	NA	NA	NA	NA	NA	NA	NA	NA	NA	NA	NA	NA	0.00088809	NA	0.00076823	0.00068822	NA	NA	NA	NA	NA	NA	NA	NA	NA	NA	NA	NA	NA	NA	NA	NA	NA	NA	NA	NA	NA	NA	NA	NA	NA	NA	NA	NA	NA	NA	NA	NA	NA	NA	NA
Rat39_bin.22	NA	NA	NA	NA	NA	NA	NA	NA	NA	NA	NA	NA	NA	NA	NA	NA	NA	0.00083157	NA	NA	NA	NA	NA	NA	NA	NA	NA	NA	NA	NA	NA	NA	NA	NA	NA	NA	NA	NA	NA	NA	NA	NA	NA	NA	NA	NA	0.00881322	NA	NA	NA	NA	NA	NA
Rat39_bin.23	NA	NA	0.00044609	NA	NA	NA	NA	NA	NA	NA	NA	NA	NA	NA	NA	NA	0.00106019	0.00066402	NA	NA	NA	NA	NA	NA	NA	NA	NA	NA	NA	NA	NA	0.00099420	NA	NA	NA	NA	NA	NA	NA	NA	NA	NA	NA	NA	NA	0.00085998	0.00070913	NA	NA	NA	NA	NA	NA
Rat39_bin.25	NA	NA	NA	NA	NA	NA	NA	NA	0.00170611	NA	0.00381691	NA	0.00661171	NA	NA	NA	NA	0.00142970	NA	NA	NA	NA	NA	NA	NA	NA	NA	NA	NA	NA	NA	NA	NA	NA	NA	NA	NA	NA	NA	NA	NA	0.00314231	0.00089978	NA	NA	NA	NA	0.00643218	0.00387163	0.00204470	NA	0.01076978	NA
Rat39_bin.26	NA	NA	0.01785425	NA	NA	0.00166011	NA	NA	NA	NA	0.02553213	0.01901062	NA	NA	0.00395724	NA	0.00952335	0.00205171	NA	NA	NA	NA	NA	NA	NA	NA	NA	NA	NA	NA	NA	NA	NA	NA	NA	NA	NA	NA	NA	NA	NA	NA	NA	NA	NA	NA	NA	NA	NA	NA	NA	NA	NA
Rat39_bin.27	NA	NA	NA	0.00154061	NA	NA	NA	NA	NA	NA	NA	0.00056666	NA	NA	NA	NA	NA	0.00194720	NA	NA	NA	NA	NA	NA	NA	NA	NA	NA	NA	NA	NA	NA	NA	NA	NA	NA	NA	NA	NA	NA	NA	NA	NA	NA	NA	NA	NA	NA	NA	NA	NA	NA	NA
Rat39_bin.28	NA	NA	NA	0.00725069	NA	NA	NA	NA	0.02097081	NA	NA	0.01875124	0.01558685	NA	NA	NA	0.01611765	0.00143410	NA	0.00244461	NA	NA	NA	NA	NA	0.01613985	NA	0.01917127	NA	NA	0.02064842	0.00931126	NA	NA	NA	NA	NA	NA	NA	NA	NA	NA	NA	NA	NA	0.00783167	0.02120325	0.02170673	0.02022282	0.00357867	0.02074430	0.01050198	NA
Rat39_bin.29	NA	NA	0.00476022	0.00915431	NA	NA	NA	NA	NA	NA	0.00738893	0.00785004	NA	NA	0.00387149	NA	NA	0.00095123	NA	0.00541616	NA	NA	NA	NA	NA	NA	NA	NA	0.00576267	0.00553801	0.00727611	0.00363514	0.00790489	0.00166188	NA	NA	0.00406588	NA	NA	NA	NA	NA	NA	NA	NA	NA	NA	0.00360625	NA	NA	NA	NA	NA
Rat39_bin.3	NA	NA	NA	0.00296884	NA	NA	NA	NA	0.00150899	NA	NA	NA	0.00277951	NA	0.00139862	NA	NA	0.00057047	NA	0.00093022	NA	NA	NA	NA	NA	NA	NA	0.00288884	0.00150569	0.00068270	0.00164170	NA	0.00379159	NA	NA	NA	NA	NA	NA	NA	NA	NA	NA	NA	NA	NA	0.00222667	NA	0.00216492	0.00157421	0.00168521	0.00375320	NA
Rat39_bin.30	NA	NA	NA	NA	NA	NA	NA	NA	NA	NA	NA	0.00104980	NA	NA	NA	NA	NA	0.00072358	NA	NA	NA	NA	NA	0.00598098	NA	NA	NA	NA	NA	NA	NA	NA	NA	NA	NA	NA	NA	NA	NA	NA	NA	NA	NA	NA	NA	NA	NA	NA	NA	NA	NA	NA	NA
Rat39_bin.31	NA	NA	NA	NA	NA	NA	NA	NA	NA	NA	NA	0.00522536	NA	NA	0.00069584	NA	0.00321241	0.00063001	NA	NA	NA	NA	NA	NA	NA	NA	NA	NA	NA	NA	NA	NA	NA	NA	NA	NA	NA	NA	NA	NA	NA	NA	NA	NA	NA	NA	NA	NA	NA	NA	NA	NA	NA
Rat39_bin.32	NA	NA	NA	NA	NA	NA	NA	NA	NA	NA	0.00735175	NA	0.00141147	NA	0.00151372	NA	0.00161011	0.00083132	NA	NA	NA	NA	NA	NA	NA	NA	NA	NA	NA	NA	NA	NA	0.00297334	0.00200485	NA	NA	NA	NA	NA	NA	NA	NA	NA	NA	NA	NA	NA	NA	NA	NA	NA	NA	NA
Rat39_bin.33	NA	NA	0.01101397	NA	NA	NA	NA	NA	NA	NA	0.02037021	NA	NA	NA	NA	NA	NA	0.00088029	NA	NA	NA	NA	NA	NA	NA	NA	NA	NA	NA	NA	NA	NA	NA	NA	NA	NA	0.01490811	NA	NA	NA	NA	NA	NA	NA	NA	NA	NA	NA	NA	NA	NA	NA	NA
Rat39_bin.34	NA	NA	0.00214863	NA	NA	NA	NA	NA	0.00301567	NA	NA	0.00238838	0.00789516	NA	0.00208450	NA	0.00287355	0.00079970	NA	0.00135713	NA	NA	NA	NA	NA	NA	NA	0.00154503	NA	NA	NA	0.00361242	0.00231186	NA	NA	NA	NA	NA	NA	NA	NA	0.00270666	0.00250246	NA	NA	NA	NA	0.00603834	NA	0.00332142	NA	0.00523594	NA
Rat39_bin.35	0.03397589	0.02174384	0.03580145	0.04282584	0.00966202	0.02100847	0.02648554	0.03626726	0.04177533	0.02376053	0.04332036	0.03881652	0.04128446	NA	0.02844596	NA	0.02758192	0.00791190	NA	0.03709285	0.02095572	NA	NA	0.02246547	NA	NA	NA	0.03659848	0.01841222	0.03463264	0.03145332	0.03217113	0.03905867	0.04027441	0.03664714	0.02999378	0.01151771	0.02751642	0.01313653	0.01915580	0.03944175	0.01442015	0.03326128	NA	NA	0.02639767	0.02849166	0.03211719	0.02380409	0.03958537	0.03126228	0.02606529	NA
Rat39_bin.36	NA	NA	NA	NA	NA	NA	NA	NA	NA	NA	NA	NA	NA	NA	0.00166882	NA	0.00100610	0.00075185	NA	NA	NA	NA	NA	NA	NA	NA	NA	0.01097406	0.00108646	NA	NA	NA	NA	NA	NA	0.00113319	0.00214882	NA	NA	NA	NA	NA	NA	NA	NA	NA	NA	NA	NA	NA	NA	NA	NA
Rat39_bin.37	NA	NA	NA	NA	NA	NA	NA	NA	0.00995081	NA	NA	NA	NA	NA	0.00425274	NA	NA	0.00133150	NA	NA	NA	NA	NA	NA	NA	NA	NA	NA	NA	NA	NA	NA	NA	NA	NA	NA	NA	NA	NA	NA	NA	NA	NA	NA	NA	NA	NA	NA	NA	NA	NA	NA	0.00094947
Rat39_bin.38	NA	NA	0.01515228	0.01707210	0.01126194	NA	NA	NA	0.01828275	NA	0.01623082	0.01389085	0.01589088	NA	0.01214677	NA	0.01569072	0.00490727	NA	0.01414230	NA	NA	NA	NA	NA	NA	NA	0.01273230	0.01531599	0.01402055	0.01384638	0.01527023	0.01245228	0.01311322	0.01772579	0.01249883	NA	0.01429516	NA	NA	0.01473163	NA	0.00861902	NA	NA	NA	0.01443222	NA	NA	NA	NA	NA	NA
Rat39_bin.39	NA	NA	NA	NA	NA	NA	NA	NA	0.00525025	NA	NA	NA	0.00989846	NA	NA	NA	0.00204270	0.00063938	NA	NA	NA	NA	NA	NA	NA	NA	NA	0.00349258	0.00100710	NA	NA	NA	NA	NA	NA	NA	NA	NA	NA	NA	0.00809076	NA	NA	NA	NA	NA	NA	NA	NA	NA	NA	NA	NA
Rat39_bin.4	NA	NA	NA	NA	NA	NA	NA	NA	0.00083877	NA	NA	NA	0.00217183	NA	NA	NA	0.00091601	0.00050236	NA	0.00321085	NA	NA	NA	NA	NA	NA	NA	NA	NA	NA	NA	NA	NA	NA	NA	NA	NA	NA	NA	NA	NA	NA	NA	NA	NA	NA	NA	NA	NA	NA	NA	NA	NA
Rat39_bin.40	NA	NA	NA	0.00065381	NA	NA	NA	NA	0.00136931	NA	NA	NA	0.00078191	NA	0.00074117	NA	NA	0.00060136	NA	0.00124205	NA	NA	NA	NA	NA	NA	NA	NA	NA	NA	0.00442193	NA	NA	NA	NA	NA	NA	NA	NA	NA	NA	NA	NA	NA	NA	NA	NA	NA	0.00357057	NA	NA	NA	NA
Rat39_bin.41	NA	NA	0.00329288	NA	NA	NA	NA	NA	NA	NA	NA	0.00798413	NA	NA	0.00335757	NA	NA	0.00269856	NA	NA	NA	NA	NA	NA	NA	NA	NA	NA	NA	0.00267042	NA	NA	NA	0.00476936	0.00265802	NA	0.00220939	NA	NA	NA	NA	NA	NA	NA	NA	NA	NA	NA	NA	NA	NA	NA	NA
Rat39_bin.42	NA	NA	NA	NA	0.00582940	0.00416119	NA	NA	NA	NA	NA	NA	0.00945628	NA	NA	NA	NA	0.00166035	NA	0.00612790	NA	NA	NA	NA	NA	NA	NA	NA	0.00452761	NA	NA	NA	NA	0.00502040	NA	NA	NA	NA	0.00623022	0.00398947	NA	NA	NA	NA	NA	0.00815022	0.00883563	NA	NA	NA	NA	NA	0.00628522
Rat39_bin.43	NA	NA	0.00502102	0.00451935	NA	NA	NA	NA	0.00746401	NA	0.00217715	0.00645459	0.00907300	NA	NA	NA	0.00520951	0.00112278	NA	0.00293694	NA	NA	NA	NA	NA	NA	NA	0.00685522	NA	NA	NA	0.00816978	NA	NA	NA	NA	NA	NA	0.00273746	NA	NA	NA	NA	NA	NA	NA	0.00799829	0.01029301	0.00469825	0.00371064	0.00952037	0.00927990	0.00245019
Rat39_bin.45	NA	NA	NA	0.00975317	NA	NA	NA	NA	NA	NA	NA	NA	0.00788749	NA	0.00240674	NA	0.00343009	0.00147164	NA	NA	NA	NA	NA	NA	NA	NA	NA	NA	NA	NA	NA	NA	NA	NA	NA	NA	NA	NA	NA	NA	NA	NA	NA	NA	NA	NA	NA	NA	NA	NA	NA	NA	NA
Rat39_bin.46	NA	NA	NA	0.00037764	NA	NA	NA	NA	0.00084663	NA	0.00055195	0.00065314	0.00105096	NA	NA	NA	0.00063611	0.00061034	NA	NA	NA	0.00058451	0.00031080	NA	NA	NA	NA	0.00119530	NA	NA	NA	NA	NA	NA	NA	NA	NA	NA	NA	NA	NA	NA	NA	NA	NA	NA	NA	NA	NA	NA	NA	NA	NA
Rat39_bin.5	NA	NA	NA	NA	NA	NA	NA	NA	0.00391537	NA	NA	NA	0.00404872	NA	NA	NA	0.00140206	0.00090295	NA	0.01432947	NA	NA	NA	NA	NA	NA	NA	NA	NA	NA	0.01186423	0.00719270	NA	NA	NA	NA	NA	NA	NA	NA	NA	NA	NA	NA	NA	NA	NA	NA	NA	NA	NA	0.00769745	NA
Rat39_bin.6	NA	NA	NA	NA	NA	NA	NA	NA	0.00184719	NA	NA	NA	0.00257754	NA	NA	NA	0.00097804	0.00055373	NA	0.00859776	NA	NA	NA	NA	NA	NA	NA	NA	NA	NA	0.00379942	NA	0.00108705	NA	NA	NA	NA	NA	NA	NA	NA	NA	NA	NA	NA	NA	NA	NA	NA	0.00112974	NA	NA	NA
Rat39_bin.7	NA	NA	NA	0.00303181	0.00113319	NA	NA	NA	0.00506361	0.00099517	0.00385527	NA	0.00556719	NA	NA	0.00335902	NA	0.00066302	NA	NA	NA	NA	0.00311618	NA	NA	NA	NA	NA	NA	NA	NA	NA	NA	NA	NA	NA	NA	NA	0.00117635	NA	NA	NA	NA	NA	NA	0.00128190	NA	NA	0.00306752	0.00138079	0.00818769	NA	0.00497434
Rat39_bin.8	0.00173698	0.00283043	0.00311988	0.00081577	0.00281150	0.00262623	0.00221914	NA	0.00303040	NA	NA	0.00122188	0.00150553	NA	NA	0.00333873	NA	0.00064158	0.00273912	0.00150552	0.00196583	NA	0.00157969	0.00175453	NA	0.00158014	0.00087041	NA	NA	NA	NA	NA	NA	NA	NA	NA	NA	NA	0.00140399	0.00200726	0.00106627	0.00077839	NA	0.01446126	NA	NA	0.00070768	NA	0.00387587	NA	NA	NA	0.00220121
Rat40_bin.10	NA	NA	NA	NA	NA	NA	NA	NA	NA	NA	NA	NA	NA	NA	NA	0.00054886	NA	NA	0.00076743	NA	NA	0.00103527	NA	0.00069408	NA	NA	NA	NA	NA	NA	NA	NA	NA	NA	NA	NA	NA	NA	NA	NA	NA	NA	NA	NA	NA	NA	NA	NA	NA	NA	NA	NA	NA
Rat40_bin.11	0.00859735	0.00282273	NA	0.00086773	NA	0.00444901	0.00121952	0.00307627	0.00276279	NA	NA	0.00078364	0.00084854	0.00972498	NA	0.00118865	NA	NA	0.00096500	NA	0.00222840	0.00252090	0.00248535	0.00345705	NA	NA	0.00134927	NA	NA	NA	NA	NA	NA	NA	NA	NA	NA	NA	NA	NA	NA	NA	NA	NA	NA	0.00137781	NA	0.00097207	NA	NA	NA	NA	NA
Rat40_bin.13	NA	NA	NA	NA	NA	NA	NA	NA	NA	NA	NA	NA	NA	NA	NA	NA	NA	NA	0.00080314	NA	NA	NA	NA	NA	NA	NA	NA	NA	NA	NA	NA	NA	NA	NA	NA	NA	NA	NA	NA	NA	NA	NA	NA	NA	NA	NA	NA	NA	NA	NA	NA	NA	NA
Rat40_bin.15	0.00348614	0.00537365	NA	NA	0.00234246	0.00384483	0.00359911	0.00331861	NA	0.00366732	NA	NA	NA	0.00523406	NA	0.00504074	NA	NA	0.00351940	NA	0.00202631	0.00310881	0.00321455	0.00251665	0.00100225	0.00202292	0.00075210	NA	NA	NA	NA	NA	NA	NA	NA	NA	NA	NA	NA	0.00362573	NA	NA	NA	0.00223069	NA	NA	0.00135586	NA	NA	NA	NA	NA	0.00089516
Rat40_bin.17	0.00373031	0.00373334	NA	NA	0.00549817	0.00217058	0.00424392	0.00321091	NA	0.00292038	NA	NA	NA	0.00219645	NA	0.00374002	NA	NA	0.00265216	NA	0.00222871	0.00459099	0.00413535	0.00301824	0.00327273	0.00228846	0.00260293	NA	NA	NA	NA	NA	NA	NA	NA	NA	NA	NA	NA	NA	NA	NA	NA	NA	NA	NA	0.00052385	NA	NA	NA	NA	NA	NA
Rat40_bin.18	0.00428791	0.00783955	NA	NA	NA	NA	NA	0.00522999	NA	NA	NA	NA	NA	NA	NA	NA	NA	NA	0.00554629	NA	NA	0.00577534	NA	NA	NA	NA	NA	NA	NA	NA	NA	NA	NA	NA	NA	NA	NA	NA	NA	NA	NA	NA	NA	NA	NA	NA	NA	NA	NA	NA	NA	NA	NA
Rat40_bin.19	NA	0.00714357	NA	NA	NA	0.00445607	0.00787414	NA	NA	NA	0.00975062	0.00824375	NA	NA	NA	NA	0.00772544	NA	0.00097055	NA	NA	NA	NA	NA	NA	NA	NA	NA	NA	NA	NA	NA	NA	NA	NA	NA	NA	NA	NA	NA	NA	0.00800067	NA	NA	NA	NA	0.00674258	NA	NA	NA	NA	NA	0.00414623
Rat40_bin.2	0.00094008	0.00236424	NA	NA	NA	NA	NA	NA	NA	NA	NA	NA	NA	0.00265854	NA	0.00149227	NA	NA	0.00191244	NA	0.00250698	0.00201536	0.00179813	0.00160397	NA	0.00269533	0.00072128	NA	NA	NA	NA	NA	NA	NA	NA	NA	NA	NA	NA	NA	NA	NA	NA	NA	NA	NA	NA	NA	NA	NA	NA	NA	NA
Rat40_bin.22	NA	NA	NA	NA	NA	NA	NA	0.00119377	NA	NA	NA	NA	NA	NA	NA	NA	NA	NA	0.00169748	NA	NA	NA	NA	0.00076352	NA	NA	NA	NA	NA	NA	NA	NA	NA	NA	NA	NA	NA	NA	NA	NA	NA	NA	NA	NA	NA	NA	NA	NA	NA	NA	NA	NA	NA
Rat40_bin.24	0.00454759	NA	NA	NA	0.00140781	NA	NA	0.00096314	NA	NA	NA	NA	NA	NA	NA	NA	NA	NA	0.00114680	NA	NA	NA	NA	NA	NA	NA	NA	NA	NA	NA	NA	NA	NA	NA	NA	NA	NA	NA	NA	NA	NA	0.06350237	NA	NA	NA	NA	NA	NA	NA	NA	NA	NA	NA
Rat40_bin.25	0.00999521	NA	NA	NA	NA	NA	NA	0.00578242	NA	NA	NA	NA	NA	NA	NA	NA	NA	NA	0.00160518	NA	NA	NA	NA	NA	NA	NA	NA	NA	NA	NA	NA	NA	NA	NA	NA	NA	NA	NA	NA	NA	NA	NA	NA	NA	NA	NA	NA	NA	NA	NA	NA	NA	NA
Rat40_bin.28	NA	NA	NA	0.00158528	NA	0.00118929	NA	NA	NA	NA	NA	0.00200830	NA	NA	NA	NA	NA	NA	0.00197985	NA	NA	NA	NA	0.00116800	NA	NA	NA	NA	NA	NA	NA	NA	NA	NA	NA	NA	NA	NA	NA	NA	NA	NA	NA	NA	NA	0.00268088	NA	NA	0.00101723	NA	NA	NA	NA
Rat40_bin.29	NA	NA	NA	NA	NA	NA	0.00169076	NA	NA	NA	NA	NA	NA	NA	NA	NA	NA	NA	0.00247920	NA	NA	NA	NA	NA	NA	NA	NA	NA	NA	NA	NA	NA	NA	NA	NA	NA	NA	NA	NA	NA	NA	NA	NA	NA	NA	NA	NA	NA	NA	NA	NA	NA	NA
Rat40_bin.30	0.00129950	0.00649634	NA	NA	NA	NA	0.00833841	0.00590821	NA	NA	NA	0.00287697	0.00530115	NA	NA	NA	NA	NA	0.00333226	NA	0.00222735	0.00483734	NA	0.00127721	NA	0.00957812	NA	NA	NA	NA	NA	NA	NA	NA	NA	NA	NA	NA	NA	NA	NA	NA	NA	NA	NA	NA	NA	NA	NA	NA	NA	NA	NA
Rat40_bin.31	NA	NA	NA	NA	NA	NA	NA	NA	NA	NA	NA	NA	NA	NA	NA	NA	NA	NA	0.00076462	NA	NA	NA	NA	NA	NA	NA	NA	NA	NA	NA	NA	NA	NA	NA	NA	NA	NA	NA	NA	NA	NA	NA	NA	NA	NA	NA	NA	NA	NA	NA	NA	NA	NA
Rat40_bin.32	0.00148829	0.00240420	0.00296193	0.00170170	0.00211619	0.00217939	0.00160423	0.00221294	NA	NA	NA	0.00080678	0.00153357	NA	NA	0.00226760	NA	0.00055254	0.00143919	0.00077424	0.00082797	NA	0.00076945	0.00084496	NA	0.00064465	0.00064581	NA	NA	NA	NA	NA	NA	NA	NA	NA	NA	NA	0.00132403	0.00193085	0.00080777	0.00063859	NA	NA	NA	NA	0.00056023	NA	NA	NA	NA	NA	0.00195801
Rat40_bin.33	NA	NA	NA	NA	NA	NA	NA	NA	NA	NA	NA	NA	NA	NA	NA	NA	NA	NA	0.00128865	NA	NA	0.00228686	NA	0.00622139	NA	NA	NA	NA	NA	NA	NA	NA	NA	NA	NA	NA	NA	NA	NA	NA	NA	NA	NA	NA	NA	NA	NA	NA	NA	NA	NA	NA	NA
Rat40_bin.35	0.00089532	NA	NA	NA	NA	NA	0.00141989	0.00057571	NA	0.00507122	NA	NA	NA	NA	NA	NA	NA	NA	0.00335807	NA	0.00102594	0.00183015	NA	NA	NA	NA	NA	NA	NA	NA	NA	NA	NA	NA	NA	NA	NA	NA	NA	NA	NA	NA	NA	NA	NA	NA	NA	NA	NA	NA	NA	NA	NA
Rat40_bin.36	0.00841452	0.00715966	NA	0.00387970	0.00777976	NA	0.00639531	0.00756301	0.00414113	NA	NA	NA	0.00220140	0.00721250	NA	0.00734392	NA	NA	0.00227632	NA	0.00982436	0.00945549	NA	0.00619363	NA	0.00774433	0.00655070	NA	NA	NA	NA	NA	NA	NA	NA	NA	NA	NA	NA	NA	NA	NA	NA	NA	NA	NA	NA	NA	NA	NA	NA	NA	NA
Rat40_bin.4	NA	0.00096517	0.00220669	0.00293076	NA	0.00296129	0.00128304	0.00211867	0.00254573	0.00245392	NA	0.00329422	0.00275025	0.00228487	NA	0.00205146	NA	NA	0.00078149	NA	NA	NA	0.00136231	NA	NA	NA	0.00121977	NA	NA	0.00159596	NA	NA	NA	NA	NA	NA	NA	NA	NA	0.00361098	NA	NA	NA	NA	NA	0.00300282	0.00088307	0.00345379	0.00315641	NA	0.00156484	0.00338887	NA
Rat40_bin.40	NA	NA	NA	NA	NA	NA	NA	NA	NA	NA	NA	NA	NA	NA	NA	NA	NA	NA	0.00102644	NA	NA	NA	NA	NA	NA	NA	NA	NA	NA	NA	NA	NA	NA	NA	NA	NA	NA	NA	NA	NA	NA	NA	NA	NA	NA	NA	NA	NA	NA	NA	NA	NA	NA
Rat40_bin.41	NA	0.00161348	NA	0.00151893	NA	NA	0.00155499	0.00146142	0.00072354	NA	NA	0.00049746	NA	NA	NA	NA	NA	NA	0.00136304	NA	0.00245457	0.00095967	NA	0.00072690	NA	0.00073912	NA	NA	NA	NA	NA	NA	NA	NA	NA	NA	NA	NA	NA	NA	NA	NA	NA	NA	NA	NA	NA	NA	NA	NA	NA	NA	NA
Rat40_bin.42	NA	0.00221867	NA	NA	NA	0.00038990	NA	NA	NA	0.00194834	NA	NA	NA	NA	NA	NA	NA	NA	0.00193923	NA	NA	NA	NA	0.00144699	NA	0.00032685	NA	NA	NA	NA	NA	NA	NA	NA	NA	NA	NA	NA	NA	NA	NA	NA	NA	NA	NA	NA	NA	NA	NA	NA	NA	NA	NA
Rat40_bin.43	NA	NA	NA	NA	NA	NA	NA	NA	NA	NA	NA	NA	NA	NA	NA	NA	NA	NA	0.00217515	NA	NA	NA	NA	NA	NA	NA	NA	NA	NA	NA	NA	NA	NA	NA	NA	NA	NA	NA	NA	NA	NA	NA	NA	NA	NA	NA	NA	NA	NA	NA	NA	NA	NA
Rat40_bin.44	NA	NA	NA	NA	NA	NA	NA	NA	NA	NA	NA	NA	NA	NA	NA	NA	NA	NA	0.00039274	NA	NA	NA	NA	NA	NA	NA	NA	NA	NA	NA	NA	NA	NA	NA	NA	NA	NA	NA	NA	NA	NA	0.00037413	NA	NA	NA	NA	NA	NA	NA	NA	NA	NA	NA
Rat40_bin.45	NA	NA	NA	NA	NA	NA	NA	0.00331844	NA	NA	NA	NA	NA	NA	NA	NA	NA	NA	0.00458606	NA	NA	NA	NA	NA	NA	NA	NA	NA	NA	NA	0.00144984	NA	NA	NA	NA	NA	NA	NA	NA	NA	NA	NA	NA	NA	NA	NA	NA	NA	NA	NA	NA	NA	NA
Rat40_bin.46	NA	NA	0.00125390	0.00086014	NA	NA	0.00192896	0.00224820	0.00333611	NA	0.00108581	NA	0.00187927	NA	NA	NA	NA	NA	0.00159827	NA	0.00267169	0.00296635	0.00155534	0.00271955	NA	0.00238528	NA	NA	NA	NA	NA	NA	NA	NA	NA	NA	NA	NA	NA	NA	NA	NA	NA	NA	NA	NA	NA	NA	NA	NA	NA	NA	NA
Rat40_bin.48	NA	0.00163191	NA	NA	NA	0.00325919	NA	NA	NA	0.00479247	NA	NA	NA	0.00174505	NA	0.00174749	NA	NA	0.00205444	NA	NA	0.00127251	0.00111977	NA	0.00059720	NA	NA	NA	NA	NA	NA	NA	NA	NA	NA	NA	NA	NA	NA	NA	NA	NA	NA	0.00201016	NA	NA	NA	NA	NA	NA	NA	NA	NA
Rat40_bin.49	0.00087790	NA	NA	0.00063988	0.00166354	0.00084581	NA	0.00081073	0.00070496	0.00116406	NA	NA	NA	0.00143086	NA	NA	NA	NA	0.00133366	0.00056012	NA	NA	NA	NA	NA	NA	NA	NA	NA	NA	NA	0.00128417	NA	NA	NA	NA	NA	NA	NA	NA	NA	NA	NA	NA	NA	NA	NA	NA	NA	NA	NA	NA	NA
Rat40_bin.50	0.00243746	0.00239213	NA	NA	NA	0.00239096	0.00432045	0.00226525	NA	0.00400625	NA	NA	NA	0.00586328	NA	0.00691867	NA	NA	0.00132196	NA	0.01058438	0.00275638	0.00171453	0.00853398	NA	NA	NA	NA	NA	NA	0.00511410	NA	NA	NA	NA	NA	NA	NA	NA	NA	NA	NA	NA	NA	NA	NA	NA	NA	NA	NA	NA	NA	NA
Rat40_bin.51	NA	0.00042981	NA	NA	NA	NA	NA	NA	NA	NA	NA	NA	NA	NA	NA	NA	NA	NA	0.00051313	NA	NA	0.00182683	NA	NA	NA	0.00140788	NA	NA	NA	NA	NA	NA	NA	NA	NA	NA	NA	NA	NA	NA	NA	NA	NA	NA	NA	NA	NA	NA	NA	NA	NA	NA	NA
Rat40_bin.52	NA	NA	NA	NA	NA	NA	NA	NA	NA	NA	NA	NA	NA	NA	NA	NA	NA	NA	0.00131250	NA	NA	0.00096203	NA	NA	NA	NA	NA	NA	NA	NA	NA	NA	NA	NA	NA	NA	NA	NA	NA	NA	NA	NA	NA	NA	NA	NA	NA	NA	NA	NA	NA	NA	NA
Rat40_bin.54	NA	0.00432428	NA	NA	0.00422523	NA	0.00152967	0.00363012	NA	NA	NA	NA	NA	NA	NA	NA	NA	NA	0.00173234	NA	0.00397427	NA	NA	NA	0.00466452	0.00458614	0.00242750	NA	NA	NA	NA	NA	NA	NA	NA	NA	NA	NA	NA	0.00116726	NA	NA	NA	NA	NA	NA	NA	NA	NA	NA	NA	NA	NA
Rat40_bin.7	0.00192564	0.00252441	NA	0.00166358	NA	0.00256654	0.00411422	0.00116966	0.00142684	NA	NA	NA	0.00170822	NA	NA	NA	NA	NA	0.00182560	NA	0.00630595	0.00918239	0.00483716	0.00359098	NA	0.00470639	0.00630054	NA	NA	NA	NA	NA	NA	NA	NA	NA	NA	NA	NA	0.00062821	NA	NA	NA	NA	NA	NA	NA	NA	NA	NA	NA	NA	NA
Rat40_bin.8	0.00246723	0.00225611	0.00458537	0.00593718	NA	0.00242472	0.00270125	0.00282863	0.00528510	0.00253633	NA	0.00798692	0.00480881	NA	NA	0.00314487	NA	NA	0.00217836	NA	NA	NA	NA	0.00417759	NA	NA	0.00417031	NA	NA	NA	NA	NA	NA	NA	NA	NA	NA	NA	NA	0.00494437	NA	NA	NA	NA	NA	0.00545175	0.00317409	0.00472416	0.00496070	NA	0.00271146	NA	NA
Rat41_bin.1	NA	NA	0.00524103	NA	0.00699504	NA	NA	NA	NA	NA	NA	NA	NA	NA	NA	NA	NA	NA	NA	0.00128658	NA	NA	NA	NA	NA	NA	NA	NA	0.00270116	NA	NA	NA	NA	NA	NA	NA	NA	NA	NA	NA	NA	NA	NA	0.01063911	NA	0.00615703	0.00172953	0.00147772	NA	NA	NA	NA	NA
Rat47_bin.1	NA	NA	NA	NA	0.00043129	NA	NA	NA	NA	NA	NA	NA	NA	NA	NA	NA	NA	NA	0.00075071	0.00079079	0.00045292	NA	NA	NA	NA	NA	NA	NA	NA	NA	NA	NA	NA	NA	NA	NA	NA	NA	NA	NA	NA	NA	NA	NA	NA	NA	NA	NA	NA	NA	NA	NA	NA
Rat47_bin.10	0.00401744	0.00307433	NA	NA	NA	NA	NA	0.00221813	NA	0.00259798	NA	NA	NA	NA	NA	NA	NA	NA	NA	NA	0.00415554	NA	0.00265282	0.00331463	NA	0.00195445	NA	NA	NA	NA	NA	NA	NA	NA	NA	NA	NA	NA	NA	NA	NA	NA	NA	NA	NA	NA	NA	NA	NA	NA	NA	NA	NA
Rat47_bin.12	NA	NA	NA	NA	NA	0.00071644	NA	NA	NA	NA	NA	NA	NA	NA	NA	NA	NA	NA	NA	NA	0.00175693	NA	NA	NA	NA	0.00055689	NA	NA	NA	NA	NA	NA	NA	NA	NA	NA	NA	NA	NA	NA	NA	NA	NA	NA	NA	NA	NA	NA	NA	NA	NA	NA	NA
Rat47_bin.13	0.00168771	NA	NA	NA	NA	0.00257797	0.00259720	0.00170153	NA	0.00220908	0.00169269	NA	NA	NA	NA	NA	NA	NA	0.00294913	NA	0.00290666	0.00256098	NA	0.00230513	NA	NA	NA	NA	NA	NA	NA	NA	NA	NA	NA	NA	NA	NA	NA	NA	NA	NA	NA	NA	NA	NA	NA	NA	NA	NA	NA	NA	NA
Rat47_bin.14	NA	NA	NA	NA	NA	NA	NA	0.00098998	NA	NA	NA	NA	NA	NA	NA	NA	NA	NA	NA	NA	0.00057452	NA	0.00118958	0.00114319	NA	NA	NA	NA	NA	NA	NA	NA	NA	NA	NA	NA	NA	NA	NA	NA	NA	NA	NA	NA	NA	NA	NA	NA	NA	NA	NA	NA	NA
Rat47_bin.15	0.00350314	0.00492897	NA	NA	NA	0.00794678	0.00497890	NA	NA	0.00709739	NA	NA	NA	0.00851480	NA	0.00959562	NA	NA	0.00532127	NA	0.00241248	0.00381146	0.00619715	NA	NA	0.00291070	NA	NA	NA	NA	NA	NA	NA	NA	NA	NA	NA	NA	NA	NA	NA	NA	NA	NA	NA	NA	NA	NA	NA	NA	NA	NA	NA
Rat47_bin.17	NA	NA	NA	0.00047072	NA	0.00132334	NA	NA	0.00125808	NA	NA	NA	NA	NA	NA	NA	NA	NA	NA	NA	0.00173705	0.00131675	NA	0.00157070	NA	NA	NA	NA	NA	NA	NA	NA	NA	NA	NA	NA	NA	NA	NA	NA	NA	NA	NA	NA	NA	NA	NA	0.00156120	NA	NA	NA	NA	NA
Rat47_bin.23	NA	NA	NA	NA	0.00630198	0.00702326	NA	0.00766121	NA	NA	NA	NA	NA	NA	NA	NA	NA	NA	NA	NA	0.00186608	NA	NA	0.01017191	NA	NA	NA	NA	NA	NA	NA	NA	NA	NA	NA	NA	NA	NA	NA	NA	NA	NA	NA	NA	NA	NA	NA	NA	NA	NA	NA	NA	NA
Rat47_bin.25	NA	0.00330103	NA	NA	0.00384032	NA	NA	NA	NA	NA	NA	NA	NA	0.00157300	NA	NA	NA	NA	NA	NA	0.00190150	NA	NA	NA	NA	NA	NA	NA	NA	NA	NA	NA	NA	NA	NA	NA	NA	NA	0.00219383	0.00195434	NA	NA	NA	NA	NA	NA	NA	NA	NA	NA	NA	NA	NA
Rat47_bin.26	NA	0.00060324	NA	NA	NA	0.00099099	NA	0.00050759	NA	NA	NA	NA	NA	NA	NA	NA	NA	NA	0.00062298	NA	0.00052642	0.00093570	0.00061606	0.00062455	NA	NA	NA	NA	NA	NA	NA	NA	NA	NA	NA	NA	NA	NA	NA	NA	NA	NA	NA	NA	NA	NA	NA	NA	NA	NA	NA	NA	NA
Rat47_bin.28	0.00213843	NA	NA	NA	NA	NA	NA	NA	NA	0.00543793	NA	NA	NA	NA	NA	NA	NA	NA	0.00548451	NA	0.00097154	0.00166139	NA	0.00510402	NA	NA	0.00211758	NA	NA	NA	NA	NA	NA	NA	NA	NA	NA	NA	NA	NA	NA	NA	NA	NA	NA	NA	NA	NA	NA	NA	NA	NA	NA
Rat47_bin.29	NA	NA	NA	NA	NA	NA	0.00053457	NA	NA	NA	NA	NA	NA	NA	NA	NA	NA	NA	0.00062894	NA	0.00061100	NA	NA	0.00061730	NA	NA	0.00051173	NA	NA	NA	NA	NA	NA	NA	NA	NA	NA	NA	NA	NA	NA	NA	NA	NA	NA	NA	NA	NA	NA	NA	NA	NA	NA
Rat47_bin.3	0.00292412	0.00151862	NA	NA	NA	NA	0.00217427	0.00256346	NA	NA	NA	NA	NA	0.00305195	NA	0.00329473	NA	NA	NA	NA	0.00262631	0.00292946	0.00388078	0.00259376	NA	0.00228627	NA	NA	NA	NA	NA	NA	NA	NA	NA	NA	NA	NA	NA	NA	NA	NA	NA	NA	NA	NA	NA	NA	NA	NA	NA	NA	0.00125524
Rat47_bin.32	NA	NA	NA	NA	NA	NA	NA	NA	NA	NA	NA	NA	NA	NA	NA	NA	NA	NA	NA	NA	0.00111698	NA	NA	NA	NA	0.00062311	0.00059454	NA	NA	NA	NA	NA	NA	NA	NA	NA	NA	NA	NA	NA	NA	NA	NA	NA	NA	NA	NA	NA	NA	NA	NA	NA	NA
Rat47_bin.33	0.01060825	0.00604666	NA	NA	NA	NA	0.00686985	NA	NA	NA	NA	NA	NA	0.01346593	NA	0.01266451	NA	NA	NA	NA	0.00822271	NA	NA	NA	NA	0.00643373	NA	NA	NA	NA	NA	NA	NA	NA	NA	NA	NA	NA	NA	NA	NA	NA	NA	NA	NA	NA	NA	NA	NA	NA	NA	NA	NA
Rat47_bin.37	NA	NA	NA	NA	NA	0.00093025	NA	NA	NA	NA	NA	NA	NA	NA	NA	NA	NA	NA	NA	NA	0.00084351	NA	NA	0.00055964	NA	NA	NA	NA	NA	NA	NA	NA	NA	NA	NA	NA	NA	NA	0.00314639	0.00044685	NA	NA	NA	NA	NA	NA	NA	NA	NA	NA	NA	NA	NA
Rat47_bin.4	NA	NA	NA	NA	NA	NA	NA	NA	NA	NA	NA	NA	NA	NA	NA	NA	0.00066684	NA	NA	NA	0.00150619	NA	NA	0.00391578	NA	NA	NA	NA	NA	NA	NA	NA	NA	NA	NA	NA	NA	NA	NA	NA	NA	NA	NA	NA	NA	NA	NA	NA	NA	NA	NA	NA	NA
Rat47_bin.45	0.00186282	NA	NA	NA	0.00108509	NA	NA	NA	NA	NA	NA	NA	NA	NA	NA	NA	NA	NA	0.00127671	NA	0.00085555	NA	NA	NA	NA	NA	NA	NA	NA	NA	NA	NA	NA	NA	NA	NA	NA	NA	NA	NA	NA	NA	NA	NA	NA	NA	NA	NA	NA	NA	NA	NA	NA
Rat47_bin.47	0.00283436	0.01073605	NA	NA	NA	NA	0.00303036	0.00148310	NA	NA	NA	NA	NA	0.00715746	NA	NA	NA	NA	0.00150922	NA	0.00071620	0.00173049	NA	NA	NA	0.00971189	NA	NA	NA	NA	NA	NA	NA	NA	NA	NA	NA	NA	NA	NA	NA	NA	NA	NA	NA	NA	NA	NA	NA	NA	NA	NA	NA
Rat47_bin.5	NA	NA	NA	NA	NA	NA	0.00283860	NA	NA	NA	NA	NA	NA	NA	NA	NA	NA	NA	NA	NA	0.00110039	0.00544611	0.00455536	NA	NA	0.00073836	0.00226770	NA	NA	NA	NA	NA	NA	NA	NA	NA	NA	NA	NA	NA	NA	NA	NA	NA	NA	NA	NA	NA	NA	NA	NA	NA	NA
Rat47_bin.57	NA	NA	NA	NA	NA	NA	NA	NA	NA	NA	NA	NA	NA	NA	NA	NA	NA	NA	NA	NA	0.00171629	NA	NA	0.00114362	NA	NA	NA	NA	NA	NA	NA	NA	NA	NA	NA	NA	NA	NA	NA	NA	NA	NA	NA	NA	NA	NA	NA	NA	NA	NA	NA	NA	NA
Rat47_bin.58	NA	NA	NA	NA	NA	NA	NA	NA	NA	NA	NA	NA	NA	0.00630692	NA	NA	NA	NA	NA	NA	0.00412847	NA	NA	NA	NA	NA	NA	NA	0.00737724	NA	NA	NA	NA	NA	NA	NA	NA	NA	0.00489884	NA	NA	NA	NA	0.00948288	NA	NA	NA	NA	NA	NA	NA	NA	NA
Rat47_bin.7	0.00170936	0.00129838	NA	NA	NA	NA	NA	0.00181153	NA	0.00223558	NA	NA	NA	NA	NA	0.00355162	NA	NA	0.00243162	NA	0.00103335	0.00335120	0.00259885	0.00138135	0.00059469	0.00064191	0.00064537	NA	NA	NA	NA	NA	NA	NA	NA	NA	NA	NA	NA	NA	NA	NA	NA	0.00191186	NA	NA	NA	NA	NA	NA	NA	NA	NA
Rat4_bin.1	0.00150530	0.00162875	NA	NA	NA	NA	0.00160384	0.00189827	NA	NA	NA	NA	NA	NA	NA	0.00200978	NA	NA	NA	NA	0.00224912	0.00355988	0.00429638	0.00318024	0.00205292	0.00530708	0.00132005	NA	NA	NA	NA	NA	NA	NA	NA	NA	NA	NA	0.00124366	0.00081825	NA	NA	NA	NA	NA	NA	NA	NA	NA	NA	NA	NA	NA
Rat4_bin.11	0.00158908	0.00172909	NA	NA	0.00288576	0.00374105	0.00566829	NA	0.01635792	NA	NA	NA	NA	0.00158601	NA	NA	NA	NA	NA	0.00148474	0.00097932	NA	NA	0.00127143	NA	NA	NA	NA	NA	NA	NA	NA	NA	NA	NA	NA	NA	NA	NA	NA	NA	NA	NA	NA	NA	NA	NA	NA	NA	NA	NA	NA	NA
Rat4_bin.13	0.02111447	0.00477192	0.03672500	0.04135961	0.03274904	0.01112888	0.01818762	0.02342101	0.04051857	0.00248133	0.04277407	0.03891545	0.03909571	NA	0.02378458	NA	0.03377398	0.02698904	NA	NA	NA	NA	NA	NA	NA	NA	NA	0.03484446	NA	NA	NA	NA	0.03524444	0.03909085	0.03280835	0.02193305	0.02352052	NA	NA	NA	0.02943708	NA	NA	NA	NA	NA	NA	NA	NA	NA	NA	NA	NA
Rat4_bin.14	0.00084746	0.00080000	NA	NA	0.00094745	0.00098160	0.00072452	0.00138862	NA	0.00093592	NA	NA	NA	NA	NA	NA	NA	NA	NA	0.00074540	NA	NA	NA	NA	NA	NA	NA	NA	NA	NA	NA	NA	NA	NA	NA	NA	NA	NA	NA	NA	NA	NA	NA	NA	NA	NA	NA	NA	NA	NA	NA	NA	NA
Rat4_bin.15	NA	0.00127151	NA	NA	NA	0.00072358	NA	0.00078218	NA	0.00070857	NA	NA	NA	NA	NA	0.00130047	NA	NA	0.00200930	NA	0.00073341	0.00130531	0.00070425	0.00259569	NA	NA	NA	NA	NA	NA	NA	NA	NA	NA	NA	NA	NA	NA	NA	NA	NA	NA	NA	NA	NA	NA	NA	NA	NA	NA	NA	NA	NA
Rat4_bin.17	NA	0.00096952	NA	NA	NA	NA	NA	NA	NA	NA	NA	NA	NA	NA	NA	NA	NA	NA	NA	NA	NA	0.00163817	NA	0.00152866	NA	NA	NA	NA	NA	NA	NA	NA	NA	NA	NA	NA	NA	NA	NA	NA	NA	NA	NA	NA	NA	NA	NA	NA	NA	NA	NA	NA	NA
Rat4_bin.18	NA	0.00301153	0.00270068	0.00598808	NA	0.00543572	0.00151180	NA	0.00317016	0.00137970	NA	0.00513727	NA	NA	NA	NA	NA	NA	NA	0.00047170	NA	NA	NA	0.00261748	NA	NA	0.00369793	NA	NA	NA	NA	NA	NA	NA	NA	NA	NA	NA	NA	0.00754588	NA	NA	NA	NA	NA	NA	NA	NA	NA	NA	NA	NA	NA
Rat4_bin.20	NA	0.00097926	NA	0.00152957	NA	NA	0.00099894	0.00255688	0.00265223	NA	NA	0.00109649	0.00066620	NA	NA	0.00096222	NA	NA	0.00099146	NA	0.00270401	0.00192466	0.00202920	NA	NA	0.00589594	0.00115130	NA	NA	NA	NA	NA	NA	NA	NA	NA	NA	NA	NA	NA	NA	NA	NA	NA	NA	NA	NA	NA	NA	NA	NA	NA	NA
Rat4_bin.23	NA	0.00136054	NA	0.00156933	NA	0.00100068	NA	NA	NA	NA	NA	0.00203163	NA	NA	NA	NA	NA	NA	0.00199941	NA	NA	NA	NA	0.00078457	NA	NA	NA	NA	NA	NA	NA	NA	NA	NA	NA	NA	NA	NA	NA	NA	NA	NA	NA	NA	NA	NA	NA	NA	0.00110374	NA	NA	NA	NA
Rat4_bin.24	NA	0.00077785	0.00111915	NA	NA	NA	NA	NA	0.00280874	0.00809781	NA	0.00371553	NA	NA	NA	NA	NA	NA	NA	NA	NA	NA	NA	NA	NA	NA	NA	NA	NA	NA	NA	NA	NA	NA	NA	NA	NA	NA	NA	NA	NA	NA	NA	NA	NA	NA	NA	NA	NA	NA	NA	NA	0.00846681
Rat4_bin.25	0.00418901	0.00086814	NA	NA	0.00116820	0.00078326	NA	NA	NA	NA	NA	NA	NA	NA	NA	0.00210002	NA	NA	NA	NA	NA	0.00286458	0.00120260	NA	0.00050474	NA	NA	NA	NA	NA	NA	NA	NA	NA	NA	NA	NA	NA	NA	NA	NA	NA	NA	NA	NA	NA	NA	NA	NA	NA	NA	NA	NA
Rat4_bin.26	NA	0.00078703	NA	NA	NA	0.00083601	NA	0.00071556	NA	NA	NA	NA	NA	0.00148247	NA	0.00149672	NA	NA	NA	NA	NA	NA	NA	NA	NA	NA	NA	NA	NA	NA	NA	NA	NA	NA	NA	NA	NA	NA	NA	0.00064150	NA	NA	NA	NA	NA	NA	NA	NA	NA	NA	NA	NA	NA
Rat4_bin.27	NA	0.00117609	NA	NA	NA	0.00149250	NA	0.00186870	NA	NA	NA	NA	NA	0.00361851	NA	0.00218272	NA	NA	NA	NA	NA	NA	NA	NA	NA	NA	NA	NA	NA	NA	NA	NA	NA	NA	NA	NA	NA	NA	NA	NA	NA	NA	NA	NA	NA	NA	NA	NA	NA	NA	NA	NA	NA
Rat4_bin.29	0.00170528	0.00067706	NA	0.00069569	NA	NA	NA	0.00088068	0.00213599	NA	NA	NA	0.00070914	NA	NA	NA	NA	NA	0.00290698	NA	NA	NA	NA	NA	NA	NA	NA	NA	NA	NA	NA	NA	NA	NA	NA	NA	NA	NA	NA	NA	NA	NA	NA	NA	NA	NA	NA	NA	NA	NA	NA	NA	NA
Rat4_bin.32	0.00987650	0.00310861	NA	NA	NA	0.00263286	0.00269630	0.00339509	NA	0.00232458	NA	NA	NA	0.00568233	NA	0.00577772	NA	NA	0.00314039	NA	0.00710952	0.00527346	0.00365064	0.01002932	0.00289111	0.00912504	0.00811849	NA	NA	NA	NA	NA	NA	NA	NA	NA	NA	NA	NA	NA	NA	NA	NA	0.00592468	NA	NA	NA	NA	NA	NA	NA	NA	NA
Rat4_bin.35	0.00543549	0.00187472	NA	NA	NA	NA	0.00710348	0.00440273	NA	0.00324448	NA	0.00139112	NA	0.00839929	NA	0.00544232	NA	NA	0.00499363	NA	NA	0.00734069	NA	NA	NA	0.00748537	NA	NA	NA	NA	NA	NA	NA	NA	NA	NA	NA	NA	0.00237791	NA	NA	NA	NA	NA	NA	NA	NA	NA	NA	NA	NA	NA	NA
Rat4_bin.36	0.00288741	0.00282227	NA	NA	NA	0.00457345	0.00202966	NA	NA	NA	NA	NA	NA	NA	NA	NA	NA	NA	NA	NA	NA	NA	NA	NA	NA	NA	NA	NA	NA	NA	NA	NA	NA	NA	NA	NA	NA	NA	NA	NA	NA	NA	NA	NA	NA	NA	NA	NA	NA	NA	NA	NA	NA
Rat4_bin.37	0.00151317	0.00093114	NA	NA	NA	NA	NA	0.00060275	NA	NA	NA	0.00053154	NA	NA	NA	NA	NA	NA	NA	NA	NA	NA	NA	NA	NA	NA	NA	NA	NA	NA	NA	NA	NA	NA	NA	NA	NA	NA	NA	0.00111523	NA	NA	NA	NA	NA	NA	NA	NA	NA	NA	NA	NA	NA
Rat4_bin.38	0.00567655	0.00293783	NA	NA	0.00454692	0.00549568	0.00416409	0.00303001	NA	0.00426683	NA	NA	NA	0.00486872	NA	0.00483901	NA	NA	0.00386138	NA	0.00478250	0.00280625	0.00516408	0.00691197	0.00344977	0.00566780	0.00569780	NA	0.00744979	NA	0.00539637	NA	NA	NA	NA	NA	NA	NA	NA	0.00334857	NA	NA	NA	0.00933953	NA	NA	0.00410108	NA	NA	NA	NA	NA	NA
Rat4_bin.4	0.00374113	0.00093459	NA	NA	NA	NA	0.00200599	0.00289564	NA	NA	NA	NA	NA	0.00302927	NA	0.00377488	NA	NA	NA	NA	0.00326959	0.00347679	NA	0.00307229	NA	0.00245807	NA	NA	NA	NA	NA	NA	NA	NA	NA	NA	NA	NA	NA	NA	NA	NA	NA	NA	NA	NA	NA	NA	NA	NA	NA	NA	0.00132399
Rat4_bin.40	NA	0.00111486	NA	NA	NA	0.00448462	0.00274295	NA	NA	0.00392483	NA	0.00202340	NA	0.00221838	NA	0.00228420	NA	NA	0.00118048	NA	NA	0.00194961	NA	NA	0.00270821	0.00144351	NA	NA	NA	NA	NA	NA	NA	NA	NA	NA	NA	NA	NA	NA	NA	NA	NA	NA	NA	NA	NA	NA	NA	NA	NA	NA	NA
Rat4_bin.41	0.00824345	0.00348314	NA	NA	NA	0.00961768	0.00555816	0.00451755	NA	NA	NA	NA	NA	0.01065778	NA	0.01032659	NA	NA	NA	NA	0.00746666	NA	NA	NA	NA	0.00402773	NA	NA	NA	NA	NA	NA	NA	NA	NA	NA	NA	NA	NA	NA	NA	NA	NA	NA	NA	NA	NA	NA	NA	NA	NA	NA	NA
Rat4_bin.42	NA	0.00049216	NA	NA	NA	NA	NA	0.00060225	NA	NA	NA	NA	NA	0.00070122	NA	NA	NA	NA	0.00079848	0.00084247	NA	NA	0.00239963	NA	0.00052759	0.00162127	NA	NA	NA	NA	NA	0.00089287	NA	NA	NA	NA	NA	NA	NA	NA	NA	NA	NA	NA	NA	NA	NA	NA	NA	NA	NA	NA	NA
Rat4_bin.43	NA	0.00078840	NA	NA	NA	NA	NA	NA	NA	NA	NA	NA	NA	NA	NA	NA	NA	NA	NA	NA	0.00095860	NA	0.00170406	0.00115767	NA	NA	NA	NA	NA	NA	NA	NA	NA	NA	NA	NA	NA	NA	NA	NA	NA	NA	NA	NA	NA	NA	NA	NA	NA	NA	NA	NA	NA
Rat4_bin.46	NA	0.00291392	NA	NA	0.00161586	0.00208842	NA	0.00277973	NA	NA	NA	NA	NA	0.00555323	NA	NA	NA	NA	NA	NA	NA	NA	NA	NA	NA	NA	NA	NA	NA	NA	NA	NA	NA	NA	NA	NA	NA	NA	0.00437401	NA	NA	NA	NA	0.00798977	NA	NA	NA	NA	NA	NA	NA	NA	NA
Rat4_bin.47	NA	0.00199583	0.00099503	0.00123009	NA	0.00209017	0.00058894	0.00132423	0.00138483	NA	0.00116277	0.00119761	0.00109169	NA	NA	0.00243618	NA	NA	NA	0.00034967	NA	NA	0.00047607	NA	NA	NA	NA	NA	NA	NA	NA	NA	NA	NA	NA	NA	NA	NA	0.00221120	0.00111618	NA	NA	NA	NA	NA	0.00147143	0.00046130	0.00191320	NA	NA	0.00107831	NA	NA
Rat4_bin.50	0.01221154	0.01095592	NA	NA	0.00563582	0.01000773	NA	0.00773704	NA	0.00965064	NA	NA	NA	NA	NA	NA	NA	NA	0.01132559	NA	0.00637377	0.00751728	NA	NA	NA	0.00296675	NA	NA	NA	NA	NA	NA	NA	NA	NA	NA	NA	NA	NA	0.00503248	NA	NA	NA	NA	NA	NA	NA	NA	NA	NA	NA	NA	NA
Rat4_bin.51	0.00555741	0.00384730	NA	NA	NA	0.00686173	0.00107903	0.00357927	NA	0.00410764	NA	NA	NA	0.00741845	NA	0.00697905	NA	NA	NA	NA	NA	NA	0.00588301	NA	NA	NA	NA	NA	NA	NA	NA	NA	NA	NA	NA	NA	NA	NA	NA	NA	NA	NA	NA	NA	NA	NA	NA	NA	NA	NA	NA	NA	NA
Rat4_bin.55	0.00765691	0.00147994	NA	0.00151806	NA	NA	0.00137961	0.00131826	0.00072684	NA	NA	NA	NA	NA	NA	0.00234601	NA	NA	0.00162139	NA	0.00265415	0.00113008	NA	0.00079228	NA	0.00063557	NA	NA	NA	NA	NA	NA	NA	NA	NA	NA	NA	NA	NA	NA	NA	NA	NA	NA	NA	NA	NA	NA	NA	NA	NA	NA	NA
Rat4_bin.58	0.00143168	0.00181581	NA	NA	NA	NA	NA	NA	NA	NA	NA	NA	NA	NA	NA	NA	NA	NA	NA	NA	NA	NA	NA	NA	NA	NA	NA	NA	NA	NA	NA	NA	NA	NA	NA	NA	NA	NA	NA	NA	NA	NA	NA	NA	NA	NA	NA	NA	NA	NA	NA	NA	NA
Rat4_bin.60	0.00168475	0.00147773	NA	0.00093963	NA	0.00165456	NA	0.00070207	0.00100329	NA	NA	NA	0.00128994	NA	NA	NA	NA	NA	0.00155995	NA	0.00546865	0.00807034	0.00352540	0.00361135	NA	0.00377289	0.00522211	NA	NA	NA	NA	NA	NA	NA	NA	NA	NA	NA	NA	0.00054627	NA	NA	NA	NA	NA	NA	NA	NA	NA	NA	NA	NA	NA
Rat4_bin.65	NA	0.00375656	NA	NA	NA	0.00291597	0.00115512	0.00274455	NA	NA	NA	NA	0.00039820	NA	NA	NA	NA	NA	0.00360397	NA	0.00334890	NA	0.00731307	0.00374665	NA	0.00356370	NA	NA	NA	NA	NA	NA	NA	NA	NA	NA	NA	NA	NA	NA	NA	NA	NA	NA	NA	NA	NA	NA	NA	NA	NA	NA	NA
Rat4_bin.7	0.00473032	0.00483796	NA	NA	NA	0.00862385	NA	0.00501852	NA	0.00509526	NA	NA	NA	NA	NA	NA	NA	NA	NA	NA	NA	NA	0.00439707	NA	NA	NA	NA	NA	NA	NA	NA	NA	NA	NA	NA	NA	NA	NA	NA	NA	NA	NA	NA	NA	NA	NA	NA	NA	NA	NA	NA	NA	NA
Rat4_bin.74	NA	0.00104292	NA	NA	NA	NA	NA	NA	NA	0.00077245	NA	NA	NA	NA	NA	NA	NA	NA	NA	NA	NA	NA	NA	NA	NA	NA	NA	NA	NA	NA	NA	NA	NA	NA	NA	NA	NA	NA	NA	NA	0.00221866	NA	NA	NA	NA	NA	NA	NA	NA	NA	NA	NA	NA
Rat4_bin.75	0.00158777	0.00139725	0.00392215	0.00481008	0.00197798	0.00146284	0.00169325	0.00200386	0.00448548	0.00176769	NA	0.00622674	0.00433745	NA	NA	0.00242710	NA	NA	NA	NA	NA	NA	NA	NA	NA	NA	0.00347835	NA	NA	NA	NA	NA	NA	NA	NA	NA	NA	NA	NA	0.00388631	NA	NA	NA	NA	NA	0.00474560	0.00232041	0.00420732	0.00415489	NA	0.00204671	NA	NA
Rat4_bin.77	0.00116560	0.00136152	NA	NA	NA	0.00573826	0.00147497	0.00132766	NA	NA	NA	NA	NA	0.00393395	NA	0.00316284	NA	NA	0.00396784	NA	NA	NA	NA	NA	NA	NA	NA	NA	NA	NA	NA	NA	NA	NA	NA	NA	NA	NA	NA	NA	NA	NA	NA	NA	NA	NA	NA	NA	NA	NA	NA	NA	NA
Rat4_bin.78	0.00807921	0.00734875	0.00770911	0.01796260	0.00737538	0.00769470	0.00750209	0.00740428	NA	NA	0.02929523	0.01914339	0.01014903	NA	0.01055563	NA	0.00832793	NA	NA	0.02406547	0.00487331	NA	NA	0.00373282	NA	NA	NA	NA	NA	NA	NA	NA	0.02893443	0.01439777	NA	NA	NA	NA	NA	NA	0.03274516	NA	NA	NA	NA	NA	NA	NA	NA	NA	NA	NA	NA
Rat4_bin.79	0.00697880	0.00174543	NA	NA	0.00523594	0.00604742	0.00542390	0.00642503	NA	0.00308302	NA	NA	NA	0.00551486	NA	0.00629329	NA	NA	0.00616006	NA	NA	0.00494319	NA	NA	0.00427934	NA	NA	NA	NA	NA	NA	NA	NA	NA	NA	NA	NA	NA	NA	0.00282989	NA	NA	NA	NA	NA	NA	0.00312854	NA	NA	NA	NA	NA	NA
Rat4_bin.80	0.00103650	0.00186384	NA	NA	NA	NA	NA	NA	NA	NA	NA	NA	NA	NA	NA	0.00172028	NA	NA	0.00230662	NA	0.00290484	0.00268993	0.00292247	0.00220222	NA	0.00286830	0.00079757	NA	NA	NA	NA	NA	NA	NA	NA	NA	NA	NA	NA	NA	NA	NA	NA	NA	NA	NA	NA	NA	NA	NA	NA	NA	NA
Rat4_bin.85	0.00140914	0.00189529	NA	NA	NA	0.00090620	0.00137428	0.00148845	NA	0.00165618	NA	NA	NA	0.00237207	NA	NA	NA	NA	0.00177981	NA	NA	0.00233435	0.00111578	NA	NA	NA	NA	NA	NA	NA	NA	NA	NA	NA	NA	NA	NA	NA	NA	NA	NA	NA	NA	NA	NA	NA	NA	NA	NA	NA	NA	NA	NA
Rat4_bin.89	0.00159487	0.00068228	0.00106912	NA	0.00048532	0.00175655	NA	NA	NA	NA	NA	0.00051233	NA	NA	NA	NA	NA	NA	NA	0.00054679	NA	NA	NA	0.00067386	NA	NA	0.00154427	0.00078102	0.00113102	NA	NA	0.00077069	NA	NA	NA	NA	NA	NA	NA	0.00087222	NA	0.00061706	NA	NA	NA	NA	NA	NA	NA	NA	NA	NA	0.00074273
Rat4_bin.9	0.00623792	0.00404073	NA	NA	NA	NA	NA	0.00440707	NA	0.00410248	NA	NA	NA	0.00432398	NA	0.00585830	NA	NA	0.00572484	NA	0.00844147	0.00775847	0.00580528	0.00984822	0.00556309	0.00434848	0.00435162	NA	NA	NA	NA	NA	NA	NA	NA	NA	NA	NA	NA	NA	NA	NA	NA	NA	NA	NA	NA	NA	NA	NA	NA	NA	NA
Rat4_bin.90	NA	0.00103600	NA	0.00198955	NA	NA	0.00159754	0.00142218	0.00126269	NA	NA	0.00100892	NA	0.00130181	NA	0.00275971	NA	NA	0.00335947	NA	NA	NA	NA	NA	NA	0.00199904	NA	NA	NA	NA	NA	NA	NA	NA	NA	NA	NA	NA	NA	NA	NA	NA	NA	NA	NA	NA	NA	NA	NA	NA	NA	NA	NA
Rat4_bin.91	NA	0.00122186	NA	NA	0.00108853	NA	NA	0.00084405	NA	NA	NA	NA	NA	0.00157917	NA	0.00218441	NA	NA	NA	NA	NA	NA	NA	0.00186945	NA	NA	0.00052416	NA	NA	NA	NA	NA	NA	NA	NA	NA	NA	NA	NA	NA	NA	NA	NA	NA	NA	NA	NA	NA	NA	NA	NA	NA	0.00124817
Rat50_bin.1	0.00218202	0.00111303	NA	NA	0.00215291	0.00103086	0.00275315	0.00210616	NA	0.00257810	NA	NA	NA	NA	NA	0.00170669	NA	NA	0.00189782	NA	0.00138512	0.00096974	0.00142462	0.00060602	NA	0.00116050	0.00114161	NA	NA	NA	NA	NA	NA	NA	NA	NA	NA	NA	NA	NA	NA	NA	NA	NA	NA	NA	NA	NA	NA	NA	NA	NA	NA
Rat50_bin.10	0.00798929	0.00840066	NA	NA	0.01684136	0.00152597	0.00882135	0.00643960	NA	0.00583793	NA	NA	NA	NA	NA	NA	NA	NA	0.00951756	NA	0.00496847	0.00437131	0.00376593	0.00453882	0.00774385	0.00497853	0.00153786	NA	NA	NA	0.00981530	NA	NA	NA	NA	NA	NA	NA	NA	NA	NA	NA	NA	NA	NA	NA	NA	NA	NA	NA	NA	NA	NA
Rat50_bin.11	0.00251086	0.00202042	NA	NA	0.00263135	0.00231295	0.00185430	0.00253414	NA	0.00177193	NA	NA	NA	0.00127539	NA	0.00159447	NA	NA	0.00173593	NA	0.00105362	0.00180490	0.00096784	NA	NA	0.00062569	NA	NA	NA	NA	NA	NA	NA	NA	NA	NA	NA	NA	NA	NA	NA	NA	NA	0.00223184	NA	NA	NA	NA	NA	NA	NA	NA	NA
Rat50_bin.13	NA	NA	NA	NA	NA	NA	NA	NA	NA	0.00234712	NA	NA	NA	NA	NA	NA	NA	NA	NA	NA	NA	0.00225661	0.00425350	0.00134050	0.00092118	NA	0.00304696	NA	NA	NA	NA	NA	NA	NA	NA	NA	NA	NA	NA	0.00574042	NA	NA	NA	0.00929075	NA	NA	NA	NA	NA	NA	NA	NA	NA
Rat50_bin.14	NA	NA	NA	NA	NA	NA	NA	NA	NA	NA	NA	NA	NA	NA	NA	NA	NA	NA	NA	NA	0.00271259	0.00167067	0.00132631	NA	0.00363967	0.00363129	0.00089253	NA	NA	NA	NA	NA	NA	NA	NA	NA	NA	NA	NA	NA	NA	NA	NA	NA	NA	NA	NA	NA	NA	NA	NA	NA	NA
Rat50_bin.16	0.00223668	0.00194615	NA	NA	NA	0.00193584	0.00146684	0.00201963	NA	0.00235796	NA	NA	NA	0.00230002	NA	0.00214139	NA	NA	0.00212949	NA	0.00229081	0.00226721	0.00203147	0.00254072	0.00066343	0.00123680	0.00082073	NA	NA	NA	NA	NA	NA	NA	NA	NA	NA	NA	NA	0.00223359	NA	NA	NA	NA	NA	NA	0.00194537	NA	NA	NA	NA	NA	NA
Rat50_bin.18	0.00330314	0.00207174	NA	0.00137848	NA	NA	0.00123327	NA	NA	NA	NA	NA	0.00366560	NA	NA	NA	NA	NA	0.00237239	NA	0.00369484	0.00607071	0.00446803	0.00357181	NA	0.00367752	0.00208085	NA	NA	NA	NA	NA	NA	NA	NA	NA	NA	NA	NA	NA	NA	NA	NA	NA	NA	NA	NA	NA	NA	NA	NA	NA	NA
Rat50_bin.19	NA	NA	NA	0.00165124	NA	NA	NA	NA	NA	NA	NA	0.00222026	NA	NA	NA	NA	NA	NA	0.00212748	NA	NA	0.00143297	NA	0.00069743	NA	NA	NA	NA	NA	NA	NA	NA	NA	NA	NA	NA	NA	NA	NA	NA	NA	NA	NA	NA	NA	0.00241322	NA	NA	0.00093818	NA	NA	NA	NA
Rat50_bin.20	0.00507961	0.00118019	NA	NA	NA	NA	0.00132819	0.00291447	NA	NA	NA	NA	0.00318188	NA	NA	0.00331109	NA	NA	NA	NA	0.00817689	0.00534798	0.00465781	0.00941373	NA	0.00398210	0.00324968	NA	NA	NA	NA	NA	NA	NA	NA	NA	NA	NA	NA	NA	NA	NA	NA	NA	NA	NA	NA	NA	NA	NA	NA	NA	NA
Rat50_bin.22	0.00390092	NA	NA	NA	NA	0.00210742	0.00273205	0.00120345	NA	0.00188126	NA	NA	NA	NA	NA	NA	NA	NA	0.00268590	NA	0.00148600	0.00113651	0.00232284	0.00428490	NA	NA	0.00263638	NA	NA	NA	NA	NA	NA	NA	NA	NA	NA	NA	NA	NA	NA	NA	NA	NA	NA	NA	NA	NA	NA	NA	NA	NA	NA
Rat50_bin.25	0.00164111	0.00163509	NA	NA	NA	NA	0.00166182	0.00171482	NA	0.00128690	NA	NA	NA	0.00175400	NA	0.00200027	NA	NA	0.00266244	NA	NA	0.00098698	0.00147584	NA	NA	NA	NA	NA	NA	NA	NA	NA	NA	NA	NA	NA	NA	NA	NA	NA	NA	NA	NA	NA	NA	NA	NA	NA	NA	NA	NA	NA	NA
Rat50_bin.27	0.00435017	0.00478987	NA	NA	0.00368199	0.00448112	0.00402043	0.00484801	NA	0.00413922	NA	NA	NA	0.00485722	NA	0.00508615	NA	NA	0.00487742	NA	0.00369723	0.00373428	0.00477873	0.00398797	0.00240668	0.00353320	0.00252007	NA	NA	NA	NA	NA	NA	NA	NA	NA	NA	NA	NA	0.00365353	NA	NA	NA	0.00477601	NA	NA	0.00475096	NA	NA	NA	NA	NA	0.00308096
Rat50_bin.31	NA	0.00173064	NA	0.00132752	NA	NA	0.00085182	0.00242465	0.00464848	NA	NA	0.00081037	0.00093796	NA	NA	0.00085860	NA	NA	0.00098530	NA	0.00071659	0.00093512	0.00116995	0.00094469	NA	0.00321392	0.00052135	NA	NA	NA	NA	NA	NA	NA	NA	NA	NA	NA	NA	NA	NA	NA	NA	NA	NA	0.00296405	NA	0.00239063	NA	NA	NA	NA	NA
Rat50_bin.32	0.01167478	0.00298801	NA	NA	0.00359906	NA	0.00635838	0.00553666	NA	0.00219718	NA	NA	NA	0.00211314	NA	NA	NA	NA	0.00921499	NA	0.00327983	0.00149492	0.00140575	0.00183077	NA	0.00100789	0.00190123	NA	NA	NA	0.00093890	NA	NA	NA	NA	NA	NA	NA	NA	NA	NA	NA	NA	NA	NA	NA	NA	NA	NA	NA	NA	NA	NA
Rat50_bin.41	NA	NA	NA	NA	NA	NA	0.00161281	0.00140009	NA	NA	NA	NA	0.00181244	NA	NA	NA	NA	NA	0.00351088	NA	NA	0.00070585	NA	NA	NA	NA	NA	NA	NA	NA	NA	NA	NA	NA	NA	NA	NA	NA	NA	NA	NA	NA	NA	NA	NA	NA	NA	NA	NA	NA	NA	NA	NA
Rat50_bin.42	0.00465815	0.00500257	NA	NA	0.00463503	0.00473631	0.00473316	0.00389871	NA	0.00463321	NA	NA	NA	0.00507007	NA	0.00524675	NA	NA	0.00482586	NA	0.00325042	0.00455877	0.00204643	0.00429490	0.00237185	0.00447834	0.00308232	NA	NA	NA	NA	NA	NA	NA	NA	NA	NA	NA	NA	NA	NA	NA	NA	0.00480805	NA	NA	NA	NA	NA	NA	NA	NA	NA
Rat50_bin.43	NA	NA	NA	NA	NA	NA	NA	0.00126202	NA	NA	NA	NA	NA	NA	NA	NA	NA	NA	NA	NA	0.00253775	0.00397990	0.00453544	NA	NA	NA	0.00077363	NA	NA	NA	NA	NA	NA	NA	NA	NA	NA	NA	NA	0.00069814	NA	NA	NA	NA	NA	NA	NA	NA	NA	NA	NA	NA	NA
Rat50_bin.46	NA	0.00274944	NA	NA	NA	NA	NA	NA	NA	NA	NA	NA	NA	NA	NA	0.00168400	NA	NA	0.00291908	NA	0.00230832	0.00157733	0.00207278	0.00262011	NA	0.00270213	0.00076736	NA	NA	NA	NA	NA	NA	NA	NA	NA	NA	NA	NA	NA	NA	NA	NA	NA	NA	NA	NA	NA	NA	NA	NA	NA	NA
Rat50_bin.49	0.00249812	0.00249974	NA	NA	NA	0.00276359	0.00447217	0.00246575	NA	0.00476228	NA	NA	NA	0.00660327	NA	0.00721780	NA	NA	0.00234571	NA	0.00731863	0.00246787	0.00196965	0.00896095	0.01442390	0.00779530	0.00855305	NA	NA	NA	NA	NA	NA	NA	NA	NA	NA	NA	NA	NA	NA	NA	NA	NA	NA	NA	NA	NA	NA	NA	NA	NA	NA
Rat50_bin.54	NA	NA	NA	NA	NA	NA	NA	NA	NA	NA	NA	NA	NA	NA	NA	NA	NA	NA	NA	NA	NA	0.00075368	NA	0.00532472	NA	NA	0.00597977	NA	NA	NA	NA	NA	NA	NA	NA	NA	NA	NA	NA	NA	NA	NA	NA	NA	NA	NA	NA	NA	NA	NA	NA	NA	NA
Rat50_bin.58	0.00409230	NA	NA	NA	NA	NA	NA	NA	NA	NA	NA	NA	NA	NA	NA	NA	NA	NA	0.00635687	NA	NA	0.00410971	NA	NA	NA	NA	NA	NA	NA	NA	NA	NA	NA	NA	NA	NA	NA	NA	NA	NA	NA	NA	NA	NA	NA	NA	NA	NA	NA	NA	NA	NA	NA
Rat50_bin.59	NA	0.00088735	NA	NA	NA	0.00082488	NA	NA	NA	NA	NA	NA	NA	0.00208088	NA	NA	NA	NA	0.00104660	NA	NA	0.00085676	NA	NA	0.00070212	NA	NA	NA	NA	NA	NA	NA	NA	NA	NA	NA	NA	NA	NA	NA	NA	NA	NA	NA	NA	NA	NA	NA	NA	NA	NA	NA	NA
Rat50_bin.6	NA	0.00107901	NA	NA	0.00086796	0.00083480	NA	NA	NA	NA	NA	NA	NA	NA	NA	0.00165492	NA	NA	NA	NA	NA	0.00278757	0.00090664	NA	0.00051327	NA	NA	NA	NA	NA	NA	NA	NA	NA	NA	NA	NA	NA	NA	NA	NA	NA	NA	NA	NA	NA	NA	NA	NA	NA	NA	NA	NA
Rat50_bin.60	NA	NA	NA	NA	NA	NA	NA	NA	NA	NA	NA	NA	NA	NA	NA	NA	NA	NA	NA	NA	0.00072179	0.00106209	NA	0.00074844	0.00055533	0.00063555	0.00054203	NA	NA	NA	NA	NA	NA	NA	NA	NA	NA	NA	NA	NA	NA	NA	NA	NA	NA	0.00085420	NA	NA	NA	NA	NA	NA	NA
Rat50_bin.7	0.00264263	0.00610868	NA	NA	0.00271975	0.00407780	0.00893674	0.00849798	NA	NA	NA	NA	NA	0.00375119	NA	0.00147486	NA	NA	NA	NA	0.00641481	0.00229752	0.00369768	NA	0.00158826	0.00416806	0.00160174	NA	NA	NA	NA	NA	NA	NA	NA	NA	NA	NA	NA	NA	NA	NA	NA	NA	NA	NA	NA	NA	NA	NA	NA	NA	NA
Rat51_bin.1	NA	NA	NA	NA	NA	0.00627060	NA	NA	NA	NA	NA	NA	NA	NA	NA	NA	NA	NA	NA	NA	0.00427841	0.00413344	0.00566046	0.00453921	0.00109843	NA	0.00046091	NA	NA	NA	NA	NA	NA	NA	NA	NA	NA	NA	NA	NA	NA	NA	NA	NA	NA	NA	NA	NA	NA	NA	NA	NA	NA
Rat51_bin.10	NA	NA	NA	NA	NA	NA	NA	NA	NA	0.00132627	NA	NA	NA	NA	NA	NA	NA	NA	NA	NA	0.00032390	0.00126764	0.00060770	NA	0.00092712	0.00145301	NA	NA	NA	NA	NA	NA	NA	NA	NA	NA	NA	NA	NA	NA	NA	NA	NA	NA	NA	NA	NA	NA	NA	NA	NA	NA	NA
Rat51_bin.12	NA	NA	NA	NA	NA	NA	NA	NA	NA	NA	NA	NA	NA	NA	NA	NA	NA	NA	NA	NA	NA	0.00047609	0.00197769	NA	NA	NA	0.00310103	NA	NA	NA	NA	NA	NA	NA	NA	NA	NA	NA	NA	NA	NA	NA	NA	NA	NA	NA	NA	NA	NA	NA	NA	NA	NA
Rat51_bin.17	NA	NA	NA	NA	NA	NA	NA	NA	NA	NA	NA	NA	NA	NA	NA	NA	NA	NA	NA	NA	NA	NA	0.00154200	NA	NA	NA	NA	NA	NA	NA	NA	NA	NA	NA	NA	NA	NA	NA	NA	NA	NA	NA	NA	NA	NA	NA	NA	NA	NA	NA	NA	NA	NA
Rat51_bin.18	NA	0.00087265	NA	NA	NA	NA	NA	NA	NA	NA	NA	NA	NA	NA	NA	NA	NA	NA	NA	NA	0.00091677	NA	0.00121601	0.00122454	NA	NA	NA	NA	NA	NA	NA	NA	NA	NA	NA	NA	NA	NA	NA	NA	NA	NA	NA	NA	NA	NA	NA	NA	NA	NA	NA	NA	NA
Rat51_bin.23	0.00181064	0.00187016	NA	NA	NA	0.00122481	0.00305596	0.00196215	NA	0.00197659	NA	NA	NA	0.00388295	NA	NA	NA	NA	0.00216189	NA	0.00079343	0.00273081	0.00099699	0.00335172	NA	NA	0.00093646	NA	NA	NA	NA	NA	NA	NA	NA	NA	NA	NA	NA	NA	NA	NA	NA	NA	NA	NA	NA	NA	NA	NA	NA	NA	NA
Rat51_bin.24	NA	NA	NA	NA	NA	NA	NA	NA	NA	NA	NA	NA	NA	NA	NA	NA	NA	NA	NA	NA	NA	NA	0.00158576	NA	NA	NA	NA	NA	NA	NA	NA	NA	NA	NA	NA	NA	NA	NA	NA	NA	NA	NA	NA	NA	NA	NA	NA	NA	NA	NA	NA	NA	NA
Rat51_bin.26	NA	NA	NA	NA	NA	NA	NA	NA	NA	NA	NA	NA	NA	NA	NA	NA	NA	NA	NA	NA	NA	0.00267725	0.00400718	NA	NA	NA	NA	NA	NA	NA	NA	NA	NA	NA	NA	NA	NA	NA	NA	NA	NA	NA	NA	NA	NA	NA	NA	NA	NA	NA	NA	NA	NA
Rat51_bin.27	NA	NA	NA	NA	NA	NA	NA	NA	NA	NA	NA	NA	NA	NA	NA	NA	NA	NA	NA	NA	NA	NA	0.00098128	NA	0.00132093	NA	NA	NA	NA	NA	NA	NA	NA	NA	NA	NA	NA	NA	NA	NA	NA	NA	NA	NA	NA	NA	NA	NA	NA	NA	NA	NA	NA
Rat51_bin.30	0.00674359	0.00558373	NA	NA	NA	0.00783027	0.00138303	0.00576296	NA	0.00484911	NA	NA	NA	0.00864817	NA	0.00806960	NA	NA	NA	NA	NA	NA	0.00524431	NA	NA	NA	NA	NA	NA	NA	NA	NA	NA	NA	NA	NA	NA	NA	NA	NA	NA	NA	NA	NA	NA	NA	NA	NA	NA	NA	NA	NA	NA
Rat51_bin.31	NA	0.00284449	NA	NA	NA	0.00057793	NA	NA	NA	0.00295947	NA	NA	NA	NA	NA	NA	NA	NA	NA	NA	NA	0.00269201	0.00086613	0.00190682	NA	0.00040025	0.00161905	NA	NA	NA	NA	NA	NA	NA	NA	NA	NA	NA	NA	NA	NA	NA	NA	NA	NA	NA	NA	NA	NA	NA	NA	NA	NA
Rat51_bin.32	NA	NA	NA	NA	NA	NA	NA	NA	NA	NA	NA	NA	NA	NA	NA	NA	NA	NA	NA	NA	NA	0.02086729	0.01176585	NA	NA	NA	0.01467839	NA	NA	NA	NA	NA	NA	NA	NA	NA	NA	NA	NA	NA	NA	NA	NA	NA	NA	NA	NA	NA	NA	NA	NA	NA	NA
Rat51_bin.33	0.00119795	0.00223085	NA	NA	NA	0.00157663	0.00104739	0.00273115	NA	NA	NA	NA	NA	0.00219072	NA	0.00173911	NA	NA	NA	NA	NA	0.00115991	0.00106196	NA	0.00057640	0.00045417	0.00045091	NA	NA	NA	NA	NA	NA	NA	NA	NA	NA	NA	NA	NA	NA	NA	NA	NA	NA	NA	NA	NA	NA	NA	NA	NA	NA
Rat51_bin.36	NA	NA	NA	NA	NA	NA	NA	NA	NA	NA	NA	NA	NA	NA	NA	NA	NA	NA	NA	NA	NA	NA	0.00898572	NA	0.00389477	0.00149849	NA	NA	NA	NA	NA	NA	NA	NA	NA	NA	NA	NA	NA	NA	NA	NA	NA	NA	NA	NA	NA	NA	NA	NA	NA	NA	NA
Rat51_bin.38	NA	NA	NA	NA	NA	NA	NA	NA	NA	NA	NA	NA	NA	NA	NA	NA	NA	NA	NA	NA	NA	0.00149679	0.00151119	NA	NA	NA	NA	NA	NA	NA	NA	NA	NA	NA	NA	NA	NA	NA	NA	NA	NA	NA	NA	NA	NA	NA	NA	NA	NA	NA	NA	NA	NA
Rat51_bin.48	NA	NA	NA	NA	NA	NA	NA	NA	NA	0.00139893	NA	NA	NA	NA	NA	NA	NA	NA	NA	NA	NA	0.00324609	0.00144830	NA	NA	NA	NA	NA	NA	NA	NA	NA	NA	NA	NA	NA	NA	NA	NA	NA	NA	NA	NA	NA	NA	NA	NA	NA	NA	NA	NA	NA	NA
Rat51_bin.49	NA	NA	NA	NA	NA	NA	NA	NA	NA	NA	NA	NA	NA	NA	NA	NA	NA	NA	NA	NA	NA	0.00337273	0.00322596	NA	0.00114223	NA	0.00483387	NA	NA	NA	NA	NA	NA	NA	NA	NA	NA	NA	NA	NA	NA	NA	NA	NA	NA	NA	NA	NA	NA	NA	NA	NA	NA
Rat51_bin.5	NA	NA	NA	NA	NA	NA	NA	NA	NA	NA	NA	NA	NA	NA	NA	NA	NA	NA	0.00211454	NA	NA	NA	0.00297684	NA	NA	NA	0.00087335	NA	NA	NA	NA	NA	NA	NA	NA	NA	NA	NA	NA	NA	NA	NA	NA	NA	NA	NA	NA	NA	NA	NA	NA	NA	NA
Rat51_bin.53	0.00296562	NA	0.00115705	0.00104145	NA	NA	0.00162542	0.00140456	0.00220715	NA	NA	NA	NA	NA	NA	0.00267276	NA	NA	0.00149787	NA	0.00175611	0.00178157	0.00152828	0.00212896	NA	0.00171256	NA	NA	NA	NA	NA	NA	NA	NA	NA	NA	NA	NA	NA	NA	NA	NA	NA	NA	NA	NA	NA	NA	NA	NA	NA	NA	NA
Rat51_bin.54	0.00235266	NA	NA	NA	NA	0.00345972	0.00113359	0.00221527	NA	0.00122941	NA	NA	NA	0.00227538	NA	0.00212496	NA	NA	NA	NA	0.00280220	0.00107974	0.00162138	NA	0.00437109	0.00320787	0.00277364	NA	NA	NA	NA	NA	NA	NA	NA	NA	NA	NA	NA	NA	NA	NA	NA	NA	NA	NA	NA	NA	NA	NA	NA	NA	NA
Rat51_bin.57	NA	NA	NA	NA	NA	NA	0.00287496	NA	NA	NA	NA	NA	NA	NA	NA	NA	NA	NA	NA	NA	0.00159089	0.00424161	0.00300480	NA	NA	0.00090965	0.00137321	NA	NA	NA	NA	NA	NA	NA	NA	NA	NA	NA	NA	NA	NA	NA	NA	NA	NA	NA	NA	NA	NA	NA	NA	NA	NA
Rat51_bin.58	NA	NA	NA	NA	NA	NA	NA	NA	NA	NA	NA	NA	NA	NA	NA	NA	NA	NA	NA	NA	NA	0.00466842	0.00600138	NA	0.00474042	NA	0.00446404	NA	NA	NA	NA	NA	NA	NA	NA	NA	NA	NA	NA	NA	NA	NA	NA	NA	NA	NA	NA	NA	NA	NA	NA	NA	NA
Rat51_bin.59	0.00194223	0.00369765	NA	NA	NA	0.00218110	0.00233515	0.00315108	NA	0.00236685	NA	NA	NA	0.00480848	NA	0.00245437	NA	NA	0.00255682	NA	0.00287430	0.00206873	0.00123455	NA	0.00147796	0.00369260	0.00208963	NA	NA	NA	NA	NA	NA	NA	NA	NA	NA	NA	NA	NA	NA	NA	NA	0.00339013	NA	NA	0.00086528	NA	NA	NA	NA	NA	NA
Rat51_bin.65	NA	0.00067051	NA	NA	NA	NA	NA	0.00045261	NA	NA	NA	NA	NA	0.00072529	NA	NA	NA	NA	NA	0.00065486	NA	NA	0.00190091	NA	0.00052919	0.00195914	NA	NA	NA	NA	NA	0.00054740	NA	NA	NA	NA	NA	NA	NA	NA	NA	NA	NA	NA	NA	NA	NA	NA	NA	NA	NA	NA	NA
Rat51_bin.66	NA	0.00257461	NA	NA	NA	NA	NA	NA	NA	NA	NA	NA	NA	NA	NA	0.00157289	NA	NA	0.00237002	NA	0.00224101	0.00155012	0.00153877	0.00201283	NA	0.00277529	0.00072001	NA	NA	NA	NA	NA	NA	NA	NA	NA	NA	NA	NA	NA	NA	NA	NA	NA	NA	NA	NA	NA	NA	NA	NA	NA	NA
Rat51_bin.69	NA	NA	NA	NA	NA	NA	NA	NA	NA	0.00327204	NA	NA	NA	0.01232909	NA	0.01145332	NA	NA	NA	NA	NA	0.00204300	0.00345022	NA	0.00119273	0.00066953	NA	NA	NA	NA	NA	NA	NA	NA	NA	NA	NA	NA	NA	NA	NA	NA	NA	NA	NA	NA	NA	NA	NA	NA	NA	NA	NA
Rat51_bin.7	0.00450248	0.00364570	0.00482037	0.00650133	NA	0.00354098	0.00405575	0.00493626	0.00563091	0.00276088	0.00371359	0.00770965	0.00544721	NA	NA	0.00382365	NA	NA	NA	NA	NA	NA	0.00237809	0.00275670	NA	NA	0.00424948	NA	NA	NA	NA	0.00297043	NA	NA	NA	NA	NA	NA	NA	0.00527618	NA	NA	NA	NA	NA	0.00472465	0.00311385	0.00487886	0.00645885	NA	0.00249226	NA	NA
Rat51_bin.70	NA	NA	NA	NA	NA	NA	NA	NA	NA	NA	NA	NA	NA	NA	NA	NA	NA	NA	NA	NA	NA	NA	0.00139869	NA	NA	NA	NA	NA	NA	NA	NA	NA	NA	NA	NA	NA	NA	NA	NA	NA	NA	NA	NA	NA	NA	NA	NA	NA	NA	NA	NA	NA	NA
Rat51_bin.9	0.00325235	NA	NA	NA	NA	0.00147624	0.00246472	0.00126521	NA	0.00247152	NA	NA	NA	NA	NA	NA	NA	NA	0.00251847	NA	0.00110013	0.00215109	0.00194244	0.00244677	NA	NA	0.00247636	NA	NA	NA	NA	NA	NA	NA	NA	NA	NA	NA	NA	NA	NA	NA	NA	NA	NA	NA	NA	NA	NA	NA	NA	NA	NA
Rat52_bin.1	NA	0.00470242	NA	NA	NA	NA	0.00434555	NA	NA	NA	NA	NA	NA	NA	NA	NA	NA	NA	NA	NA	0.00560342	0.00331036	0.00415012	0.00275483	0.00054997	0.00456706	0.00224964	NA	NA	NA	NA	NA	NA	NA	NA	NA	NA	NA	0.00102288	0.00074113	NA	NA	NA	0.01445005	NA	NA	0.00731266	NA	NA	NA	NA	NA	NA
Rat52_bin.13	0.00088447	NA	NA	NA	0.00218529	NA	NA	0.00067847	NA	NA	NA	NA	NA	NA	NA	NA	NA	NA	NA	NA	0.00071163	NA	NA	0.00083158	NA	NA	NA	NA	NA	NA	NA	NA	NA	NA	NA	NA	NA	NA	NA	0.00111147	NA	NA	NA	NA	NA	NA	NA	NA	NA	NA	NA	NA	NA
Rat52_bin.14	NA	0.00183951	NA	0.00157591	NA	NA	0.00152786	0.00146739	0.00075313	NA	NA	NA	NA	NA	NA	NA	NA	NA	0.00161953	NA	0.00191321	0.00118404	NA	0.00071295	NA	0.00068663	NA	NA	NA	NA	NA	NA	NA	NA	NA	NA	NA	NA	NA	NA	NA	NA	NA	NA	NA	NA	NA	NA	NA	NA	NA	NA	NA
Rat52_bin.16	0.02358866	0.02487690	0.03521753	0.03615892	0.00760970	0.01156329	0.01507745	0.02444827	0.03661073	0.02182287	0.03893950	0.02583288	0.02899216	NA	0.03474951	NA	0.03011307	0.03618567	NA	0.03044589	0.01754782	NA	NA	0.00545164	NA	NA	NA	0.03928882	0.02557081	0.03799203	0.03581428	0.03896608	0.03991031	0.04136464	0.03996708	0.03879223	0.02553994	0.03255448	0.02473903	NA	0.04474136	0.02091595	0.03578683	NA	NA	0.02915145	0.02371857	0.03566272	NA	0.04410836	0.03414170	0.02328541	NA
Rat52_bin.19	0.01003688	0.00640475	NA	NA	NA	0.00350362	0.00360945	0.00493452	NA	0.00323390	NA	NA	NA	NA	NA	NA	NA	NA	0.00450276	NA	0.00529934	0.00630220	0.00619649	0.00419303	NA	0.00412512	0.00417457	NA	NA	NA	NA	NA	NA	NA	NA	NA	NA	NA	NA	NA	NA	NA	NA	0.00436227	NA	NA	NA	NA	NA	NA	NA	NA	NA
Rat52_bin.23	NA	NA	0.00450282	0.00106154	NA	NA	0.00268744	0.00338085	NA	NA	NA	NA	0.00178029	NA	NA	NA	NA	NA	NA	NA	0.00194748	0.00204403	0.00231547	0.00156767	0.00082912	0.00120987	0.00158951	NA	NA	NA	NA	NA	NA	NA	NA	NA	NA	NA	0.00336824	0.00807062	NA	NA	NA	NA	NA	NA	0.00557035	NA	NA	NA	NA	NA	NA
Rat52_bin.24	NA	NA	NA	0.00170941	NA	NA	NA	NA	NA	NA	NA	0.00196531	NA	NA	NA	NA	NA	NA	0.00247736	NA	NA	0.00249143	NA	0.00075799	NA	NA	NA	NA	NA	NA	NA	NA	NA	NA	NA	NA	NA	NA	NA	NA	NA	NA	NA	NA	NA	0.00276579	NA	NA	0.00096447	NA	NA	NA	NA
Rat52_bin.25	NA	NA	0.00398723	NA	NA	NA	NA	NA	NA	NA	NA	NA	NA	NA	NA	NA	NA	0.00127144	NA	NA	NA	NA	NA	0.00144188	NA	NA	NA	NA	NA	NA	NA	NA	NA	NA	NA	NA	NA	NA	NA	NA	NA	NA	NA	NA	NA	NA	NA	NA	NA	NA	NA	NA	NA
Rat52_bin.28	NA	0.00210258	NA	NA	0.00124094	NA	NA	0.00093258	0.00180080	NA	NA	NA	NA	0.00154603	NA	0.00254229	NA	NA	NA	NA	0.00359696	NA	NA	0.00223532	0.00104259	NA	0.00098651	NA	NA	NA	NA	NA	NA	NA	NA	NA	NA	NA	NA	NA	NA	NA	NA	NA	NA	NA	NA	NA	NA	0.00117471	NA	NA	0.00159876
Rat52_bin.29	NA	NA	NA	NA	NA	NA	NA	NA	NA	NA	NA	NA	NA	NA	NA	NA	NA	NA	NA	NA	0.00079097	0.00434451	NA	0.00063213	NA	NA	NA	NA	NA	NA	NA	NA	NA	NA	NA	NA	NA	NA	NA	0.00125534	NA	NA	NA	NA	NA	NA	NA	NA	NA	NA	NA	NA	NA
Rat52_bin.3	0.00920986	0.00873890	0.00936557	0.01958574	0.00839593	0.01009604	0.00926829	0.00870912	0.03002381	NA	0.03264219	0.02073094	0.01238879	NA	0.01176270	NA	0.00949764	NA	NA	0.02548768	0.00596470	NA	NA	0.00251869	NA	NA	NA	NA	NA	NA	NA	0.02262381	0.03076081	0.01569933	0.02328959	0.01704288	NA	NA	NA	NA	0.03421123	NA	NA	NA	NA	NA	NA	NA	NA	NA	NA	NA	NA
Rat52_bin.30	NA	NA	NA	NA	0.00085359	NA	NA	NA	NA	NA	NA	NA	NA	NA	NA	NA	NA	NA	0.00157865	NA	NA	0.00109894	NA	0.00063282	NA	NA	NA	NA	NA	NA	NA	NA	NA	NA	NA	NA	NA	NA	0.00105284	0.00188817	NA	NA	NA	NA	NA	NA	NA	NA	NA	NA	NA	NA	NA
Rat52_bin.32	NA	NA	NA	NA	NA	NA	NA	NA	NA	NA	NA	NA	NA	NA	NA	NA	NA	NA	NA	NA	0.00191818	NA	NA	0.00231674	NA	NA	NA	NA	NA	NA	NA	NA	NA	NA	NA	NA	NA	NA	NA	NA	NA	NA	NA	NA	NA	NA	NA	NA	NA	NA	NA	NA	NA
Rat52_bin.35	NA	0.00328398	NA	NA	NA	0.00380595	NA	NA	NA	0.00380374	NA	0.00223237	0.00421427	NA	NA	0.00513690	NA	NA	NA	NA	0.00078545	0.00130345	0.00217358	0.00215904	NA	0.00082452	0.00289846	NA	NA	NA	NA	NA	NA	NA	NA	NA	NA	NA	0.00119364	0.00298229	0.00179001	NA	NA	0.01100427	NA	0.00393192	NA	0.00342710	0.00362381	NA	0.00183702	0.00355103	NA
Rat52_bin.36	0.00361323	0.00445341	NA	NA	0.00349938	0.00363712	0.00303006	0.00415358	NA	0.00348816	NA	NA	NA	0.00432729	NA	0.00456165	NA	NA	0.00502319	NA	0.00331149	0.00462724	0.00457731	0.00257874	0.00173523	0.00359416	0.00171099	NA	NA	NA	NA	NA	NA	NA	NA	NA	NA	NA	NA	0.00207085	NA	NA	NA	0.00500743	NA	NA	NA	NA	NA	NA	NA	NA	0.00156116
Rat52_bin.37	NA	NA	NA	NA	NA	0.00096048	NA	0.00046690	NA	NA	NA	NA	NA	NA	NA	0.00080480	NA	NA	0.00123029	NA	NA	0.00065071	NA	0.00062751	NA	NA	NA	NA	NA	NA	NA	NA	NA	NA	NA	NA	NA	NA	NA	NA	NA	NA	NA	NA	NA	NA	NA	NA	NA	NA	NA	NA	NA
Rat52_bin.38	NA	NA	NA	NA	NA	NA	NA	NA	NA	NA	NA	NA	NA	NA	NA	NA	NA	NA	0.00431816	NA	0.00163761	0.00381948	NA	0.00149846	NA	NA	0.00116444	NA	NA	NA	NA	NA	NA	NA	NA	NA	NA	NA	NA	NA	NA	NA	NA	NA	NA	NA	NA	NA	NA	NA	NA	NA	NA
Rat52_bin.4	NA	NA	NA	NA	NA	0.00655441	0.00550293	0.00625694	NA	NA	NA	NA	NA	NA	NA	NA	NA	NA	NA	NA	0.00156884	0.00517305	0.00557142	0.00213598	0.00361922	NA	0.00106359	NA	NA	NA	NA	NA	NA	NA	NA	NA	NA	NA	NA	0.00415125	NA	NA	NA	0.01546431	NA	NA	0.00113934	NA	NA	NA	NA	NA	NA
Rat52_bin.41	NA	NA	NA	NA	NA	NA	NA	NA	NA	NA	NA	NA	0.00119049	NA	NA	NA	NA	NA	0.00167754	NA	0.00084189	NA	NA	0.00067372	NA	0.00125002	0.00041269	NA	NA	NA	NA	NA	NA	NA	NA	NA	NA	NA	0.00081965	NA	NA	NA	NA	NA	NA	0.00143783	NA	NA	0.00131064	NA	0.00098387	NA	NA
Rat52_bin.45	NA	NA	NA	NA	NA	NA	NA	NA	NA	NA	NA	NA	NA	0.00309700	NA	0.00212876	NA	NA	0.00302450	NA	0.00174552	0.00206841	0.00279633	0.00156970	NA	0.00168877	0.00112020	NA	NA	NA	NA	NA	NA	NA	NA	NA	NA	NA	NA	NA	NA	NA	NA	NA	NA	NA	NA	NA	NA	NA	NA	NA	NA
Rat52_bin.47	NA	0.00973268	NA	NA	0.00947710	NA	NA	NA	NA	NA	0.00149648	NA	NA	NA	NA	NA	NA	NA	NA	NA	0.01188132	NA	NA	0.00143929	NA	NA	NA	NA	NA	NA	NA	NA	NA	NA	NA	NA	NA	NA	NA	0.00320532	NA	NA	NA	NA	NA	NA	NA	NA	NA	NA	NA	NA	NA
Rat52_bin.48	0.00462903	0.00501779	NA	NA	0.00338401	0.00543892	0.00527727	0.00452410	NA	0.00231344	NA	NA	NA	0.00693951	NA	0.00828199	NA	NA	0.00665054	NA	0.00368088	0.00347636	0.00382734	0.00288870	0.00287276	0.00339043	0.00308084	NA	NA	NA	NA	NA	NA	NA	NA	NA	NA	NA	0.00082198	0.00220534	NA	NA	NA	0.00610689	NA	NA	NA	NA	NA	NA	NA	NA	0.00070081
Rat52_bin.49	0.00113210	NA	NA	NA	NA	NA	NA	NA	NA	NA	NA	NA	NA	0.00098891	NA	NA	NA	NA	0.00152644	NA	0.00092112	NA	NA	0.00119527	0.00086775	0.00056232	0.00087534	NA	NA	NA	NA	NA	NA	NA	NA	NA	NA	NA	NA	NA	NA	NA	NA	NA	NA	NA	NA	NA	NA	NA	NA	NA	NA
Rat52_bin.5	NA	NA	NA	NA	NA	NA	NA	NA	NA	NA	NA	NA	NA	NA	NA	NA	NA	NA	NA	NA	NA	NA	NA	0.00111695	NA	NA	NA	NA	NA	NA	NA	NA	NA	NA	NA	NA	NA	NA	NA	NA	NA	NA	NA	0.00446970	NA	NA	NA	NA	NA	NA	NA	NA	NA
Rat52_bin.51	NA	NA	NA	NA	0.00805161	NA	NA	0.00197681	NA	NA	NA	NA	NA	NA	NA	NA	NA	NA	0.00236970	NA	NA	NA	NA	0.00091277	NA	NA	NA	NA	NA	NA	NA	NA	NA	NA	NA	NA	NA	NA	NA	NA	NA	NA	NA	NA	NA	NA	NA	NA	NA	NA	NA	NA	NA
Rat52_bin.56	NA	NA	NA	NA	NA	NA	NA	NA	NA	NA	NA	NA	NA	NA	NA	NA	NA	NA	0.00194695	NA	NA	NA	NA	0.00091698	NA	0.00117355	0.00092736	NA	NA	NA	NA	NA	NA	NA	NA	NA	NA	NA	NA	NA	NA	NA	NA	NA	NA	NA	NA	NA	NA	NA	NA	NA	NA
Rat52_bin.57	NA	NA	NA	NA	NA	NA	NA	NA	NA	NA	NA	NA	NA	NA	NA	NA	NA	NA	NA	NA	0.00048587	0.00136407	0.00075676	0.00131541	NA	NA	NA	NA	NA	NA	NA	NA	NA	NA	NA	NA	NA	NA	NA	NA	NA	NA	NA	NA	NA	NA	NA	NA	NA	NA	NA	NA	NA
Rat52_bin.59	NA	0.00108917	NA	NA	NA	NA	NA	NA	NA	NA	NA	NA	NA	NA	NA	0.00112419	NA	NA	0.00109351	NA	0.00143580	0.00121361	NA	0.00095772	NA	NA	NA	NA	NA	NA	NA	NA	NA	NA	NA	NA	NA	NA	NA	NA	NA	NA	NA	NA	NA	NA	NA	NA	NA	NA	NA	NA	NA
Rat52_bin.6	NA	0.00214280	0.00152837	NA	0.00088546	0.00653498	NA	NA	NA	NA	NA	0.00072872	NA	NA	NA	NA	NA	NA	NA	0.00091475	0.00189315	NA	0.00110599	0.00079030	NA	NA	0.00129487	0.00136217	0.00226114	0.00250737	NA	0.00069887	NA	NA	NA	NA	NA	NA	NA	0.00121320	0.00494068	0.00107733	NA	NA	NA	NA	NA	NA	NA	NA	NA	NA	0.00087894
Rat52_bin.7	0.00343261	NA	NA	NA	NA	NA	NA	NA	NA	NA	NA	0.00131663	NA	NA	0.00227559	NA	NA	NA	NA	NA	NA	NA	NA	0.00127007	0.00680184	NA	NA	0.00483812	NA	NA	NA	NA	NA	NA	NA	NA	NA	NA	NA	NA	NA	NA	NA	NA	NA	NA	NA	NA	NA	NA	NA	NA	NA
Rat52_bin.9	NA	NA	NA	NA	NA	NA	NA	NA	0.00077388	NA	0.00049773	0.00066963	NA	NA	NA	NA	NA	NA	NA	0.00052913	NA	0.00097712	NA	0.00071489	NA	NA	NA	NA	NA	NA	NA	NA	NA	NA	NA	NA	NA	NA	NA	NA	NA	0.00122238	NA	NA	NA	NA	0.00078506	0.00192415	NA	NA	NA	NA	NA
Rat57_bin.1	NA	0.00256694	NA	NA	NA	0.00043381	NA	NA	NA	0.00293255	NA	NA	NA	NA	NA	NA	NA	NA	NA	NA	0.00058890	0.00084383	0.00153080	0.00201921	0.00071950	0.00032941	0.00089283	NA	NA	NA	NA	NA	NA	NA	NA	NA	NA	NA	NA	NA	NA	NA	NA	NA	NA	NA	NA	NA	NA	NA	NA	NA	NA
Rat57_bin.10	0.00230097	NA	NA	NA	0.00270602	0.00176329	0.00204346	0.00221300	NA	0.00138549	NA	NA	NA	0.00313566	NA	0.00326002	NA	NA	0.00224015	NA	0.00179757	0.00109854	0.00282619	NA	0.00051171	0.00206632	NA	NA	NA	NA	NA	NA	NA	NA	NA	NA	NA	NA	NA	NA	NA	NA	NA	0.00274950	NA	NA	NA	NA	NA	NA	NA	NA	NA
Rat57_bin.12	NA	NA	NA	NA	NA	NA	NA	NA	NA	NA	NA	NA	NA	NA	NA	NA	NA	NA	NA	NA	NA	NA	0.00711537	NA	0.00337964	NA	NA	NA	NA	NA	NA	NA	NA	NA	NA	NA	NA	NA	NA	NA	NA	NA	NA	NA	NA	NA	NA	NA	NA	NA	NA	NA	NA
Rat57_bin.13	NA	NA	NA	NA	NA	NA	NA	NA	NA	NA	NA	NA	NA	NA	NA	NA	NA	NA	NA	NA	NA	NA	0.00119976	NA	0.00083735	NA	0.00082370	NA	NA	NA	NA	NA	NA	NA	NA	NA	NA	NA	NA	NA	NA	NA	NA	NA	NA	NA	NA	NA	NA	NA	NA	NA	NA
Rat57_bin.15	NA	NA	NA	NA	NA	NA	NA	NA	NA	NA	NA	NA	NA	NA	NA	NA	NA	NA	NA	NA	NA	0.00523811	0.00703369	NA	0.00413470	NA	0.00469699	NA	NA	NA	NA	NA	NA	NA	NA	NA	NA	NA	NA	NA	NA	NA	NA	NA	NA	NA	NA	NA	NA	NA	NA	NA	NA
Rat57_bin.16	NA	NA	NA	NA	NA	NA	NA	NA	NA	0.00238727	NA	NA	NA	NA	NA	NA	NA	NA	NA	NA	NA	0.00261959	0.00418680	0.00143566	0.00117569	NA	0.00359852	NA	NA	NA	NA	NA	NA	NA	NA	NA	NA	NA	NA	NA	NA	NA	NA	0.01032608	NA	NA	NA	NA	NA	NA	NA	NA	0.01172893
Rat57_bin.17	NA	NA	NA	0.00071715	0.00088882	0.00304503	NA	NA	NA	NA	NA	NA	NA	0.00765605	NA	NA	NA	NA	NA	NA	0.00427385	NA	NA	0.00298157	0.00152351	0.00604527	0.00304196	NA	NA	NA	NA	NA	NA	NA	NA	NA	NA	NA	NA	NA	NA	NA	NA	NA	NA	NA	NA	NA	NA	NA	NA	NA	NA
Rat57_bin.19	0.00451327	NA	NA	NA	NA	0.00420457	NA	0.00404719	NA	0.00581857	NA	NA	NA	0.00421900	NA	NA	NA	NA	NA	NA	NA	NA	0.00511710	NA	0.00258250	0.00231920	NA	NA	NA	NA	NA	NA	NA	0.00078888	NA	NA	NA	NA	NA	NA	NA	NA	NA	NA	NA	NA	NA	NA	NA	NA	NA	NA	NA
Rat57_bin.20	NA	NA	NA	NA	NA	NA	NA	NA	NA	NA	NA	NA	NA	NA	NA	NA	NA	NA	NA	NA	NA	NA	NA	NA	0.00668041	NA	NA	NA	NA	NA	NA	NA	NA	NA	NA	NA	NA	NA	NA	NA	NA	NA	NA	0.00752382	NA	NA	NA	NA	NA	NA	NA	NA	NA
Rat57_bin.21	0.00702133	0.00868813	0.00573076	0.00338837	0.00809762	0.00739586	0.00477434	0.00653095	0.00759696	0.00561460	NA	0.00539854	0.00437449	0.00796909	NA	0.00807568	NA	NA	0.00659737	NA	0.00483149	0.00587482	0.00605667	0.00349231	0.00123479	0.00242245	0.00198228	0.00484283	NA	NA	0.00671225	0.00778045	NA	0.00439473	NA	NA	NA	NA	0.00442838	0.00767300	NA	NA	NA	NA	NA	NA	0.00589914	NA	NA	NA	NA	NA	0.00657648
Rat57_bin.23	0.01248141	0.00370520	NA	NA	0.00358830	0.00279626	0.00942496	0.01015943	NA	0.00192732	NA	NA	NA	0.00625652	NA	0.00367484	NA	NA	0.00706014	NA	0.00796580	0.00281879	0.00421154	NA	0.00111107	0.00874190	0.00503507	NA	NA	NA	NA	NA	NA	NA	NA	NA	NA	NA	NA	NA	NA	NA	NA	NA	NA	NA	NA	NA	NA	NA	NA	NA	NA
Rat57_bin.24	NA	NA	NA	NA	NA	NA	NA	NA	NA	NA	NA	NA	NA	NA	NA	NA	NA	NA	NA	NA	0.01372805	NA	0.01971685	0.00828901	0.00328190	0.00848029	0.00344117	NA	NA	NA	NA	NA	NA	NA	NA	NA	NA	NA	NA	NA	NA	NA	NA	NA	NA	NA	NA	NA	NA	NA	NA	NA	NA
Rat57_bin.30	NA	NA	NA	NA	NA	0.00391588	0.00062598	NA	NA	NA	NA	0.00561042	0.00071878	NA	NA	0.00444819	NA	NA	NA	NA	NA	0.00405511	0.00483077	NA	0.00553966	0.00287061	NA	NA	NA	NA	NA	NA	NA	NA	NA	NA	NA	NA	NA	0.00134580	0.00089994	0.00722539	NA	0.00382293	NA	NA	NA	NA	NA	0.01069834	NA	NA	NA
Rat57_bin.32	NA	NA	NA	NA	NA	NA	NA	NA	NA	NA	NA	NA	NA	NA	NA	NA	NA	NA	NA	NA	NA	NA	0.01150796	NA	0.00499751	0.00487232	0.00267191	NA	NA	NA	NA	NA	NA	NA	NA	NA	NA	NA	NA	NA	NA	NA	NA	NA	NA	NA	NA	NA	NA	NA	NA	NA	NA
Rat57_bin.33	NA	NA	NA	NA	NA	NA	NA	NA	NA	NA	NA	NA	NA	NA	NA	NA	NA	NA	NA	NA	NA	NA	NA	NA	0.00073552	NA	NA	NA	NA	NA	NA	NA	NA	NA	NA	NA	NA	NA	NA	NA	NA	NA	NA	NA	NA	NA	NA	NA	NA	NA	NA	NA	0.00079851
Rat57_bin.46	NA	NA	NA	NA	NA	NA	NA	NA	NA	NA	NA	NA	NA	0.01856347	NA	0.01551910	NA	NA	NA	NA	NA	NA	NA	NA	0.00113452	0.00152595	NA	NA	NA	NA	NA	NA	NA	NA	NA	NA	NA	NA	NA	NA	NA	NA	NA	NA	NA	NA	NA	NA	NA	NA	NA	NA	NA
Rat57_bin.47	0.00693075	0.00537652	NA	NA	NA	0.00639104	0.00131238	0.00561217	NA	0.00407806	NA	NA	NA	0.00880254	NA	0.00757257	NA	NA	NA	NA	0.00212409	NA	0.00555126	NA	0.00046113	0.00067998	NA	NA	NA	NA	NA	NA	NA	NA	NA	NA	NA	NA	NA	NA	NA	NA	NA	NA	NA	NA	NA	NA	NA	NA	NA	NA	NA
Rat57_bin.48	NA	0.00247682	NA	NA	0.00127922	NA	NA	0.00093480	NA	NA	NA	NA	NA	0.00198873	NA	NA	NA	NA	NA	NA	NA	NA	NA	0.00215839	0.00082173	0.00569564	0.00061644	NA	NA	NA	NA	NA	NA	NA	NA	NA	NA	NA	NA	NA	NA	NA	NA	NA	NA	NA	NA	NA	NA	0.00238692	NA	NA	0.00291546
Rat57_bin.49	NA	0.01710412	0.00939338	NA	NA	0.00383586	NA	NA	NA	0.00505945	NA	0.00088979	NA	NA	NA	NA	NA	NA	NA	NA	NA	NA	NA	NA	0.00223227	0.00151965	0.00529649	NA	NA	NA	NA	NA	NA	NA	NA	NA	NA	NA	NA	0.01706080	NA	NA	NA	0.00956568	NA	0.01812051	NA	0.01829729	0.00972794	NA	NA	NA	NA
Rat57_bin.5	NA	NA	NA	NA	NA	0.00288594	NA	NA	NA	NA	NA	NA	NA	NA	NA	NA	NA	NA	NA	NA	NA	NA	NA	NA	0.00155271	NA	NA	NA	NA	NA	NA	NA	NA	0.00096894	NA	NA	NA	NA	NA	0.00157463	NA	NA	NA	NA	NA	NA	NA	NA	NA	NA	NA	NA	NA
Rat57_bin.50	NA	NA	NA	NA	NA	NA	NA	NA	NA	NA	NA	NA	NA	NA	NA	NA	NA	NA	0.00219541	NA	0.00221688	NA	NA	0.00114433	0.00079535	0.00154231	0.00395863	NA	NA	NA	NA	NA	NA	NA	NA	NA	NA	NA	NA	0.00560325	NA	NA	NA	NA	NA	NA	NA	NA	NA	NA	NA	NA	NA
Rat57_bin.53	NA	0.00499054	NA	NA	NA	NA	0.00504193	NA	NA	NA	NA	NA	NA	NA	NA	NA	NA	NA	NA	NA	0.00589816	NA	0.00567997	0.00423669	0.00044606	0.00491711	0.00245786	NA	NA	NA	NA	NA	NA	NA	NA	NA	NA	NA	NA	0.00108195	NA	NA	NA	0.01559328	NA	NA	0.00761057	NA	NA	NA	NA	NA	NA
Rat57_bin.57	NA	NA	NA	NA	NA	NA	NA	NA	NA	NA	NA	NA	NA	NA	NA	NA	NA	NA	NA	NA	NA	NA	0.00502575	NA	0.00558328	NA	0.00593124	NA	NA	NA	NA	NA	NA	NA	NA	NA	NA	NA	NA	NA	NA	NA	NA	NA	NA	NA	NA	NA	NA	NA	NA	NA	NA
Rat57_bin.59	0.00465284	0.01018384	NA	NA	0.00342010	0.00374909	0.00427008	0.00435225	NA	0.00506944	NA	NA	NA	0.00957795	NA	0.01168411	NA	NA	0.00823094	NA	0.00325065	0.00481785	0.00421561	0.00448440	0.00114326	0.00762196	0.00387968	NA	NA	NA	NA	NA	NA	NA	NA	NA	NA	NA	NA	0.00257928	NA	NA	NA	0.00647385	NA	NA	0.00243166	NA	NA	NA	NA	NA	0.00305108
Rat57_bin.61	NA	NA	NA	NA	NA	NA	NA	NA	NA	NA	NA	NA	NA	NA	NA	NA	NA	NA	NA	NA	NA	NA	0.00402914	NA	0.00382693	0.00109094	0.00354038	NA	NA	NA	NA	NA	NA	NA	NA	NA	NA	NA	NA	NA	NA	NA	NA	NA	NA	NA	NA	NA	NA	NA	NA	NA	NA
Rat57_bin.62	NA	0.00253632	NA	NA	NA	NA	NA	0.00723268	NA	NA	NA	NA	NA	0.00180356	NA	0.00206304	NA	NA	0.00340606	NA	0.00206179	0.00248128	0.00233876	NA	0.00108700	0.00198951	0.00088645	NA	NA	NA	NA	NA	NA	NA	NA	NA	NA	NA	NA	NA	NA	NA	NA	NA	NA	NA	NA	NA	NA	NA	NA	NA	NA
Rat57_bin.63	0.00185612	0.00511326	NA	NA	0.00147076	0.00366817	0.00226620	0.00434185	NA	0.00303865	NA	NA	NA	0.00330407	NA	0.00350261	NA	NA	0.00418038	NA	0.00137984	0.00247705	0.00196229	NA	0.00133377	0.00166891	NA	NA	NA	NA	NA	NA	NA	NA	NA	NA	NA	NA	NA	NA	NA	NA	NA	NA	NA	NA	NA	NA	NA	NA	NA	NA	NA
Rat57_bin.64	NA	NA	NA	NA	NA	0.00069908	NA	0.00112082	NA	NA	NA	NA	NA	0.00108309	NA	0.00095144	NA	NA	NA	NA	NA	NA	0.00075616	NA	0.00082838	NA	NA	NA	NA	NA	NA	NA	NA	NA	NA	NA	NA	NA	NA	NA	NA	NA	NA	NA	NA	NA	NA	NA	NA	NA	NA	NA	NA
Rat57_bin.65	NA	NA	NA	NA	NA	NA	NA	NA	NA	NA	NA	NA	NA	0.00378978	NA	NA	NA	NA	NA	0.00308964	NA	NA	NA	NA	0.00080262	0.00238032	NA	NA	NA	NA	NA	NA	NA	NA	NA	NA	NA	NA	NA	NA	NA	NA	NA	NA	NA	NA	NA	NA	NA	NA	NA	NA	NA
Rat57_bin.66	NA	NA	NA	NA	NA	NA	NA	NA	NA	0.00325137	NA	NA	NA	0.01261876	NA	0.01096851	NA	NA	NA	NA	NA	0.00194138	0.00276729	NA	0.00077438	0.00046489	NA	NA	NA	NA	NA	NA	NA	NA	NA	NA	NA	NA	NA	NA	NA	NA	NA	NA	NA	NA	NA	NA	NA	NA	NA	NA	NA
Rat57_bin.67	NA	NA	NA	NA	NA	NA	NA	NA	NA	NA	NA	NA	NA	NA	NA	NA	NA	NA	NA	NA	NA	NA	NA	NA	0.00191916	NA	NA	NA	NA	NA	NA	NA	NA	NA	NA	NA	NA	NA	NA	NA	NA	NA	NA	NA	NA	NA	NA	NA	NA	NA	NA	NA	NA
Rat57_bin.7	NA	NA	NA	NA	NA	0.00209164	NA	NA	NA	0.00102693	NA	NA	NA	NA	NA	NA	NA	NA	NA	NA	0.00031944	0.00057284	0.00047213	NA	0.00115121	0.00144237	NA	NA	NA	NA	NA	NA	NA	NA	NA	NA	NA	NA	NA	NA	NA	NA	NA	NA	NA	NA	NA	NA	NA	NA	NA	NA	NA
Rat57_bin.8	NA	0.00095311	NA	NA	NA	0.00077977	NA	NA	NA	NA	NA	NA	NA	0.00073826	NA	NA	NA	NA	0.00080690	NA	NA	0.00048753	NA	NA	0.00069553	NA	NA	NA	NA	NA	NA	NA	NA	NA	NA	NA	NA	NA	NA	NA	NA	NA	NA	NA	NA	NA	NA	NA	NA	NA	NA	NA	NA
Rat57_bin.9	NA	NA	NA	NA	NA	NA	NA	NA	NA	NA	NA	NA	NA	NA	NA	NA	NA	NA	NA	NA	NA	NA	0.00580132	NA	0.00412182	NA	NA	NA	NA	NA	NA	NA	NA	NA	NA	NA	NA	NA	NA	NA	NA	NA	NA	NA	NA	NA	NA	NA	NA	NA	NA	NA	NA
Rat5_bin.1	NA	NA	0.00508154	NA	NA	NA	NA	NA	NA	NA	0.00888870	0.00718126	0.00843400	NA	NA	NA	0.00702758	NA	NA	NA	NA	NA	NA	0.00369541	NA	NA	NA	NA	NA	NA	NA	NA	NA	NA	NA	NA	NA	NA	NA	NA	NA	NA	NA	NA	NA	NA	NA	NA	NA	NA	NA	NA	NA
Rat5_bin.10	NA	NA	0.00064997	0.00120486	NA	NA	NA	NA	NA	NA	NA	0.00156609	0.00102701	NA	NA	NA	NA	NA	NA	0.00078226	NA	NA	NA	NA	NA	NA	NA	NA	NA	NA	NA	0.00188309	NA	NA	NA	NA	NA	NA	NA	NA	NA	NA	0.00108976	NA	NA	0.00204641	NA	NA	NA	NA	NA	NA	NA
Rat5_bin.12	NA	NA	0.00271137	0.00907349	NA	NA	NA	NA	0.00963203	NA	0.01216802	NA	NA	NA	NA	NA	NA	NA	NA	0.00339501	NA	NA	NA	NA	NA	NA	NA	NA	NA	NA	NA	NA	NA	NA	NA	NA	NA	NA	NA	NA	0.00906590	NA	0.01186384	NA	NA	NA	NA	NA	NA	NA	NA	NA	NA
Rat5_bin.14	NA	NA	0.00118148	NA	NA	NA	NA	NA	NA	NA	NA	NA	NA	NA	NA	NA	NA	NA	NA	NA	NA	NA	NA	NA	NA	NA	NA	NA	NA	NA	NA	NA	NA	NA	NA	NA	NA	NA	NA	NA	NA	0.01583338	0.01593074	NA	NA	NA	NA	NA	NA	NA	NA	NA	NA
Rat5_bin.17	NA	NA	0.00037085	NA	NA	0.00276434	NA	NA	NA	NA	NA	0.00484986	0.00099394	0.00710182	NA	0.00307794	NA	NA	NA	NA	NA	0.00362904	0.00444610	NA	0.00867022	0.00224861	0.00390079	NA	NA	NA	NA	NA	NA	NA	NA	NA	NA	NA	NA	0.00157914	0.00115017	0.00897604	NA	0.00358578	NA	NA	NA	NA	NA	0.01219967	NA	NA	NA
Rat5_bin.19	NA	NA	0.00173646	0.00140988	0.00287059	NA	NA	0.00222950	0.00358346	NA	NA	NA	NA	NA	NA	NA	0.00110282	NA	NA	NA	NA	NA	NA	0.00220246	NA	NA	NA	NA	NA	NA	NA	NA	NA	NA	NA	NA	NA	NA	0.00644086	NA	NA	NA	0.00136964	NA	NA	NA	0.00737647	NA	NA	NA	NA	NA	NA
Rat5_bin.2	NA	NA	0.00183480	0.00832694	NA	NA	NA	NA	0.00790009	NA	0.01103272	0.00705764	0.00110530	NA	0.00384876	NA	NA	NA	NA	NA	NA	NA	NA	NA	NA	NA	NA	NA	NA	0.00128710	NA	0.00795762	NA	0.00411695	NA	NA	NA	NA	NA	NA	NA	NA	NA	NA	NA	NA	NA	NA	NA	0.01129669	NA	0.01356494	NA
Rat5_bin.20	NA	0.00596891	0.00073628	0.00219127	NA	NA	0.00722334	0.00993808	0.00339764	NA	NA	0.00185151	0.00566192	0.01021924	NA	NA	0.00137192	0.00087420	NA	0.00434567	NA	NA	NA	NA	NA	0.00898704	NA	0.00145254	NA	NA	0.00238570	0.00263759	NA	0.00325037	NA	NA	NA	NA	0.00364794	NA	NA	NA	NA	NA	NA	NA	NA	NA	NA	NA	NA	NA	NA
Rat5_bin.21	NA	NA	0.00096217	NA	0.00483303	NA	NA	NA	NA	NA	NA	NA	0.00942872	NA	NA	NA	NA	0.00446345	NA	0.00624547	NA	NA	NA	NA	NA	NA	NA	NA	0.00410515	NA	NA	NA	NA	0.00461374	NA	NA	NA	NA	0.00651668	0.00333180	NA	NA	NA	NA	NA	0.00704780	0.00803683	NA	NA	NA	NA	NA	NA
Rat5_bin.22	NA	NA	0.00108537	0.00273551	NA	NA	NA	NA	NA	NA	NA	NA	NA	NA	NA	NA	NA	NA	NA	NA	NA	NA	NA	NA	NA	NA	NA	NA	NA	NA	NA	NA	NA	NA	0.00097001	0.00106304	0.00143957	NA	NA	NA	0.00267641	NA	NA	NA	NA	NA	NA	NA	NA	NA	NA	NA	NA
Rat5_bin.23	NA	NA	0.00043759	NA	NA	NA	NA	NA	NA	NA	0.00020335	NA	NA	NA	NA	NA	NA	NA	NA	NA	NA	NA	NA	NA	NA	NA	NA	NA	NA	NA	NA	0.00055566	NA	NA	NA	NA	NA	NA	NA	NA	NA	NA	NA	NA	NA	0.00086517	0.00055067	NA	NA	NA	NA	NA	NA
Rat5_bin.24	NA	NA	0.00164374	0.00250223	NA	NA	NA	NA	NA	NA	NA	NA	NA	NA	NA	NA	NA	NA	NA	NA	NA	NA	NA	NA	NA	NA	NA	NA	NA	NA	NA	NA	NA	NA	NA	NA	NA	NA	NA	NA	NA	NA	NA	NA	NA	NA	NA	NA	NA	NA	NA	NA	NA
Rat5_bin.25	NA	NA	0.00213922	NA	NA	NA	NA	NA	NA	NA	NA	NA	NA	NA	0.00388033	NA	NA	0.00233301	NA	NA	NA	NA	NA	0.00216439	NA	NA	NA	NA	NA	NA	NA	NA	NA	NA	NA	NA	NA	NA	NA	NA	NA	NA	NA	NA	NA	NA	NA	NA	NA	NA	NA	NA	NA
Rat5_bin.27	NA	NA	0.00351518	NA	NA	NA	NA	NA	NA	NA	NA	NA	NA	NA	NA	NA	NA	NA	NA	NA	NA	NA	NA	NA	NA	NA	NA	NA	NA	NA	NA	NA	NA	NA	NA	NA	NA	NA	NA	NA	NA	NA	NA	NA	NA	NA	NA	NA	NA	NA	NA	NA	NA
Rat5_bin.28	NA	NA	0.00068982	NA	NA	NA	NA	NA	0.00210456	NA	NA	NA	NA	NA	NA	NA	NA	NA	NA	NA	NA	NA	NA	NA	NA	NA	NA	NA	NA	NA	NA	NA	NA	NA	NA	NA	NA	NA	NA	NA	NA	NA	NA	NA	NA	NA	NA	NA	NA	NA	NA	NA	NA
Rat5_bin.3	NA	NA	0.00254333	NA	NA	NA	NA	NA	NA	NA	NA	NA	0.00545661	NA	NA	NA	0.00207720	0.00594867	NA	NA	NA	NA	NA	NA	NA	NA	NA	NA	NA	NA	NA	NA	NA	NA	NA	NA	NA	NA	NA	NA	NA	NA	NA	NA	NA	NA	NA	NA	NA	NA	NA	NA	NA
Rat5_bin.30	NA	NA	0.00050767	NA	NA	NA	NA	NA	0.00120073	NA	NA	NA	0.00068318	NA	NA	NA	0.00108168	NA	NA	0.00077850	NA	NA	NA	NA	NA	NA	NA	NA	NA	0.00061241	0.00089333	0.00166116	0.00174468	0.00109546	NA	NA	NA	NA	NA	NA	NA	NA	NA	NA	NA	NA	NA	NA	0.00186744	NA	NA	NA	NA
Rat5_bin.31	NA	NA	0.00133246	0.01168379	NA	NA	NA	NA	0.01143848	NA	NA	0.00898499	0.00985136	NA	NA	NA	0.00975563	0.00590453	NA	0.01085577	NA	NA	NA	NA	NA	NA	NA	NA	NA	NA	NA	0.00551278	NA	NA	NA	0.00746825	NA	0.00537474	0.00256371	0.00440558	NA	NA	NA	NA	NA	NA	0.00259234	0.02009652	0.00668940	0.00795612	0.01947696	0.00614173	NA
Rat5_bin.32	NA	NA	0.00201896	NA	NA	NA	NA	NA	NA	NA	NA	NA	NA	NA	NA	NA	0.00109606	NA	NA	NA	NA	NA	NA	NA	NA	NA	NA	NA	NA	NA	NA	NA	NA	NA	NA	NA	NA	NA	NA	NA	NA	NA	NA	NA	NA	NA	0.01165162	NA	NA	NA	NA	NA	NA
Rat5_bin.33	NA	NA	0.00463510	NA	NA	NA	NA	NA	NA	NA	NA	0.00486967	0.00634273	NA	NA	NA	NA	NA	NA	0.00358763	NA	NA	NA	NA	NA	NA	NA	0.00502012	NA	NA	0.00616157	NA	NA	NA	0.00357522	NA	NA	0.00412748	NA	NA	0.00570382	NA	NA	NA	NA	NA	NA	NA	NA	NA	NA	NA	NA
Rat5_bin.35	NA	NA	0.00144938	NA	NA	NA	NA	NA	0.00461851	NA	NA	NA	NA	NA	NA	NA	0.00679831	NA	NA	NA	NA	NA	NA	NA	NA	NA	NA	NA	NA	NA	NA	NA	NA	NA	NA	NA	NA	0.00082895	NA	NA	0.00249557	NA	NA	NA	NA	NA	NA	NA	NA	NA	NA	NA	NA
Rat5_bin.36	NA	0.00063564	0.00080970	NA	NA	NA	NA	NA	0.00218104	NA	NA	NA	NA	NA	NA	NA	NA	NA	NA	NA	NA	NA	NA	NA	NA	NA	NA	NA	NA	NA	NA	NA	NA	NA	NA	NA	NA	NA	NA	NA	NA	NA	NA	NA	NA	NA	NA	NA	NA	NA	NA	NA	NA
Rat5_bin.37	NA	NA	0.00172023	0.01261217	NA	NA	NA	NA	NA	NA	0.01357079	0.00674056	0.00563940	NA	0.00151470	NA	0.00281243	0.00184926	NA	NA	NA	NA	NA	NA	NA	NA	NA	NA	NA	NA	0.00924804	0.00275231	NA	NA	0.00264582	NA	NA	NA	NA	NA	NA	NA	NA	NA	NA	NA	NA	NA	NA	NA	NA	NA	NA
Rat5_bin.38	NA	NA	0.00052360	NA	NA	NA	NA	NA	NA	NA	NA	NA	NA	NA	NA	NA	NA	NA	NA	0.00064921	NA	NA	NA	NA	NA	NA	NA	NA	NA	NA	NA	NA	NA	NA	NA	NA	NA	NA	0.00113670	NA	NA	NA	NA	NA	NA	NA	NA	0.00287870	NA	NA	NA	NA	NA
Rat5_bin.39	NA	NA	0.00089156	NA	NA	NA	NA	NA	NA	NA	NA	NA	NA	NA	NA	NA	NA	NA	NA	0.00045892	NA	NA	NA	NA	NA	NA	NA	NA	NA	NA	NA	NA	0.00074746	NA	NA	NA	NA	NA	NA	NA	NA	NA	0.00114194	NA	NA	NA	NA	NA	0.00133703	0.00149209	NA	NA	NA
Rat5_bin.4	NA	NA	0.00046443	NA	NA	NA	0.00275266	0.00470050	0.00547146	NA	NA	NA	0.00054505	NA	NA	NA	NA	NA	NA	0.00073370	NA	NA	NA	NA	NA	NA	NA	NA	NA	NA	NA	NA	NA	NA	NA	NA	NA	NA	0.00187172	NA	NA	NA	NA	NA	NA	NA	NA	0.00106459	0.00330916	NA	0.00096976	0.00084237	NA
Rat5_bin.40	NA	NA	0.00438015	NA	NA	NA	NA	NA	NA	NA	0.01205810	NA	NA	NA	NA	NA	NA	0.00520363	NA	NA	NA	NA	NA	NA	NA	NA	NA	NA	NA	NA	NA	NA	NA	NA	NA	NA	0.00386827	0.00177226	NA	NA	0.00432929	NA	0.00226573	NA	NA	NA	0.00802552	NA	0.00485833	NA	NA	NA	NA
Rat5_bin.41	NA	NA	0.00110631	0.00229291	NA	NA	NA	NA	NA	NA	NA	NA	NA	NA	NA	NA	NA	NA	NA	NA	NA	NA	NA	NA	NA	NA	NA	NA	NA	NA	NA	0.00229414	NA	NA	NA	NA	NA	NA	NA	NA	NA	NA	NA	NA	NA	NA	NA	NA	NA	NA	NA	NA	NA
Rat5_bin.42	0.00098545	0.00182506	0.00258683	0.00081132	0.00162231	0.00166491	0.00104001	NA	NA	NA	NA	0.00052737	0.00118671	NA	NA	0.00167895	NA	0.00045061	0.00109976	0.00050612	NA	NA	0.00065465	0.00055891	NA	0.00051549	0.00043091	NA	NA	NA	NA	NA	NA	NA	NA	NA	NA	NA	0.00099845	0.00144749	0.00065732	0.00064432	NA	NA	NA	NA	0.00043670	NA	NA	NA	NA	NA	0.00158741
Rat5_bin.44	0.00130646	0.00101424	0.00060726	0.00098793	0.00289958	NA	0.00222499	0.00065382	NA	NA	0.00050346	NA	0.00288316	0.00285501	NA	NA	NA	NA	0.00087813	NA	0.00156903	0.00273323	0.00103739	0.00131553	NA	0.00110899	NA	NA	NA	NA	NA	NA	NA	NA	NA	NA	NA	NA	NA	NA	NA	NA	NA	NA	NA	NA	NA	NA	NA	NA	NA	NA	NA
Rat5_bin.46	NA	0.00266954	0.00056612	0.00058249	NA	0.00165887	0.00030718	0.00109761	0.00058869	NA	0.00048330	0.00061854	0.00047205	NA	NA	0.00221119	NA	NA	NA	0.00029347	NA	NA	0.00028623	NA	NA	NA	NA	NA	NA	NA	NA	NA	NA	NA	NA	NA	NA	NA	NA	0.00092336	NA	NA	NA	NA	NA	0.00063138	0.00039384	0.00046227	NA	NA	NA	NA	NA
Rat5_bin.47	NA	NA	0.00584859	NA	NA	NA	NA	NA	0.00251517	NA	0.01088591	NA	0.00726848	NA	NA	NA	NA	NA	NA	0.00410709	NA	NA	NA	NA	NA	NA	NA	NA	0.00495567	NA	0.00608962	NA	NA	NA	NA	NA	NA	NA	NA	NA	0.00765117	NA	NA	NA	NA	NA	NA	NA	NA	NA	NA	NA	NA
Rat5_bin.49	NA	NA	0.00090774	0.00294730	NA	NA	NA	0.00082063	NA	NA	0.00055039	NA	NA	NA	NA	NA	NA	NA	NA	NA	NA	NA	NA	0.00099825	NA	NA	NA	NA	NA	NA	NA	NA	NA	NA	NA	NA	NA	NA	NA	0.00086063	NA	0.00117031	NA	NA	NA	0.00462173	NA	0.00143081	NA	NA	NA	NA	NA
Rat5_bin.5	NA	NA	0.00228906	NA	NA	NA	NA	NA	NA	NA	0.00658984	0.01018973	NA	NA	NA	NA	0.00545624	NA	NA	NA	NA	NA	NA	NA	NA	NA	NA	0.00456616	NA	NA	NA	NA	NA	NA	NA	NA	NA	0.00114165	NA	NA	NA	NA	NA	NA	NA	NA	NA	NA	NA	NA	NA	NA	NA
Rat5_bin.50	NA	NA	0.00213297	NA	NA	NA	NA	NA	NA	NA	NA	0.00529113	NA	NA	NA	NA	NA	0.00548385	NA	NA	NA	NA	NA	NA	NA	NA	NA	NA	NA	NA	NA	NA	NA	NA	NA	NA	NA	NA	NA	NA	NA	NA	NA	NA	NA	NA	NA	NA	NA	NA	NA	NA	NA
Rat5_bin.51	NA	NA	0.00060075	NA	NA	NA	NA	NA	NA	NA	0.00230279	0.00108240	NA	NA	NA	NA	NA	NA	NA	0.00274009	NA	NA	NA	NA	NA	NA	NA	NA	NA	NA	NA	NA	NA	NA	NA	NA	NA	NA	NA	NA	NA	NA	NA	NA	NA	0.00567980	NA	NA	NA	NA	NA	NA	NA
Rat5_bin.52	NA	NA	0.00800607	NA	NA	NA	NA	NA	0.00759795	NA	0.01732294	0.00935348	0.00703426	NA	NA	NA	NA	0.00169237	NA	NA	NA	NA	NA	NA	NA	NA	NA	NA	NA	NA	NA	NA	NA	NA	0.00176382	0.00198863	0.01383377	NA	NA	NA	0.01133181	NA	NA	NA	NA	NA	NA	NA	NA	NA	NA	NA	NA
Rat5_bin.53	NA	NA	0.00303130	NA	0.00557884	NA	NA	NA	NA	NA	NA	NA	NA	NA	NA	NA	NA	NA	NA	0.00273829	NA	NA	NA	NA	NA	NA	NA	NA	0.00208493	NA	NA	NA	NA	NA	NA	NA	NA	NA	NA	NA	NA	NA	NA	0.00998163	NA	0.00583923	0.00160375	0.00115393	NA	NA	NA	NA	NA
Rat5_bin.54	NA	NA	0.00045758	NA	NA	NA	NA	NA	0.00095233	NA	NA	NA	0.00060601	NA	NA	NA	0.00090903	NA	NA	0.00255014	NA	NA	NA	NA	NA	NA	NA	NA	NA	NA	NA	0.00186708	0.00066872	NA	NA	NA	NA	NA	NA	NA	NA	NA	NA	NA	NA	NA	0.00415650	NA	NA	NA	NA	NA	NA
Rat5_bin.56	NA	NA	0.00649921	0.00994576	NA	NA	NA	NA	0.00629220	NA	NA	0.00527944	0.00905359	NA	NA	NA	NA	NA	NA	0.00393286	NA	NA	NA	NA	NA	NA	NA	0.00686310	NA	NA	NA	NA	NA	NA	NA	NA	NA	NA	NA	NA	NA	NA	NA	NA	NA	NA	NA	NA	NA	NA	NA	NA	NA
Rat5_bin.57	NA	NA	0.00067519	0.00068266	NA	NA	NA	NA	0.00124900	NA	NA	0.00092226	0.00064129	NA	NA	NA	NA	NA	NA	NA	NA	NA	NA	NA	NA	NA	NA	NA	NA	NA	0.00210298	0.00177240	NA	NA	NA	NA	NA	NA	NA	NA	NA	NA	NA	NA	NA	0.00257743	0.00252240	NA	NA	NA	0.00183745	NA	NA
Rat5_bin.58	NA	NA	0.00041530	NA	NA	NA	NA	NA	NA	NA	NA	NA	NA	NA	NA	NA	NA	NA	NA	0.00071985	NA	NA	NA	NA	0.00052293	0.00121006	NA	NA	NA	NA	NA	0.00071902	NA	NA	NA	NA	NA	NA	NA	NA	NA	NA	NA	NA	NA	NA	NA	NA	NA	NA	NA	NA	NA
Rat5_bin.59	NA	NA	0.00178079	0.00155675	NA	NA	NA	NA	0.00389738	NA	NA	NA	NA	NA	NA	NA	NA	NA	NA	NA	NA	NA	NA	NA	NA	NA	NA	NA	NA	NA	NA	NA	NA	NA	NA	NA	NA	NA	0.00914580	NA	NA	NA	NA	NA	NA	NA	0.00784326	NA	NA	NA	NA	NA	0.00278410
Rat5_bin.6	0.00110181	0.00192068	0.00123142	0.00144322	0.00100160	0.00202434	NA	NA	NA	NA	NA	0.00047995	0.00141719	NA	NA	NA	0.00064323	0.00057806	NA	0.00060237	NA	NA	NA	0.00095505	NA	NA	0.00099735	0.00115230	0.00169038	NA	NA	0.00123464	NA	NA	NA	NA	NA	NA	0.00108976	0.00128401	0.00069500	0.00061755	NA	NA	NA	NA	0.00046613	NA	NA	NA	NA	NA	0.00108845
Rat5_bin.60	NA	NA	0.00049543	NA	NA	NA	NA	NA	NA	NA	NA	NA	NA	NA	NA	NA	NA	NA	NA	NA	NA	NA	NA	NA	NA	NA	NA	NA	NA	NA	NA	NA	NA	NA	NA	NA	NA	NA	NA	NA	NA	NA	0.00107746	NA	NA	NA	NA	NA	NA	NA	NA	NA	NA
Rat5_bin.61	NA	0.00094248	0.00145157	0.00227185	NA	0.00328693	NA	0.00230984	0.00193993	0.00282277	0.00121434	0.00327256	0.00179582	NA	NA	0.00259917	0.00154977	NA	NA	0.00267509	NA	NA	0.00177868	NA	NA	NA	0.00141525	NA	NA	0.00166788	NA	NA	NA	NA	NA	NA	NA	NA	NA	0.00415344	NA	NA	NA	NA	NA	0.00310949	0.00084918	0.00284376	0.00296238	NA	0.00177108	0.00353234	0.00264297
Rat5_bin.62	NA	NA	0.01017350	0.00954231	NA	NA	NA	NA	NA	NA	NA	NA	NA	NA	NA	NA	0.00667322	0.00404008	NA	NA	NA	NA	NA	NA	NA	NA	NA	NA	NA	NA	NA	NA	NA	NA	NA	NA	NA	NA	NA	NA	NA	NA	NA	NA	NA	NA	NA	NA	NA	NA	NA	NA	NA
Rat5_bin.63	NA	NA	0.00142953	NA	NA	NA	NA	NA	0.01137920	NA	0.00739244	NA	NA	NA	NA	NA	NA	NA	NA	NA	NA	NA	NA	0.00045714	NA	NA	NA	0.00330629	0.00496928	NA	NA	NA	NA	NA	NA	0.00407286	NA	0.00558509	NA	NA	NA	NA	0.00852634	NA	NA	NA	NA	NA	0.00466171	NA	NA	NA	NA
Rat5_bin.66	NA	NA	0.00477168	NA	NA	NA	NA	NA	NA	NA	NA	NA	NA	NA	NA	NA	NA	NA	NA	NA	NA	NA	NA	NA	NA	NA	NA	NA	NA	NA	NA	NA	NA	NA	NA	NA	NA	NA	NA	NA	0.00478349	NA	NA	NA	NA	NA	NA	NA	NA	NA	NA	NA	NA
Rat5_bin.7	NA	NA	0.00225555	NA	0.00189998	NA	NA	0.00127236	NA	NA	NA	NA	NA	NA	NA	NA	NA	NA	NA	NA	NA	NA	NA	NA	NA	NA	NA	NA	0.00301691	NA	NA	NA	NA	NA	NA	NA	0.00196333	NA	NA	NA	0.00125308	NA	NA	NA	NA	NA	NA	NA	NA	0.00137418	NA	NA	NA
Rat5_bin.8	NA	NA	0.00133661	NA	NA	NA	NA	NA	NA	NA	NA	NA	NA	NA	NA	NA	NA	NA	NA	NA	NA	NA	NA	NA	NA	NA	NA	NA	NA	NA	NA	NA	NA	NA	NA	NA	NA	NA	NA	NA	NA	NA	NA	NA	NA	NA	NA	NA	NA	NA	NA	NA	NA
Rat5_bin.9	NA	NA	0.00051530	NA	NA	NA	NA	NA	0.00218347	NA	NA	NA	0.00210794	NA	0.00156854	NA	NA	NA	NA	0.00080561	NA	NA	NA	NA	NA	NA	NA	NA	NA	NA	NA	NA	NA	NA	NA	NA	NA	NA	NA	NA	NA	NA	NA	NA	NA	NA	NA	NA	NA	NA	NA	NA	NA
Rat60_bin.1	0.00082446	NA	NA	NA	0.00160578	0.00087370	0.00045475	0.00065466	0.00066951	0.00090442	NA	NA	NA	0.00136392	NA	NA	NA	NA	0.00141038	0.00050731	0.00038985	NA	NA	NA	NA	0.00050399	NA	NA	NA	NA	NA	0.00125914	NA	NA	NA	NA	NA	NA	NA	NA	NA	NA	NA	NA	NA	NA	NA	NA	NA	NA	NA	NA	NA
Rat60_bin.10	NA	NA	NA	NA	NA	NA	NA	NA	NA	NA	NA	NA	NA	NA	NA	NA	NA	NA	NA	NA	NA	0.00273506	NA	NA	NA	0.00071870	NA	NA	NA	NA	NA	NA	NA	NA	NA	NA	NA	NA	NA	NA	NA	NA	NA	NA	NA	NA	NA	NA	NA	NA	NA	NA	NA
Rat60_bin.11	NA	NA	NA	NA	NA	NA	NA	NA	NA	NA	NA	NA	NA	NA	NA	NA	NA	NA	NA	NA	NA	NA	NA	NA	NA	0.00081063	0.00049193	NA	NA	NA	NA	NA	NA	NA	NA	NA	NA	NA	NA	NA	NA	NA	NA	NA	NA	NA	NA	NA	NA	NA	NA	NA	NA
Rat60_bin.12	NA	NA	NA	NA	NA	NA	NA	NA	NA	NA	NA	NA	NA	NA	NA	NA	NA	NA	NA	NA	NA	NA	0.00923893	NA	0.00599005	0.00426235	0.00411400	NA	NA	NA	NA	NA	NA	NA	NA	NA	NA	NA	NA	NA	NA	NA	NA	NA	NA	NA	NA	NA	NA	NA	NA	NA	NA
Rat60_bin.13	NA	0.00301028	NA	NA	NA	0.00202231	0.00153218	0.00158739	NA	0.00182888	NA	NA	NA	0.00346770	NA	0.00201773	NA	NA	0.00312443	NA	NA	0.00646719	0.00612746	NA	0.00458989	0.00087716	NA	NA	NA	NA	NA	NA	NA	NA	NA	NA	NA	NA	NA	NA	NA	NA	NA	NA	NA	NA	NA	NA	NA	NA	NA	NA	NA
Rat60_bin.14	0.00541782	0.00313034	NA	NA	0.00260443	0.00389313	0.00330631	0.00359540	NA	0.00336038	NA	NA	NA	0.00335883	NA	0.00353202	NA	NA	0.00356242	NA	0.00173203	0.00204372	0.00240332	0.00463433	0.00350222	0.00161339	0.00357480	NA	NA	NA	NA	NA	NA	NA	NA	NA	NA	NA	NA	0.00341385	NA	NA	NA	0.00210319	NA	NA	0.00372788	NA	NA	NA	NA	NA	NA
Rat60_bin.17	0.00342409	NA	0.00584640	0.00186319	NA	NA	0.00254660	0.00314153	0.00435699	NA	NA	NA	0.00098004	NA	NA	NA	NA	NA	NA	NA	0.00302334	0.00170429	0.00164941	0.00201901	0.00079442	0.00088540	0.00174584	NA	NA	NA	NA	NA	NA	NA	NA	NA	NA	NA	0.00413726	0.00676994	NA	NA	NA	NA	NA	NA	0.00600877	NA	NA	NA	NA	NA	NA
Rat60_bin.2	0.00341562	0.01448559	NA	NA	0.00875209	0.00244223	0.00171312	0.00250313	NA	0.00325945	NA	NA	NA	0.00271334	NA	0.00264257	NA	NA	0.00523706	NA	0.00317963	0.00289449	0.00643536	0.00785062	0.00176973	0.00186432	0.00226008	0.01724308	0.01515516	NA	0.01585426	0.01465903	0.01591415	0.01606088	NA	NA	NA	NA	0.00555970	0.00299483	NA	NA	NA	NA	NA	NA	0.01242405	NA	NA	NA	NA	NA	NA
Rat60_bin.22	NA	NA	NA	NA	NA	0.00186278	NA	NA	NA	0.00087467	NA	NA	NA	NA	NA	0.00129183	NA	NA	NA	NA	NA	NA	NA	NA	0.00202696	0.00076023	NA	NA	NA	NA	NA	NA	NA	NA	NA	NA	NA	NA	NA	NA	NA	NA	NA	0.00355834	NA	NA	NA	NA	NA	0.00141915	NA	NA	NA
Rat60_bin.23	NA	0.00416392	NA	NA	NA	NA	0.00423011	NA	NA	NA	NA	NA	NA	NA	NA	NA	NA	NA	NA	NA	0.00440158	0.00331132	0.00389828	0.00294635	0.00047485	0.00301142	0.00261863	NA	NA	NA	NA	NA	NA	NA	NA	NA	NA	NA	0.00064717	0.00053732	NA	NA	NA	0.01394630	NA	NA	0.00707230	NA	NA	NA	NA	NA	NA
Rat60_bin.24	0.00074292	NA	NA	NA	0.00181409	NA	0.00074825	NA	NA	NA	NA	NA	NA	NA	NA	NA	NA	NA	NA	NA	NA	NA	NA	NA	NA	0.00088485	NA	NA	NA	NA	NA	NA	NA	NA	NA	NA	NA	NA	NA	NA	NA	NA	NA	NA	NA	NA	NA	NA	NA	NA	NA	NA	NA
Rat60_bin.26	0.00524268	0.00339448	NA	NA	NA	NA	0.00412797	0.00429250	NA	0.00337021	NA	0.00135975	NA	NA	NA	NA	NA	NA	0.00610952	NA	NA	0.00492334	NA	NA	NA	0.00244896	NA	NA	NA	NA	NA	NA	NA	NA	NA	NA	NA	NA	0.00313052	NA	NA	NA	NA	NA	NA	NA	NA	NA	NA	NA	NA	NA	NA
Rat60_bin.27	NA	NA	NA	NA	NA	NA	NA	NA	NA	NA	NA	NA	NA	NA	NA	NA	NA	NA	NA	NA	0.00226828	NA	NA	0.00089781	0.00085111	0.00140102	0.00385341	NA	NA	NA	NA	NA	NA	NA	NA	NA	NA	NA	NA	0.00560353	NA	NA	NA	NA	NA	NA	NA	NA	NA	NA	NA	NA	NA
Rat60_bin.28	NA	NA	NA	NA	NA	NA	NA	NA	NA	NA	NA	NA	NA	NA	NA	NA	NA	NA	NA	NA	NA	NA	NA	NA	NA	0.00051368	0.00369961	NA	NA	NA	NA	NA	NA	NA	NA	NA	NA	NA	NA	NA	NA	NA	NA	NA	NA	NA	NA	NA	NA	NA	NA	NA	NA
Rat60_bin.29	NA	NA	NA	NA	NA	NA	NA	NA	NA	NA	NA	NA	NA	NA	NA	NA	NA	NA	NA	NA	NA	NA	0.00078447	NA	NA	0.00057370	NA	NA	NA	NA	NA	NA	NA	NA	NA	NA	NA	NA	NA	NA	NA	NA	NA	NA	NA	NA	NA	NA	NA	NA	NA	NA	NA
Rat60_bin.3	NA	NA	NA	NA	NA	NA	NA	NA	NA	NA	NA	NA	NA	NA	NA	NA	NA	NA	NA	NA	0.00078580	NA	NA	NA	NA	0.00053963	0.00048611	NA	NA	NA	NA	NA	NA	NA	NA	NA	NA	NA	NA	NA	NA	NA	NA	NA	NA	NA	NA	NA	NA	NA	NA	NA	NA
Rat60_bin.32	NA	0.00398791	NA	NA	NA	0.00086942	NA	NA	NA	0.00373131	NA	NA	NA	NA	NA	NA	NA	NA	NA	NA	0.00183968	0.00234991	0.00355030	0.00296738	0.00123816	0.00049079	0.00314072	NA	NA	NA	NA	NA	NA	NA	NA	NA	NA	NA	NA	NA	NA	NA	NA	NA	NA	NA	NA	NA	NA	NA	NA	NA	NA
Rat60_bin.35	NA	NA	NA	NA	NA	NA	NA	NA	NA	NA	NA	NA	NA	0.00150068	NA	0.00144470	NA	NA	NA	NA	0.00158530	NA	NA	NA	NA	0.00066086	NA	NA	NA	NA	NA	NA	NA	NA	NA	NA	NA	NA	NA	NA	NA	NA	NA	NA	NA	NA	NA	NA	NA	NA	NA	NA	NA
Rat60_bin.39	0.00825456	0.00460327	NA	NA	NA	NA	0.00605191	NA	NA	NA	NA	NA	NA	0.01061316	NA	0.00993571	NA	NA	NA	NA	0.00746459	NA	NA	NA	0.00069439	0.00355415	NA	NA	NA	NA	NA	NA	NA	NA	NA	NA	NA	NA	NA	NA	NA	NA	NA	NA	NA	NA	NA	NA	NA	NA	NA	NA	NA
Rat60_bin.40	0.00191902	0.00522580	NA	NA	0.00133300	0.00405306	0.00197973	0.00440700	NA	0.00310873	NA	NA	NA	0.00333930	NA	0.00364275	NA	NA	0.00420460	NA	0.00138492	0.00239747	0.00178712	NA	0.00172715	0.00069674	NA	NA	NA	NA	NA	NA	NA	NA	NA	NA	NA	NA	NA	NA	NA	NA	NA	NA	NA	NA	NA	NA	NA	NA	NA	NA	NA
Rat60_bin.46	NA	NA	NA	NA	NA	NA	NA	NA	NA	NA	NA	NA	NA	0.00273491	NA	0.00182509	NA	NA	0.00189060	NA	0.00139446	0.00194720	0.00180493	0.00153060	NA	0.00118947	0.00134824	NA	NA	NA	NA	NA	NA	NA	NA	NA	NA	NA	NA	NA	NA	NA	NA	NA	NA	NA	NA	NA	NA	NA	NA	NA	NA
Rat60_bin.48	0.00201576	0.00496006	NA	NA	NA	NA	NA	NA	NA	0.00210598	NA	NA	NA	NA	NA	NA	NA	NA	0.00431060	NA	0.00152244	0.00074225	0.00064219	NA	0.00119741	0.00081888	NA	NA	NA	NA	NA	NA	NA	NA	NA	NA	NA	NA	NA	0.00046989	NA	NA	NA	NA	NA	NA	NA	NA	NA	NA	NA	NA	NA
Rat60_bin.5	0.00740646	0.00603991	NA	NA	NA	0.00727691	0.00144842	0.00471194	NA	0.00459101	NA	NA	NA	0.00951696	NA	0.00872676	NA	NA	0.00641402	NA	0.00286436	NA	0.00577332	NA	0.00037422	0.00079631	NA	NA	NA	NA	NA	NA	NA	NA	NA	NA	NA	NA	NA	NA	NA	NA	NA	NA	NA	NA	NA	NA	NA	NA	NA	NA	NA
Rat60_bin.53	NA	0.00119987	NA	NA	NA	NA	NA	0.00405984	NA	NA	NA	NA	0.00073468	NA	NA	NA	NA	NA	0.00235166	0.00068237	0.00209746	0.00242367	NA	NA	NA	0.00247128	NA	NA	NA	NA	NA	NA	NA	NA	NA	NA	NA	NA	NA	NA	NA	NA	NA	NA	NA	NA	NA	NA	NA	NA	NA	NA	NA
Rat60_bin.54	NA	NA	NA	NA	NA	NA	0.00249076	0.00280563	0.00185155	NA	NA	NA	NA	NA	NA	NA	NA	NA	NA	NA	0.00152431	NA	NA	0.00182789	NA	0.00103621	NA	NA	NA	NA	NA	NA	NA	NA	NA	NA	NA	NA	0.00178440	NA	NA	NA	NA	NA	NA	NA	NA	0.00113746	NA	NA	NA	NA	0.00143476
Rat60_bin.55	NA	NA	NA	NA	NA	NA	NA	NA	NA	NA	NA	NA	NA	NA	NA	NA	NA	NA	NA	NA	NA	NA	NA	NA	0.00560793	0.00255294	NA	NA	NA	NA	NA	NA	NA	NA	NA	NA	NA	NA	NA	NA	NA	NA	NA	NA	NA	NA	NA	NA	NA	NA	NA	NA	NA
Rat60_bin.56	NA	0.00133127	NA	NA	NA	NA	NA	0.00259123	NA	NA	NA	NA	NA	0.00375282	NA	0.00505402	NA	NA	NA	NA	0.00237069	NA	0.00485300	0.00271496	0.00415595	0.00060223	0.00617815	NA	NA	NA	NA	NA	NA	NA	NA	NA	NA	NA	NA	NA	NA	NA	NA	NA	NA	NA	NA	NA	NA	NA	NA	NA	NA
Rat60_bin.58	NA	0.00168732	NA	0.00161373	NA	NA	0.00138368	0.00139721	0.00075544	NA	NA	NA	NA	NA	NA	NA	NA	NA	0.00172957	NA	0.00293623	0.00113387	0.00089866	0.00075008	NA	0.00040103	NA	NA	NA	NA	NA	NA	NA	NA	NA	NA	NA	NA	NA	NA	NA	NA	NA	NA	NA	NA	NA	NA	NA	NA	NA	NA	NA
Rat60_bin.6	NA	NA	NA	NA	NA	NA	NA	NA	NA	NA	NA	NA	0.00054496	NA	NA	NA	NA	NA	NA	NA	0.00049305	NA	NA	0.00044222	NA	0.00058345	NA	NA	NA	NA	NA	NA	NA	NA	NA	NA	NA	NA	NA	NA	NA	NA	NA	NA	NA	NA	NA	NA	NA	NA	NA	NA	NA
Rat60_bin.62	NA	NA	NA	NA	NA	NA	NA	NA	NA	NA	NA	NA	NA	NA	NA	NA	NA	NA	NA	NA	NA	NA	NA	NA	NA	0.00075936	NA	NA	NA	NA	NA	NA	NA	NA	NA	NA	NA	NA	NA	NA	NA	NA	NA	NA	NA	NA	NA	NA	NA	NA	NA	NA	NA
Rat60_bin.64	0.00322285	0.00233034	NA	NA	NA	0.00248839	NA	0.00311465	NA	0.00242059	NA	NA	NA	0.00216620	NA	NA	NA	NA	0.00316597	NA	NA	NA	0.00252824	NA	NA	0.00108144	0.00171716	NA	NA	NA	NA	NA	NA	NA	NA	NA	NA	NA	NA	0.00080932	NA	NA	NA	NA	NA	NA	NA	NA	NA	NA	NA	NA	0.00138835
Rat60_bin.70	0.01346027	0.00292398	NA	NA	0.00321081	NA	0.00684930	0.00529427	NA	0.00282192	NA	NA	NA	0.00157107	NA	NA	NA	NA	NA	NA	NA	0.00125776	0.00133783	0.00247435	NA	0.00087668	0.00235782	NA	NA	NA	0.00082542	NA	NA	NA	NA	NA	NA	NA	NA	NA	NA	NA	NA	NA	NA	NA	NA	NA	NA	NA	NA	NA	NA
Rat60_bin.71	NA	NA	NA	NA	NA	NA	NA	NA	NA	NA	NA	NA	NA	0.00360585	NA	NA	NA	NA	NA	0.00264310	NA	NA	NA	NA	0.00048523	0.00192948	NA	NA	NA	NA	NA	NA	NA	NA	NA	NA	NA	NA	NA	NA	NA	NA	NA	NA	NA	NA	NA	NA	NA	NA	NA	NA	NA
Rat60_bin.73	NA	0.00383241	NA	NA	NA	0.00330160	NA	NA	0.00560400	0.00401326	NA	0.00672715	NA	NA	NA	NA	NA	NA	NA	NA	NA	0.00167758	0.00302568	0.00224434	0.00186748	0.00138637	0.00210760	NA	NA	NA	NA	NA	NA	NA	NA	NA	NA	NA	NA	0.00499606	NA	NA	NA	0.00579703	NA	0.00525971	NA	0.00485182	0.00514496	NA	0.00241247	NA	NA
Rat60_bin.9	NA	NA	NA	NA	NA	NA	NA	NA	NA	NA	NA	NA	NA	NA	NA	NA	NA	NA	NA	NA	NA	NA	NA	NA	NA	0.00038122	NA	NA	NA	NA	0.00049244	NA	NA	NA	NA	NA	NA	NA	NA	NA	NA	NA	NA	NA	NA	NA	NA	0.00073320	0.00095639	NA	NA	NA	0.00062826
Rat61_bin.1	NA	NA	NA	NA	NA	NA	NA	NA	NA	NA	NA	NA	NA	NA	NA	NA	NA	NA	NA	NA	NA	0.00598506	0.00784344	NA	0.00579230	NA	0.00488935	NA	NA	NA	NA	NA	NA	NA	NA	NA	NA	NA	NA	NA	NA	NA	NA	NA	NA	NA	NA	NA	NA	NA	NA	NA	NA
Rat61_bin.11	NA	0.00447919	NA	NA	NA	NA	0.00442488	NA	NA	NA	NA	NA	NA	NA	NA	NA	NA	NA	NA	NA	0.00553280	0.00406504	0.00420137	0.00260686	0.00043439	0.00477451	0.00138511	NA	NA	NA	NA	NA	NA	NA	NA	NA	NA	NA	0.00109726	0.00060675	NA	NA	NA	0.01442784	NA	NA	0.00682388	NA	NA	NA	NA	NA	NA
Rat61_bin.12	0.00121172	0.00152274	NA	NA	NA	0.00152851	0.00104433	0.00145131	NA	0.00130684	NA	NA	NA	0.00161774	NA	0.00138718	NA	NA	0.00149947	NA	0.00142213	0.00155627	0.00141026	0.00128754	0.00043360	0.00069938	0.00033750	NA	NA	NA	NA	NA	NA	NA	NA	NA	NA	NA	NA	NA	NA	NA	NA	NA	NA	NA	NA	NA	NA	NA	NA	NA	NA
Rat61_bin.23	0.00357652	0.00266973	NA	NA	NA	0.00239431	0.00260349	0.00376493	NA	0.00398337	NA	NA	NA	NA	NA	0.00515439	NA	NA	0.00413794	NA	0.00361847	0.00093313	0.00223722	0.00054118	NA	0.00223761	0.00113843	NA	NA	NA	NA	NA	NA	NA	NA	NA	NA	NA	NA	NA	NA	NA	NA	NA	NA	NA	NA	NA	NA	NA	NA	NA	NA
Rat61_bin.24	NA	NA	NA	NA	NA	NA	NA	NA	NA	NA	NA	NA	NA	NA	NA	NA	NA	NA	NA	NA	NA	NA	NA	0.00082232	NA	NA	0.00062287	NA	NA	NA	NA	NA	NA	NA	NA	NA	NA	NA	NA	NA	NA	NA	NA	NA	NA	NA	0.00589665	NA	NA	NA	NA	NA	NA
Rat61_bin.25	0.00657432	NA	NA	NA	NA	0.00761322	0.00833182	0.00821238	NA	0.00717951	NA	NA	NA	0.00921789	NA	0.01165006	NA	NA	NA	NA	0.00294583	0.00584747	0.00582737	0.00273750	0.00371010	0.00571425	0.00101016	NA	NA	NA	NA	NA	NA	NA	NA	NA	NA	NA	NA	0.00388451	NA	NA	NA	NA	NA	NA	0.00429718	NA	NA	NA	NA	NA	NA
Rat61_bin.27	NA	NA	NA	NA	NA	0.00515566	NA	NA	NA	0.00349379	NA	NA	NA	NA	NA	NA	NA	NA	NA	NA	NA	0.00078621	NA	0.00337264	NA	NA	0.00316514	NA	NA	NA	NA	NA	NA	NA	NA	NA	NA	NA	NA	0.00762591	NA	NA	NA	NA	NA	0.00554849	NA	NA	NA	NA	NA	NA	NA
Rat61_bin.28	NA	0.00152532	0.00140128	NA	0.00063130	NA	0.00081037	NA	NA	NA	NA	0.00052674	NA	NA	NA	NA	NA	NA	NA	0.00065176	0.00100870	NA	0.00077375	0.00070616	NA	NA	0.00069534	0.00082517	0.00119813	0.00135378	NA	0.00078912	NA	NA	NA	NA	NA	NA	NA	0.00114509	NA	0.00065753	NA	NA	NA	NA	NA	NA	NA	NA	NA	NA	0.00085491
Rat61_bin.29	0.00315315	NA	NA	NA	NA	NA	NA	NA	NA	0.01376444	NA	NA	NA	NA	NA	NA	NA	NA	NA	NA	NA	0.00298864	NA	0.00164293	NA	NA	0.00070667	NA	NA	NA	NA	NA	NA	NA	NA	NA	NA	NA	0.00114291	0.00119060	NA	NA	NA	NA	NA	NA	NA	NA	NA	NA	NA	NA	NA
Rat61_bin.30	NA	NA	NA	NA	NA	NA	NA	NA	NA	NA	NA	NA	0.00247162	NA	NA	0.00071868	NA	NA	NA	NA	0.00150998	NA	NA	0.00180547	NA	0.00168630	0.00062751	NA	NA	NA	NA	NA	NA	NA	NA	NA	NA	NA	NA	0.00108025	NA	NA	NA	NA	NA	NA	NA	NA	NA	NA	NA	NA	NA
Rat61_bin.33	0.00224557	0.00201542	0.00379498	0.00378748	NA	0.00210444	0.00239893	NA	0.00405624	0.00157423	NA	0.00546204	0.00401586	NA	NA	0.00224231	NA	NA	NA	NA	NA	NA	0.00290043	0.00199784	NA	0.00132192	0.00281373	NA	NA	NA	NA	NA	NA	NA	NA	NA	NA	NA	NA	0.00362701	NA	NA	NA	0.00846341	NA	0.00421588	0.00252011	0.00399389	0.00429379	NA	0.00224255	NA	NA
Rat61_bin.35	NA	0.00577189	NA	NA	NA	0.00504015	0.00268418	NA	NA	NA	NA	NA	NA	NA	NA	0.00529647	NA	NA	0.00362102	NA	0.00490616	0.00369931	0.00514798	NA	0.00428188	0.00492647	0.00408993	NA	NA	NA	NA	NA	NA	NA	NA	NA	NA	NA	0.00500711	0.00654547	NA	NA	NA	NA	NA	NA	NA	NA	NA	NA	NA	NA	0.00333418
Rat61_bin.36	NA	NA	NA	NA	NA	NA	NA	NA	NA	NA	NA	NA	NA	NA	NA	NA	NA	NA	0.00470785	NA	NA	NA	NA	0.00258938	0.00989566	NA	0.00064611	NA	NA	NA	NA	NA	NA	NA	NA	NA	NA	NA	NA	NA	NA	NA	NA	NA	NA	NA	NA	NA	NA	NA	NA	NA	NA
Rat61_bin.37	NA	NA	0.00048858	NA	NA	0.00315059	NA	NA	NA	NA	NA	0.00551575	0.00083578	NA	NA	0.00365384	NA	NA	NA	NA	NA	0.00407853	0.00469726	NA	0.00828013	0.00276797	0.00386279	NA	NA	NA	NA	NA	NA	NA	NA	NA	NA	NA	NA	0.00132167	0.00102852	0.00728423	NA	0.00373040	NA	NA	NA	NA	NA	0.01084142	NA	NA	NA
Rat61_bin.40	NA	NA	0.00031014	NA	NA	NA	NA	NA	NA	NA	NA	NA	NA	NA	NA	NA	NA	NA	0.00095349	NA	0.00063842	0.00098538	NA	0.00076423	0.00054797	0.00055802	0.00058458	NA	NA	NA	NA	NA	NA	NA	NA	NA	NA	NA	NA	NA	NA	NA	NA	NA	NA	0.00079202	NA	NA	NA	NA	NA	NA	NA
Rat61_bin.41	NA	0.00281329	NA	NA	0.00331524	NA	0.00139228	0.00271743	NA	NA	NA	NA	NA	NA	NA	NA	NA	NA	0.00253931	NA	0.00243413	NA	0.00840213	NA	0.00226541	0.00486218	0.00128712	NA	NA	NA	NA	NA	NA	NA	NA	NA	NA	NA	NA	0.00119351	NA	NA	NA	NA	NA	NA	NA	NA	NA	NA	NA	NA	NA
Rat61_bin.43	NA	NA	NA	NA	NA	NA	0.00324633	NA	NA	NA	NA	NA	NA	NA	NA	NA	NA	NA	NA	NA	0.00200366	0.00488067	0.00416212	NA	NA	0.00101549	0.00091607	NA	NA	NA	NA	NA	NA	NA	NA	NA	NA	NA	NA	NA	NA	NA	NA	NA	NA	NA	NA	NA	NA	NA	NA	NA	NA
Rat61_bin.44	NA	NA	NA	NA	NA	NA	NA	NA	NA	0.00248248	NA	NA	NA	NA	NA	NA	NA	NA	NA	NA	NA	0.00189511	0.00336522	0.00138350	0.00088018	NA	0.00251133	NA	NA	NA	NA	NA	NA	NA	NA	NA	NA	NA	NA	0.00757498	NA	NA	NA	0.00870503	NA	0.00491780	NA	0.00810373	0.00661176	NA	0.00196818	NA	NA
Rat61_bin.45	NA	NA	NA	NA	NA	0.00061096	NA	0.00093228	NA	0.00064348	NA	NA	NA	NA	NA	NA	NA	NA	NA	NA	NA	NA	NA	NA	NA	NA	0.00039831	NA	NA	NA	NA	NA	NA	NA	NA	NA	NA	NA	NA	NA	NA	NA	NA	NA	NA	NA	NA	NA	NA	NA	NA	NA	NA
Rat61_bin.46	NA	0.00150746	NA	NA	NA	0.00357830	NA	NA	NA	NA	NA	NA	NA	NA	NA	NA	NA	NA	NA	NA	0.00526166	NA	NA	NA	NA	0.00197975	0.00124446	NA	NA	NA	NA	NA	NA	NA	NA	NA	NA	NA	NA	NA	NA	NA	NA	0.00391864	NA	NA	NA	NA	NA	NA	NA	NA	NA
Rat61_bin.47	NA	0.00163877	0.00265877	0.00347208	NA	0.00415432	NA	0.00300686	0.00285617	0.00357057	NA	0.00431160	0.00339078	NA	NA	0.00343220	NA	NA	NA	NA	NA	NA	0.00251458	0.00281068	NA	NA	0.00080422	NA	0.00100681	0.00194153	NA	NA	NA	NA	NA	NA	NA	NA	NA	0.00458888	NA	NA	NA	0.01043243	NA	0.00395698	0.00110512	0.00421755	0.00381023	NA	0.00168662	0.00308689	NA
Rat61_bin.48	NA	NA	NA	NA	NA	NA	NA	NA	NA	NA	NA	NA	NA	NA	NA	NA	NA	NA	NA	NA	NA	NA	0.00682902	NA	0.00759029	NA	0.00620957	NA	NA	NA	NA	NA	NA	NA	NA	NA	NA	NA	NA	NA	NA	NA	NA	NA	NA	NA	NA	NA	NA	NA	NA	NA	NA
Rat61_bin.49	NA	NA	NA	NA	NA	NA	NA	NA	NA	NA	NA	NA	NA	NA	NA	NA	NA	NA	NA	NA	0.00063956	NA	NA	NA	NA	0.00027385	0.00039053	NA	NA	NA	NA	NA	NA	NA	NA	NA	NA	NA	NA	NA	NA	NA	NA	NA	NA	NA	NA	NA	NA	NA	NA	NA	NA
Rat61_bin.5	NA	NA	NA	NA	NA	NA	NA	0.00064470	NA	NA	NA	NA	NA	NA	NA	NA	NA	NA	NA	NA	0.00287262	0.00501177	0.00485651	NA	0.00119822	NA	0.00060241	NA	NA	NA	NA	NA	NA	NA	NA	NA	NA	NA	NA	0.00071025	NA	NA	NA	NA	NA	NA	NA	NA	NA	NA	NA	NA	NA
Rat61_bin.52	NA	NA	NA	NA	NA	NA	NA	NA	NA	NA	NA	NA	NA	NA	NA	NA	NA	NA	NA	NA	0.00140928	0.00146987	NA	0.00129307	0.00075002	NA	0.00069094	NA	NA	NA	NA	NA	NA	NA	NA	NA	NA	NA	NA	NA	NA	NA	NA	NA	NA	NA	NA	NA	NA	NA	NA	NA	NA
Rat61_bin.53	NA	NA	NA	NA	NA	NA	NA	NA	NA	0.00169249	NA	NA	NA	NA	NA	0.00172149	NA	NA	NA	NA	NA	0.00384668	0.00153918	NA	NA	NA	0.00089765	NA	NA	NA	NA	NA	NA	NA	NA	NA	NA	NA	NA	NA	NA	NA	NA	NA	NA	NA	NA	NA	NA	NA	NA	NA	NA
Rat61_bin.54	NA	NA	NA	NA	NA	NA	NA	NA	NA	NA	NA	NA	NA	NA	NA	NA	NA	NA	NA	NA	NA	0.00266563	0.00098046	NA	NA	NA	0.00046976	NA	NA	NA	NA	NA	NA	NA	NA	NA	NA	NA	NA	NA	NA	NA	NA	NA	NA	NA	NA	NA	NA	NA	NA	NA	NA
Rat61_bin.56	0.00673763	0.00394016	NA	NA	0.00242305	0.00473801	0.00398692	0.00352272	NA	0.00501174	NA	NA	NA	0.00654321	NA	0.00629424	NA	NA	0.00278007	NA	0.00232465	0.00274883	0.00240824	0.00201749	0.00052284	0.00179433	0.00075277	NA	NA	NA	NA	NA	NA	NA	NA	NA	NA	NA	NA	NA	NA	NA	NA	0.00282638	NA	NA	NA	NA	NA	NA	NA	NA	NA
Rat61_bin.8	NA	NA	NA	NA	NA	0.00183537	NA	NA	NA	NA	NA	NA	NA	NA	NA	NA	NA	NA	NA	NA	NA	NA	NA	0.00097471	NA	NA	0.00064090	NA	NA	NA	NA	NA	NA	NA	NA	NA	NA	NA	NA	NA	NA	NA	NA	NA	NA	NA	NA	NA	NA	NA	NA	NA	NA
Rat8_bin.1	0.00097283	NA	NA	0.00049017	0.00166058	0.00097271	NA	0.00075844	0.00067667	0.00112427	0.00151126	0.00107742	0.00087549	0.00172157	NA	NA	NA	NA	0.00163659	0.00058760	NA	NA	NA	NA	NA	NA	NA	NA	NA	NA	NA	0.00121024	NA	NA	NA	NA	NA	NA	NA	NA	NA	NA	NA	NA	NA	NA	NA	NA	NA	NA	NA	NA	NA
Rat8_bin.10	NA	NA	0.00060919	0.00049240	NA	NA	NA	NA	NA	NA	NA	NA	NA	NA	NA	NA	NA	NA	NA	NA	NA	NA	NA	NA	NA	NA	NA	NA	NA	NA	NA	NA	NA	NA	NA	NA	NA	NA	NA	NA	NA	NA	NA	NA	NA	NA	NA	NA	NA	NA	NA	NA	NA
Rat8_bin.12	NA	NA	NA	0.00059977	NA	NA	NA	0.00292200	NA	NA	NA	0.00102773	NA	NA	NA	NA	NA	NA	NA	NA	NA	NA	NA	NA	NA	NA	NA	NA	NA	NA	NA	NA	NA	NA	NA	NA	NA	NA	NA	NA	NA	NA	NA	NA	NA	NA	NA	NA	0.00189537	NA	NA	NA	NA
Rat8_bin.14	NA	NA	NA	0.00131175	NA	NA	NA	NA	0.00178229	NA	NA	0.00088223	NA	NA	NA	NA	0.00129945	NA	NA	NA	NA	NA	NA	NA	NA	NA	NA	NA	NA	NA	NA	NA	NA	NA	NA	NA	NA	NA	NA	NA	NA	NA	NA	NA	NA	NA	NA	NA	NA	NA	NA	NA	NA
Rat8_bin.16	NA	NA	NA	0.00074495	NA	NA	NA	NA	0.00106867	NA	NA	NA	NA	NA	NA	NA	NA	NA	NA	NA	NA	NA	NA	NA	NA	NA	NA	NA	NA	NA	NA	NA	NA	NA	NA	NA	NA	NA	NA	NA	NA	NA	NA	NA	NA	NA	NA	NA	NA	NA	NA	NA	NA
Rat8_bin.19	NA	NA	NA	0.00298909	NA	NA	NA	NA	0.00246267	NA	NA	NA	NA	NA	NA	NA	NA	NA	NA	NA	NA	NA	NA	NA	NA	NA	NA	NA	NA	NA	NA	NA	NA	NA	NA	NA	NA	NA	NA	NA	NA	NA	NA	NA	NA	NA	NA	NA	NA	NA	NA	NA	NA
Rat8_bin.20	NA	NA	NA	0.00165006	NA	NA	NA	NA	0.01049928	NA	0.00155876	0.01257692	NA	NA	NA	NA	0.00300316	NA	NA	NA	NA	NA	NA	NA	NA	NA	NA	0.00146824	NA	NA	0.00291938	0.00568632	NA	NA	0.00557925	0.00267098	0.00111966	0.00312928	NA	NA	0.00242762	NA	NA	NA	NA	NA	NA	NA	0.00265713	NA	NA	0.00547093	NA
Rat8_bin.22	NA	NA	NA	0.00100412	NA	NA	NA	NA	NA	NA	NA	NA	NA	NA	NA	NA	NA	NA	NA	NA	NA	NA	NA	NA	NA	NA	NA	NA	NA	NA	NA	NA	NA	NA	NA	NA	NA	NA	NA	NA	NA	NA	NA	NA	NA	NA	NA	NA	NA	NA	NA	NA	NA
Rat8_bin.23	NA	NA	NA	0.00084591	NA	NA	NA	NA	NA	NA	NA	NA	NA	NA	NA	NA	NA	NA	NA	NA	NA	NA	NA	NA	NA	NA	NA	0.00111751	NA	NA	0.00099065	NA	NA	NA	NA	NA	NA	NA	NA	NA	NA	NA	NA	NA	NA	NA	NA	NA	NA	NA	NA	NA	NA
Rat8_bin.24	NA	NA	NA	0.00053472	NA	NA	NA	NA	0.00068073	NA	NA	0.00067506	0.00381619	NA	NA	NA	NA	NA	NA	NA	NA	NA	NA	NA	NA	NA	NA	NA	NA	NA	0.00056809	NA	NA	NA	NA	NA	NA	NA	NA	NA	NA	NA	NA	NA	NA	NA	0.00344955	NA	NA	NA	NA	NA	NA
Rat8_bin.25	NA	NA	NA	0.00107028	NA	NA	NA	NA	NA	NA	NA	NA	NA	NA	NA	NA	NA	NA	NA	NA	NA	NA	NA	NA	NA	NA	NA	NA	NA	NA	NA	NA	NA	NA	NA	NA	NA	NA	NA	NA	NA	NA	NA	NA	NA	NA	NA	NA	NA	NA	NA	NA	NA
Rat8_bin.28	NA	NA	NA	0.00159119	NA	NA	NA	NA	NA	NA	NA	0.00225354	NA	NA	NA	NA	NA	NA	NA	NA	NA	NA	NA	NA	NA	NA	NA	NA	NA	NA	NA	NA	NA	NA	NA	NA	NA	NA	NA	NA	NA	NA	NA	NA	NA	NA	NA	NA	NA	NA	NA	NA	NA
Rat8_bin.3	NA	NA	NA	0.00031849	NA	NA	NA	NA	NA	NA	NA	NA	NA	NA	NA	NA	NA	NA	NA	NA	NA	NA	NA	NA	0.00271629	NA	NA	NA	NA	NA	NA	NA	NA	NA	NA	NA	NA	NA	NA	NA	NA	NA	NA	NA	NA	NA	NA	NA	NA	NA	NA	NA	NA
Rat8_bin.30	NA	NA	NA	0.00062763	NA	NA	NA	NA	NA	NA	NA	NA	NA	NA	NA	NA	0.00086079	NA	NA	0.00066915	NA	NA	NA	NA	NA	NA	NA	NA	NA	NA	NA	NA	NA	NA	NA	NA	NA	NA	NA	NA	NA	NA	NA	NA	NA	NA	NA	NA	NA	NA	NA	NA	NA
Rat8_bin.32	NA	NA	NA	0.00061192	NA	NA	NA	NA	0.00075695	NA	NA	NA	0.00069551	NA	NA	NA	0.00091804	NA	NA	0.00047695	NA	NA	NA	NA	NA	NA	NA	NA	NA	NA	NA	NA	NA	NA	NA	NA	NA	NA	NA	NA	NA	NA	NA	NA	NA	NA	NA	NA	NA	NA	NA	NA	NA
Rat8_bin.33	NA	0.00096915	0.00155216	0.00133627	NA	0.00265740	0.00042902	0.00283669	0.00115623	0.00283213	0.00075132	0.00212305	0.00135299	NA	NA	0.00320119	NA	NA	NA	0.00037657	NA	NA	0.00123758	NA	NA	NA	0.00135813	NA	NA	0.00172608	NA	NA	NA	NA	NA	NA	NA	NA	NA	0.00133801	NA	NA	NA	NA	NA	0.00252059	0.00052723	0.00271595	0.00411438	NA	0.00143454	0.00326547	NA
Rat8_bin.35	NA	NA	NA	0.00107416	NA	NA	NA	NA	0.00695310	NA	0.01120265	NA	NA	NA	0.00729544	NA	NA	NA	NA	NA	NA	NA	NA	NA	NA	NA	NA	NA	NA	NA	NA	NA	NA	NA	NA	NA	NA	NA	NA	NA	NA	NA	NA	NA	NA	NA	NA	NA	NA	NA	NA	NA	NA
Rat8_bin.36	NA	NA	NA	0.00687416	NA	NA	NA	NA	NA	NA	0.00427886	0.00468470	NA	NA	NA	NA	0.00168765	NA	NA	0.00635281	NA	NA	NA	NA	NA	NA	NA	0.00258454	NA	0.00113072	NA	NA	0.00144900	0.00105958	0.00223212	0.00213178	NA	NA	NA	NA	NA	NA	NA	NA	NA	NA	NA	NA	NA	NA	NA	NA	NA
Rat8_bin.4	NA	NA	NA	0.00056031	0.00361726	NA	NA	0.00343604	NA	NA	0.00057217	0.00270652	NA	NA	NA	NA	NA	NA	0.00505121	NA	NA	NA	NA	NA	NA	NA	NA	NA	NA	NA	NA	NA	NA	NA	NA	NA	NA	NA	NA	NA	NA	NA	NA	NA	NA	NA	NA	NA	NA	NA	NA	NA	NA
Rat8_bin.40	NA	NA	NA	0.00106997	NA	NA	NA	NA	NA	NA	NA	NA	NA	NA	NA	NA	NA	0.00112655	NA	NA	NA	NA	NA	NA	NA	NA	NA	NA	NA	NA	NA	NA	NA	NA	NA	NA	NA	NA	NA	NA	NA	NA	NA	NA	NA	NA	NA	NA	NA	NA	NA	NA	NA
Rat8_bin.41	0.00400018	0.00289877	NA	0.00066356	NA	NA	NA	NA	0.00190327	NA	NA	0.00099924	0.00191089	NA	NA	NA	NA	NA	0.00326776	NA	0.00283359	NA	NA	0.00150414	NA	NA	0.00087655	NA	NA	NA	NA	NA	NA	NA	NA	NA	NA	NA	NA	NA	NA	NA	NA	NA	NA	NA	NA	NA	NA	NA	NA	NA	NA
Rat8_bin.42	NA	NA	0.00348575	0.00063614	NA	NA	NA	NA	0.00130881	NA	NA	NA	0.00224354	NA	0.00184524	NA	0.00377534	0.00097255	NA	0.00070229	NA	NA	NA	NA	NA	NA	NA	NA	NA	NA	0.00184646	0.00320802	NA	NA	NA	NA	0.00125937	NA	0.00118285	NA	0.00125826	NA	NA	NA	NA	NA	0.00450848	NA	0.00416906	0.00193959	0.00121728	0.00488787	NA
Rat8_bin.44	NA	NA	0.00124175	0.00070420	NA	NA	0.00088499	0.00131515	0.00111800	NA	NA	NA	NA	NA	NA	NA	NA	NA	NA	NA	NA	NA	NA	NA	NA	NA	NA	NA	NA	NA	NA	NA	NA	NA	NA	NA	NA	NA	0.00200259	NA	NA	NA	NA	NA	NA	0.00290814	NA	NA	NA	NA	NA	NA	NA
Rat8_bin.45	NA	NA	NA	0.00040924	NA	NA	NA	0.00130341	0.00124047	NA	0.00036599	NA	NA	NA	NA	NA	NA	NA	NA	NA	NA	NA	NA	NA	NA	NA	NA	NA	NA	NA	NA	NA	NA	NA	NA	NA	NA	NA	NA	NA	NA	NA	NA	NA	NA	NA	NA	NA	NA	NA	NA	NA	NA
Rat8_bin.46	NA	NA	NA	0.00885008	NA	NA	NA	NA	NA	NA	NA	NA	0.01933084	NA	NA	NA	NA	NA	NA	NA	NA	NA	NA	NA	NA	NA	NA	NA	NA	NA	NA	0.02160123	NA	NA	NA	NA	NA	NA	NA	NA	NA	NA	NA	NA	NA	NA	NA	NA	0.02799064	NA	NA	NA	NA
Rat8_bin.47	NA	NA	NA	0.00058848	NA	NA	NA	NA	0.00122009	NA	NA	0.00193899	NA	NA	NA	NA	NA	NA	NA	NA	NA	NA	NA	NA	NA	NA	NA	NA	NA	NA	NA	NA	NA	NA	NA	NA	NA	NA	NA	NA	NA	NA	NA	NA	NA	NA	NA	NA	NA	NA	NA	NA	NA
Rat8_bin.48	NA	NA	NA	0.00127668	NA	0.00075638	NA	NA	NA	NA	NA	0.00172047	NA	NA	NA	NA	0.00068402	NA	0.00204250	NA	NA	NA	NA	0.00131291	NA	NA	NA	NA	NA	NA	NA	NA	NA	NA	NA	NA	NA	NA	NA	NA	NA	NA	NA	NA	NA	0.00241769	NA	NA	0.00109751	NA	NA	NA	NA
Rat8_bin.49	0.00208517	0.00243560	0.00343998	0.00333070	NA	0.00269757	0.00246560	0.00243371	0.00402800	0.00225550	0.00287311	0.00535513	0.00389569	NA	NA	0.00287445	NA	NA	NA	0.00232474	NA	NA	0.00255570	0.00314180	NA	NA	0.00388245	NA	NA	NA	NA	NA	NA	NA	NA	NA	NA	NA	NA	0.00441701	NA	NA	NA	NA	NA	0.00459545	0.00219797	0.00403960	0.00470386	NA	0.00220227	NA	NA
Rat8_bin.5	NA	NA	NA	0.00065160	NA	NA	NA	NA	0.00169362	NA	NA	NA	NA	NA	NA	NA	NA	NA	NA	NA	NA	NA	NA	0.00084559	NA	NA	NA	NA	NA	NA	NA	NA	NA	NA	NA	NA	NA	NA	NA	NA	NA	NA	NA	NA	NA	NA	0.00111382	NA	NA	NA	NA	NA	0.00177030
Rat8_bin.50	NA	NA	NA	0.00051312	NA	NA	NA	NA	0.00091922	NA	NA	NA	NA	0.00328960	NA	NA	NA	NA	NA	NA	NA	NA	NA	NA	0.00131844	NA	NA	NA	NA	NA	NA	0.00098863	NA	NA	NA	NA	NA	NA	NA	NA	NA	NA	NA	NA	NA	NA	NA	NA	NA	NA	NA	NA	NA
Rat8_bin.51	NA	NA	NA	0.00069951	NA	NA	NA	NA	0.00188464	NA	NA	NA	0.00169218	NA	NA	NA	NA	NA	0.00137560	NA	NA	NA	NA	NA	NA	NA	NA	NA	NA	NA	NA	NA	NA	NA	NA	NA	NA	NA	NA	NA	NA	NA	NA	NA	NA	NA	NA	NA	NA	NA	NA	NA	NA
Rat8_bin.52	0.00860321	0.00506619	NA	0.00098861	NA	NA	0.00896759	0.00685937	0.00104995	0.00563922	0.00169199	0.00314271	NA	0.00541080	0.00065502	NA	NA	0.00132121	NA	NA	NA	0.00890990	NA	NA	NA	0.00866743	NA	NA	NA	NA	0.00244639	0.00384306	NA	NA	NA	NA	NA	NA	NA	NA	NA	NA	NA	NA	NA	NA	NA	NA	NA	NA	NA	NA	NA
Rat8_bin.55	NA	NA	0.01563708	0.00155553	NA	NA	NA	NA	NA	NA	0.01900714	NA	NA	NA	NA	NA	NA	NA	NA	NA	NA	NA	NA	NA	NA	NA	NA	NA	NA	NA	NA	NA	NA	NA	NA	0.00995915	0.01057034	NA	NA	NA	0.01149133	NA	NA	NA	NA	NA	NA	NA	NA	NA	NA	NA	NA
Rat8_bin.57	NA	NA	0.00033761	0.00062166	NA	NA	NA	NA	0.00083321	NA	NA	0.00041806	0.00054940	NA	NA	NA	0.00059550	NA	NA	NA	NA	NA	NA	NA	NA	NA	NA	0.00035307	NA	NA	NA	NA	NA	NA	NA	NA	NA	NA	NA	NA	NA	NA	NA	NA	NA	NA	0.00096636	NA	NA	NA	NA	NA	NA
Rat8_bin.58	NA	NA	0.01619634	0.00222069	NA	NA	NA	NA	0.00423584	NA	0.01625371	0.01554849	0.01153459	NA	0.01281213	NA	0.01464760	0.01233922	NA	NA	NA	NA	NA	NA	NA	NA	NA	NA	NA	NA	NA	NA	NA	NA	NA	NA	NA	NA	NA	NA	NA	NA	NA	NA	NA	NA	NA	NA	NA	NA	NA	NA	NA
Rat8_bin.59	NA	NA	NA	0.00069977	NA	NA	NA	NA	0.00102774	NA	NA	NA	0.00101321	NA	NA	NA	0.00095957	NA	NA	NA	NA	NA	NA	NA	NA	NA	NA	NA	NA	NA	NA	NA	NA	NA	NA	NA	NA	NA	NA	0.00098344	NA	NA	NA	NA	NA	NA	NA	NA	NA	NA	NA	NA	0.00028141
Rat8_bin.6	NA	NA	NA	0.00069974	NA	NA	NA	NA	NA	NA	NA	NA	NA	NA	NA	NA	NA	NA	NA	NA	NA	NA	NA	NA	NA	NA	NA	NA	NA	NA	NA	NA	NA	NA	NA	NA	NA	NA	NA	NA	NA	NA	NA	NA	NA	NA	NA	NA	NA	NA	NA	NA	NA
Rat8_bin.61	NA	NA	NA	0.00044539	NA	NA	NA	NA	NA	NA	NA	NA	NA	NA	NA	NA	NA	NA	NA	NA	NA	NA	NA	NA	NA	NA	NA	NA	NA	NA	NA	NA	NA	NA	NA	NA	NA	NA	NA	NA	NA	NA	NA	NA	NA	NA	NA	NA	NA	NA	NA	NA	NA
Rat8_bin.62	NA	NA	NA	0.00362764	NA	NA	NA	NA	0.00169917	NA	0.00187141	0.00188965	NA	NA	0.00058265	NA	0.00112213	NA	NA	NA	NA	NA	NA	NA	NA	NA	NA	0.00295159	NA	NA	0.00466565	NA	NA	NA	NA	NA	NA	NA	NA	NA	NA	NA	NA	NA	NA	NA	NA	NA	NA	NA	NA	NA	NA
Rat8_bin.63	0.00530651	0.00331447	0.00267562	0.00129657	0.00069607	0.00410714	0.00144171	NA	0.00114733	NA	NA	0.00091806	0.00097936	NA	NA	NA	NA	NA	NA	0.00136838	NA	NA	NA	NA	NA	NA	NA	NA	NA	NA	NA	NA	NA	NA	NA	NA	NA	NA	NA	0.00116577	NA	0.00062121	NA	NA	NA	0.00136459	NA	0.00542721	NA	NA	NA	NA	NA
Rat8_bin.64	NA	NA	NA	0.00324914	NA	NA	NA	NA	0.00258632	NA	0.00326892	NA	NA	NA	NA	NA	NA	0.00178616	NA	NA	NA	NA	NA	NA	NA	NA	NA	NA	0.00103901	NA	0.00062130	NA	NA	NA	NA	NA	NA	NA	NA	NA	0.00172101	NA	NA	NA	NA	NA	NA	NA	NA	NA	NA	NA	NA
Rat8_bin.65	NA	NA	NA	0.00040035	NA	NA	NA	NA	NA	NA	NA	NA	NA	NA	NA	NA	NA	NA	NA	NA	NA	NA	NA	NA	NA	NA	NA	NA	NA	NA	NA	NA	NA	NA	NA	NA	NA	NA	NA	NA	NA	NA	NA	NA	NA	NA	NA	NA	NA	NA	NA	NA	NA
Rat8_bin.67	NA	0.00176212	NA	0.00057311	NA	NA	0.00082697	0.00137690	0.00554950	NA	NA	0.00095279	0.00112286	NA	0.00163305	0.00074771	NA	NA	0.00102406	NA	0.00229460	0.00183215	0.00227562	NA	NA	NA	0.00119209	NA	NA	NA	0.00606405	NA	NA	NA	NA	NA	NA	NA	NA	NA	NA	NA	NA	NA	NA	NA	NA	0.00402760	NA	NA	NA	NA	NA
Rat8_bin.68	NA	0.00658645	NA	0.00159496	NA	NA	0.00804738	0.00793331	0.00263584	NA	NA	0.00223222	NA	0.00823110	0.00069553	NA	NA	0.00058967	NA	NA	NA	NA	NA	NA	NA	NA	NA	NA	NA	NA	0.00719473	NA	NA	NA	NA	NA	NA	NA	NA	NA	NA	NA	NA	NA	NA	NA	NA	NA	NA	NA	NA	NA	NA
Rat8_bin.69	NA	NA	NA	0.00038669	NA	NA	NA	NA	NA	NA	NA	0.00054683	NA	NA	NA	NA	NA	NA	NA	0.00051887	NA	NA	NA	NA	NA	NA	NA	NA	NA	NA	NA	NA	NA	NA	NA	NA	NA	NA	NA	NA	NA	NA	NA	NA	NA	NA	NA	NA	NA	NA	NA	NA	NA
Rat8_bin.7	NA	NA	NA	0.00094469	NA	NA	NA	NA	0.01025499	NA	NA	NA	NA	NA	NA	NA	NA	NA	NA	NA	NA	NA	NA	NA	NA	NA	NA	0.00996212	NA	NA	NA	NA	NA	NA	NA	NA	NA	NA	NA	NA	0.00320879	NA	NA	NA	NA	NA	NA	NA	NA	NA	NA	NA	NA
Rat8_bin.70	NA	NA	0.00351147	0.00064760	NA	NA	NA	NA	0.00104494	NA	0.00193276	0.00078453	NA	NA	NA	NA	NA	NA	NA	NA	NA	NA	NA	NA	NA	NA	NA	NA	NA	NA	NA	NA	NA	NA	NA	NA	NA	NA	NA	NA	NA	NA	NA	NA	NA	NA	0.00149672	NA	NA	NA	NA	NA	NA
Rat8_bin.71	0.00337365	0.01203918	NA	0.00227645	NA	0.00403728	NA	NA	NA	NA	NA	0.00309632	NA	NA	NA	NA	0.00832151	NA	NA	NA	NA	NA	NA	NA	NA	NA	NA	NA	NA	NA	NA	NA	NA	NA	NA	NA	NA	NA	NA	NA	NA	NA	NA	0.01451092	NA	NA	NA	NA	0.00216138	0.00556049	NA	NA	NA
Rat8_bin.73	NA	NA	0.00064171	0.00061836	NA	NA	NA	NA	NA	NA	NA	0.00074139	0.00049191	NA	NA	NA	NA	NA	NA	NA	NA	NA	NA	NA	NA	NA	NA	0.00073218	NA	0.00052719	0.00110951	NA	0.00072448	0.00061614	NA	NA	NA	NA	NA	NA	NA	NA	NA	NA	NA	NA	NA	NA	0.00095866	NA	NA	NA	NA
Rat8_bin.74	NA	0.00485475	NA	0.00051631	NA	NA	0.00191270	NA	0.00109604	NA	0.00463215	NA	0.00146360	NA	NA	NA	NA	NA	NA	NA	NA	NA	NA	NA	NA	NA	NA	NA	NA	NA	NA	NA	NA	NA	NA	NA	NA	NA	0.00121351	NA	NA	NA	NA	NA	NA	NA	NA	NA	NA	NA	NA	NA	NA
Rat8_bin.75	NA	NA	NA	0.00072821	NA	NA	NA	NA	0.00141685	NA	NA	NA	0.00130941	NA	NA	NA	NA	NA	NA	0.00031444	NA	NA	NA	NA	NA	NA	NA	NA	NA	NA	NA	NA	NA	NA	NA	NA	NA	NA	NA	NA	NA	NA	NA	NA	NA	NA	NA	NA	NA	NA	NA	NA	NA
Rat8_bin.77	NA	NA	0.00499015	0.00753572	NA	NA	NA	NA	0.01139684	NA	0.01293251	NA	0.00847669	NA	NA	NA	NA	NA	NA	0.00339817	NA	NA	NA	NA	NA	NA	NA	NA	NA	NA	NA	NA	NA	NA	NA	NA	NA	NA	NA	NA	0.01004444	NA	0.01215451	NA	NA	NA	NA	NA	NA	NA	NA	NA	NA
Rat8_bin.78	NA	NA	NA	0.00177139	NA	NA	NA	NA	0.00349477	NA	NA	NA	0.00191946	NA	0.00067786	NA	NA	0.00074463	NA	0.00163423	NA	NA	NA	NA	NA	NA	NA	NA	NA	NA	NA	NA	NA	NA	NA	NA	NA	NA	NA	NA	NA	NA	NA	NA	NA	NA	NA	NA	NA	NA	NA	NA	NA
Rat8_bin.79	0.01035811	0.00684087	NA	0.00054287	NA	NA	0.01127571	0.00373894	NA	NA	NA	NA	0.00043989	0.00295734	NA	0.01250628	NA	NA	NA	NA	0.01058906	0.00570524	0.01121255	NA	NA	NA	0.01392317	NA	NA	NA	NA	NA	NA	NA	NA	NA	NA	NA	NA	NA	NA	NA	NA	NA	NA	NA	NA	NA	NA	NA	NA	NA	NA
Rat8_bin.8	0.00142827	NA	NA	0.00062875	NA	NA	NA	NA	NA	NA	NA	0.00074560	0.00052353	NA	NA	NA	0.00104931	NA	NA	NA	NA	NA	NA	NA	NA	NA	NA	NA	NA	NA	NA	NA	NA	NA	NA	NA	NA	NA	NA	NA	NA	NA	NA	NA	NA	NA	NA	NA	NA	NA	NA	NA	NA
Rat8_bin.80	0.03420692	0.02884590	0.01647914	0.00267984	0.01807116	NA	NA	NA	NA	NA	0.00864823	NA	0.01170206	0.03351221	0.01929701	NA	NA	NA	0.03497789	NA	0.03233166	0.03409585	NA	0.03389738	NA	0.03481211	NA	NA	0.01184200	0.01829066	0.01731657	0.01314285	0.01705213	0.01706515	0.01832352	0.03310271	0.03522103	0.01780735	NA	NA	NA	0.01974945	0.01950437	NA	0.01817716	0.01079019	0.01600198	NA	0.00841919	NA	0.01936989	NA	NA
Rat8_bin.9	NA	NA	NA	0.00079425	NA	NA	NA	NA	0.00180743	NA	NA	NA	NA	NA	NA	NA	NA	NA	NA	NA	NA	NA	NA	NA	NA	NA	NA	NA	NA	NA	NA	NA	NA	NA	NA	NA	NA	NA	NA	NA	NA	NA	NA	NA	NA	NA	NA	NA	NA	NA	NA	NA	NA
